TRUNCATE TABLE `ocksena_address`;



TRUNCATE TABLE `ocksena_affiliate`;



TRUNCATE TABLE `ocksena_affiliate_transaction`;



TRUNCATE TABLE `ocksena_attribute`;

INSERT INTO `ocksena_attribute` (`attribute_id`, `attribute_group_id`, `sort_order`) VALUES ('1', '6', '1');
INSERT INTO `ocksena_attribute` (`attribute_id`, `attribute_group_id`, `sort_order`) VALUES ('2', '6', '5');
INSERT INTO `ocksena_attribute` (`attribute_id`, `attribute_group_id`, `sort_order`) VALUES ('3', '6', '3');
INSERT INTO `ocksena_attribute` (`attribute_id`, `attribute_group_id`, `sort_order`) VALUES ('4', '3', '1');
INSERT INTO `ocksena_attribute` (`attribute_id`, `attribute_group_id`, `sort_order`) VALUES ('5', '3', '2');
INSERT INTO `ocksena_attribute` (`attribute_id`, `attribute_group_id`, `sort_order`) VALUES ('6', '3', '3');
INSERT INTO `ocksena_attribute` (`attribute_id`, `attribute_group_id`, `sort_order`) VALUES ('7', '3', '4');
INSERT INTO `ocksena_attribute` (`attribute_id`, `attribute_group_id`, `sort_order`) VALUES ('8', '3', '5');
INSERT INTO `ocksena_attribute` (`attribute_id`, `attribute_group_id`, `sort_order`) VALUES ('9', '3', '6');
INSERT INTO `ocksena_attribute` (`attribute_id`, `attribute_group_id`, `sort_order`) VALUES ('10', '3', '7');
INSERT INTO `ocksena_attribute` (`attribute_id`, `attribute_group_id`, `sort_order`) VALUES ('11', '3', '8');


TRUNCATE TABLE `ocksena_attribute_description`;

INSERT INTO `ocksena_attribute_description` (`attribute_id`, `language_id`, `name`) VALUES ('1', '1', 'Description');
INSERT INTO `ocksena_attribute_description` (`attribute_id`, `language_id`, `name`) VALUES ('2', '1', 'No. of Cores');
INSERT INTO `ocksena_attribute_description` (`attribute_id`, `language_id`, `name`) VALUES ('4', '1', 'test 1');
INSERT INTO `ocksena_attribute_description` (`attribute_id`, `language_id`, `name`) VALUES ('5', '1', 'test 2');
INSERT INTO `ocksena_attribute_description` (`attribute_id`, `language_id`, `name`) VALUES ('6', '1', 'test 3');
INSERT INTO `ocksena_attribute_description` (`attribute_id`, `language_id`, `name`) VALUES ('7', '1', 'test 4');
INSERT INTO `ocksena_attribute_description` (`attribute_id`, `language_id`, `name`) VALUES ('8', '1', 'test 5');
INSERT INTO `ocksena_attribute_description` (`attribute_id`, `language_id`, `name`) VALUES ('9', '1', 'test 6');
INSERT INTO `ocksena_attribute_description` (`attribute_id`, `language_id`, `name`) VALUES ('10', '1', 'test 7');
INSERT INTO `ocksena_attribute_description` (`attribute_id`, `language_id`, `name`) VALUES ('11', '1', 'test 8');
INSERT INTO `ocksena_attribute_description` (`attribute_id`, `language_id`, `name`) VALUES ('3', '1', 'Clockspeed');
INSERT INTO `ocksena_attribute_description` (`attribute_id`, `language_id`, `name`) VALUES ('1', '2', 'Description');
INSERT INTO `ocksena_attribute_description` (`attribute_id`, `language_id`, `name`) VALUES ('2', '2', 'No. of Cores');
INSERT INTO `ocksena_attribute_description` (`attribute_id`, `language_id`, `name`) VALUES ('4', '2', 'test 1');
INSERT INTO `ocksena_attribute_description` (`attribute_id`, `language_id`, `name`) VALUES ('5', '2', 'test 2');
INSERT INTO `ocksena_attribute_description` (`attribute_id`, `language_id`, `name`) VALUES ('6', '2', 'test 3');
INSERT INTO `ocksena_attribute_description` (`attribute_id`, `language_id`, `name`) VALUES ('7', '2', 'test 4');
INSERT INTO `ocksena_attribute_description` (`attribute_id`, `language_id`, `name`) VALUES ('8', '2', 'test 5');
INSERT INTO `ocksena_attribute_description` (`attribute_id`, `language_id`, `name`) VALUES ('9', '2', 'test 6');
INSERT INTO `ocksena_attribute_description` (`attribute_id`, `language_id`, `name`) VALUES ('10', '2', 'test 7');
INSERT INTO `ocksena_attribute_description` (`attribute_id`, `language_id`, `name`) VALUES ('11', '2', 'test 8');
INSERT INTO `ocksena_attribute_description` (`attribute_id`, `language_id`, `name`) VALUES ('3', '2', 'Clockspeed');
INSERT INTO `ocksena_attribute_description` (`attribute_id`, `language_id`, `name`) VALUES ('1', '3', 'Description');
INSERT INTO `ocksena_attribute_description` (`attribute_id`, `language_id`, `name`) VALUES ('2', '3', 'No. of Cores');
INSERT INTO `ocksena_attribute_description` (`attribute_id`, `language_id`, `name`) VALUES ('4', '3', 'test 1');
INSERT INTO `ocksena_attribute_description` (`attribute_id`, `language_id`, `name`) VALUES ('5', '3', 'test 2');
INSERT INTO `ocksena_attribute_description` (`attribute_id`, `language_id`, `name`) VALUES ('6', '3', 'test 3');
INSERT INTO `ocksena_attribute_description` (`attribute_id`, `language_id`, `name`) VALUES ('7', '3', 'test 4');
INSERT INTO `ocksena_attribute_description` (`attribute_id`, `language_id`, `name`) VALUES ('8', '3', 'test 5');
INSERT INTO `ocksena_attribute_description` (`attribute_id`, `language_id`, `name`) VALUES ('9', '3', 'test 6');
INSERT INTO `ocksena_attribute_description` (`attribute_id`, `language_id`, `name`) VALUES ('10', '3', 'test 7');
INSERT INTO `ocksena_attribute_description` (`attribute_id`, `language_id`, `name`) VALUES ('11', '3', 'test 8');
INSERT INTO `ocksena_attribute_description` (`attribute_id`, `language_id`, `name`) VALUES ('3', '3', 'Clockspeed');
INSERT INTO `ocksena_attribute_description` (`attribute_id`, `language_id`, `name`) VALUES ('1', '4', 'Description');
INSERT INTO `ocksena_attribute_description` (`attribute_id`, `language_id`, `name`) VALUES ('2', '4', 'No. of Cores');
INSERT INTO `ocksena_attribute_description` (`attribute_id`, `language_id`, `name`) VALUES ('4', '4', 'test 1');
INSERT INTO `ocksena_attribute_description` (`attribute_id`, `language_id`, `name`) VALUES ('5', '4', 'test 2');
INSERT INTO `ocksena_attribute_description` (`attribute_id`, `language_id`, `name`) VALUES ('6', '4', 'test 3');
INSERT INTO `ocksena_attribute_description` (`attribute_id`, `language_id`, `name`) VALUES ('7', '4', 'test 4');
INSERT INTO `ocksena_attribute_description` (`attribute_id`, `language_id`, `name`) VALUES ('8', '4', 'test 5');
INSERT INTO `ocksena_attribute_description` (`attribute_id`, `language_id`, `name`) VALUES ('9', '4', 'test 6');
INSERT INTO `ocksena_attribute_description` (`attribute_id`, `language_id`, `name`) VALUES ('10', '4', 'test 7');
INSERT INTO `ocksena_attribute_description` (`attribute_id`, `language_id`, `name`) VALUES ('11', '4', 'test 8');
INSERT INTO `ocksena_attribute_description` (`attribute_id`, `language_id`, `name`) VALUES ('3', '4', 'Clockspeed');


TRUNCATE TABLE `ocksena_attribute_group`;

INSERT INTO `ocksena_attribute_group` (`attribute_group_id`, `sort_order`) VALUES ('3', '2');
INSERT INTO `ocksena_attribute_group` (`attribute_group_id`, `sort_order`) VALUES ('4', '1');
INSERT INTO `ocksena_attribute_group` (`attribute_group_id`, `sort_order`) VALUES ('5', '3');
INSERT INTO `ocksena_attribute_group` (`attribute_group_id`, `sort_order`) VALUES ('6', '4');


TRUNCATE TABLE `ocksena_attribute_group_description`;

INSERT INTO `ocksena_attribute_group_description` (`attribute_group_id`, `language_id`, `name`) VALUES ('3', '1', 'Memory');
INSERT INTO `ocksena_attribute_group_description` (`attribute_group_id`, `language_id`, `name`) VALUES ('4', '1', 'Technical');
INSERT INTO `ocksena_attribute_group_description` (`attribute_group_id`, `language_id`, `name`) VALUES ('5', '1', 'Motherboard');
INSERT INTO `ocksena_attribute_group_description` (`attribute_group_id`, `language_id`, `name`) VALUES ('6', '1', 'Processor');
INSERT INTO `ocksena_attribute_group_description` (`attribute_group_id`, `language_id`, `name`) VALUES ('3', '2', 'Memory');
INSERT INTO `ocksena_attribute_group_description` (`attribute_group_id`, `language_id`, `name`) VALUES ('4', '2', 'Technical');
INSERT INTO `ocksena_attribute_group_description` (`attribute_group_id`, `language_id`, `name`) VALUES ('5', '2', 'Motherboard');
INSERT INTO `ocksena_attribute_group_description` (`attribute_group_id`, `language_id`, `name`) VALUES ('6', '2', 'Processor');
INSERT INTO `ocksena_attribute_group_description` (`attribute_group_id`, `language_id`, `name`) VALUES ('3', '3', 'Memory');
INSERT INTO `ocksena_attribute_group_description` (`attribute_group_id`, `language_id`, `name`) VALUES ('4', '3', 'Technical');
INSERT INTO `ocksena_attribute_group_description` (`attribute_group_id`, `language_id`, `name`) VALUES ('5', '3', 'Motherboard');
INSERT INTO `ocksena_attribute_group_description` (`attribute_group_id`, `language_id`, `name`) VALUES ('6', '3', 'Processor');
INSERT INTO `ocksena_attribute_group_description` (`attribute_group_id`, `language_id`, `name`) VALUES ('3', '4', 'Memory');
INSERT INTO `ocksena_attribute_group_description` (`attribute_group_id`, `language_id`, `name`) VALUES ('4', '4', 'Technical');
INSERT INTO `ocksena_attribute_group_description` (`attribute_group_id`, `language_id`, `name`) VALUES ('5', '4', 'Motherboard');
INSERT INTO `ocksena_attribute_group_description` (`attribute_group_id`, `language_id`, `name`) VALUES ('6', '4', 'Processor');


TRUNCATE TABLE `ocksena_banner`;

INSERT INTO `ocksena_banner` (`banner_id`, `name`, `status`) VALUES ('6', 'HP Products', '1');
INSERT INTO `ocksena_banner` (`banner_id`, `name`, `status`) VALUES ('7', 'Samsung Tab', '1');
INSERT INTO `ocksena_banner` (`banner_id`, `name`, `status`) VALUES ('8', 'Manufacturers', '1');
INSERT INTO `ocksena_banner` (`banner_id`, `name`, `status`) VALUES ('9', 'Dresses', '1');


TRUNCATE TABLE `ocksena_banner_image`;

INSERT INTO `ocksena_banner_image` (`banner_image_id`, `banner_id`, `link`, `image`) VALUES ('54', '7', 'index.php?route=product/product&amp;path=57&amp;product_id=49', 'data/demo/samsung_banner.jpg');
INSERT INTO `ocksena_banner_image` (`banner_image_id`, `banner_id`, `link`, `image`) VALUES ('77', '6', 'index.php?route=product/manufacturer/info&amp;manufacturer_id=7', 'data/demo/hp_banner.jpg');
INSERT INTO `ocksena_banner_image` (`banner_image_id`, `banner_id`, `link`, `image`) VALUES ('75', '8', 'index.php?route=product/manufacturer/info&amp;manufacturer_id=5', 'data/demo/htc_logo.jpg');
INSERT INTO `ocksena_banner_image` (`banner_image_id`, `banner_id`, `link`, `image`) VALUES ('73', '8', 'index.php?route=product/manufacturer/info&amp;manufacturer_id=8', 'data/demo/apple_logo.jpg');
INSERT INTO `ocksena_banner_image` (`banner_image_id`, `banner_id`, `link`, `image`) VALUES ('74', '8', 'index.php?route=product/manufacturer/info&amp;manufacturer_id=9', 'data/demo/canon_logo.jpg');
INSERT INTO `ocksena_banner_image` (`banner_image_id`, `banner_id`, `link`, `image`) VALUES ('71', '8', 'index.php?route=product/manufacturer/info&amp;manufacturer_id=10', 'data/demo/sony_logo.jpg');
INSERT INTO `ocksena_banner_image` (`banner_image_id`, `banner_id`, `link`, `image`) VALUES ('72', '8', 'index.php?route=product/manufacturer/info&amp;manufacturer_id=6', 'data/demo/palm_logo.jpg');
INSERT INTO `ocksena_banner_image` (`banner_image_id`, `banner_id`, `link`, `image`) VALUES ('76', '8', 'index.php?route=product/manufacturer/info&amp;manufacturer_id=7', 'data/demo/hp_logo.jpg');
INSERT INTO `ocksena_banner_image` (`banner_image_id`, `banner_id`, `link`, `image`) VALUES ('88', '9', '', 'data/demo/4.jpg');
INSERT INTO `ocksena_banner_image` (`banner_image_id`, `banner_id`, `link`, `image`) VALUES ('87', '9', '', 'data/demo/3.jpg');
INSERT INTO `ocksena_banner_image` (`banner_image_id`, `banner_id`, `link`, `image`) VALUES ('86', '9', '', 'data/demo/2.jpg');
INSERT INTO `ocksena_banner_image` (`banner_image_id`, `banner_id`, `link`, `image`) VALUES ('85', '9', '', 'data/demo/1.jpg');
INSERT INTO `ocksena_banner_image` (`banner_image_id`, `banner_id`, `link`, `image`) VALUES ('89', '9', '', 'data/demo/5.jpg');
INSERT INTO `ocksena_banner_image` (`banner_image_id`, `banner_id`, `link`, `image`) VALUES ('90', '9', '', 'data/demo/6.jpg');


TRUNCATE TABLE `ocksena_banner_image_description`;

INSERT INTO `ocksena_banner_image_description` (`banner_image_id`, `language_id`, `banner_id`, `title`) VALUES ('54', '1', '7', 'Samsung Tab 10.1');
INSERT INTO `ocksena_banner_image_description` (`banner_image_id`, `language_id`, `banner_id`, `title`) VALUES ('77', '1', '6', 'HP Banner');
INSERT INTO `ocksena_banner_image_description` (`banner_image_id`, `language_id`, `banner_id`, `title`) VALUES ('75', '1', '8', 'HTC');
INSERT INTO `ocksena_banner_image_description` (`banner_image_id`, `language_id`, `banner_id`, `title`) VALUES ('74', '1', '8', 'Canon');
INSERT INTO `ocksena_banner_image_description` (`banner_image_id`, `language_id`, `banner_id`, `title`) VALUES ('73', '1', '8', 'Apple');
INSERT INTO `ocksena_banner_image_description` (`banner_image_id`, `language_id`, `banner_id`, `title`) VALUES ('72', '1', '8', 'Palm');
INSERT INTO `ocksena_banner_image_description` (`banner_image_id`, `language_id`, `banner_id`, `title`) VALUES ('71', '1', '8', 'Sony');
INSERT INTO `ocksena_banner_image_description` (`banner_image_id`, `language_id`, `banner_id`, `title`) VALUES ('76', '1', '8', 'Hewlett-Packard');
INSERT INTO `ocksena_banner_image_description` (`banner_image_id`, `language_id`, `banner_id`, `title`) VALUES ('88', '1', '9', '44');
INSERT INTO `ocksena_banner_image_description` (`banner_image_id`, `language_id`, `banner_id`, `title`) VALUES ('87', '1', '9', '33');
INSERT INTO `ocksena_banner_image_description` (`banner_image_id`, `language_id`, `banner_id`, `title`) VALUES ('86', '1', '9', '22');
INSERT INTO `ocksena_banner_image_description` (`banner_image_id`, `language_id`, `banner_id`, `title`) VALUES ('85', '1', '9', '11');
INSERT INTO `ocksena_banner_image_description` (`banner_image_id`, `language_id`, `banner_id`, `title`) VALUES ('89', '1', '9', '55');
INSERT INTO `ocksena_banner_image_description` (`banner_image_id`, `language_id`, `banner_id`, `title`) VALUES ('90', '1', '9', '66');
INSERT INTO `ocksena_banner_image_description` (`banner_image_id`, `language_id`, `banner_id`, `title`) VALUES ('54', '2', '7', 'Samsung Tab 10.1');
INSERT INTO `ocksena_banner_image_description` (`banner_image_id`, `language_id`, `banner_id`, `title`) VALUES ('77', '2', '6', 'HP Banner');
INSERT INTO `ocksena_banner_image_description` (`banner_image_id`, `language_id`, `banner_id`, `title`) VALUES ('75', '2', '8', 'HTC');
INSERT INTO `ocksena_banner_image_description` (`banner_image_id`, `language_id`, `banner_id`, `title`) VALUES ('74', '2', '8', 'Canon');
INSERT INTO `ocksena_banner_image_description` (`banner_image_id`, `language_id`, `banner_id`, `title`) VALUES ('73', '2', '8', 'Apple');
INSERT INTO `ocksena_banner_image_description` (`banner_image_id`, `language_id`, `banner_id`, `title`) VALUES ('72', '2', '8', 'Palm');
INSERT INTO `ocksena_banner_image_description` (`banner_image_id`, `language_id`, `banner_id`, `title`) VALUES ('71', '2', '8', 'Sony');
INSERT INTO `ocksena_banner_image_description` (`banner_image_id`, `language_id`, `banner_id`, `title`) VALUES ('76', '2', '8', 'Hewlett-Packard');
INSERT INTO `ocksena_banner_image_description` (`banner_image_id`, `language_id`, `banner_id`, `title`) VALUES ('88', '2', '9', '44');
INSERT INTO `ocksena_banner_image_description` (`banner_image_id`, `language_id`, `banner_id`, `title`) VALUES ('87', '2', '9', '33');
INSERT INTO `ocksena_banner_image_description` (`banner_image_id`, `language_id`, `banner_id`, `title`) VALUES ('86', '2', '9', '22');
INSERT INTO `ocksena_banner_image_description` (`banner_image_id`, `language_id`, `banner_id`, `title`) VALUES ('85', '2', '9', '11');
INSERT INTO `ocksena_banner_image_description` (`banner_image_id`, `language_id`, `banner_id`, `title`) VALUES ('89', '2', '9', '55');
INSERT INTO `ocksena_banner_image_description` (`banner_image_id`, `language_id`, `banner_id`, `title`) VALUES ('90', '2', '9', '66');
INSERT INTO `ocksena_banner_image_description` (`banner_image_id`, `language_id`, `banner_id`, `title`) VALUES ('54', '3', '7', 'Samsung Tab 10.1');
INSERT INTO `ocksena_banner_image_description` (`banner_image_id`, `language_id`, `banner_id`, `title`) VALUES ('77', '3', '6', 'HP Banner');
INSERT INTO `ocksena_banner_image_description` (`banner_image_id`, `language_id`, `banner_id`, `title`) VALUES ('75', '3', '8', 'HTC');
INSERT INTO `ocksena_banner_image_description` (`banner_image_id`, `language_id`, `banner_id`, `title`) VALUES ('74', '3', '8', 'Canon');
INSERT INTO `ocksena_banner_image_description` (`banner_image_id`, `language_id`, `banner_id`, `title`) VALUES ('73', '3', '8', 'Apple');
INSERT INTO `ocksena_banner_image_description` (`banner_image_id`, `language_id`, `banner_id`, `title`) VALUES ('72', '3', '8', 'Palm');
INSERT INTO `ocksena_banner_image_description` (`banner_image_id`, `language_id`, `banner_id`, `title`) VALUES ('71', '3', '8', 'Sony');
INSERT INTO `ocksena_banner_image_description` (`banner_image_id`, `language_id`, `banner_id`, `title`) VALUES ('76', '3', '8', 'Hewlett-Packard');
INSERT INTO `ocksena_banner_image_description` (`banner_image_id`, `language_id`, `banner_id`, `title`) VALUES ('88', '3', '9', '44');
INSERT INTO `ocksena_banner_image_description` (`banner_image_id`, `language_id`, `banner_id`, `title`) VALUES ('87', '3', '9', '33');
INSERT INTO `ocksena_banner_image_description` (`banner_image_id`, `language_id`, `banner_id`, `title`) VALUES ('86', '3', '9', '22');
INSERT INTO `ocksena_banner_image_description` (`banner_image_id`, `language_id`, `banner_id`, `title`) VALUES ('85', '3', '9', '11');
INSERT INTO `ocksena_banner_image_description` (`banner_image_id`, `language_id`, `banner_id`, `title`) VALUES ('89', '3', '9', '55');
INSERT INTO `ocksena_banner_image_description` (`banner_image_id`, `language_id`, `banner_id`, `title`) VALUES ('90', '3', '9', '66');
INSERT INTO `ocksena_banner_image_description` (`banner_image_id`, `language_id`, `banner_id`, `title`) VALUES ('54', '4', '7', 'Samsung Tab 10.1');
INSERT INTO `ocksena_banner_image_description` (`banner_image_id`, `language_id`, `banner_id`, `title`) VALUES ('77', '4', '6', 'HP Banner');
INSERT INTO `ocksena_banner_image_description` (`banner_image_id`, `language_id`, `banner_id`, `title`) VALUES ('75', '4', '8', 'HTC');
INSERT INTO `ocksena_banner_image_description` (`banner_image_id`, `language_id`, `banner_id`, `title`) VALUES ('74', '4', '8', 'Canon');
INSERT INTO `ocksena_banner_image_description` (`banner_image_id`, `language_id`, `banner_id`, `title`) VALUES ('73', '4', '8', 'Apple');
INSERT INTO `ocksena_banner_image_description` (`banner_image_id`, `language_id`, `banner_id`, `title`) VALUES ('72', '4', '8', 'Palm');
INSERT INTO `ocksena_banner_image_description` (`banner_image_id`, `language_id`, `banner_id`, `title`) VALUES ('71', '4', '8', 'Sony');
INSERT INTO `ocksena_banner_image_description` (`banner_image_id`, `language_id`, `banner_id`, `title`) VALUES ('76', '4', '8', 'Hewlett-Packard');
INSERT INTO `ocksena_banner_image_description` (`banner_image_id`, `language_id`, `banner_id`, `title`) VALUES ('88', '4', '9', '44');
INSERT INTO `ocksena_banner_image_description` (`banner_image_id`, `language_id`, `banner_id`, `title`) VALUES ('87', '4', '9', '33');
INSERT INTO `ocksena_banner_image_description` (`banner_image_id`, `language_id`, `banner_id`, `title`) VALUES ('86', '4', '9', '22');
INSERT INTO `ocksena_banner_image_description` (`banner_image_id`, `language_id`, `banner_id`, `title`) VALUES ('85', '4', '9', '11');
INSERT INTO `ocksena_banner_image_description` (`banner_image_id`, `language_id`, `banner_id`, `title`) VALUES ('89', '4', '9', '55');
INSERT INTO `ocksena_banner_image_description` (`banner_image_id`, `language_id`, `banner_id`, `title`) VALUES ('90', '4', '9', '66');


TRUNCATE TABLE `ocksena_category`;

INSERT INTO `ocksena_category` (`category_id`, `image`, `parent_id`, `top`, `column`, `sort_order`, `status`, `date_added`, `date_modified`) VALUES ('59', '', '0', '1', '1', '2', '1', '2016-10-18 12:25:43', '2016-11-03 12:46:16');


TRUNCATE TABLE `ocksena_category_description`;

INSERT INTO `ocksena_category_description` (`category_id`, `language_id`, `name`, `description`, `meta_description`, `meta_keyword`) VALUES ('59', '2', 'Коллекция', '', 'Свадебные платья', '');
INSERT INTO `ocksena_category_description` (`category_id`, `language_id`, `name`, `description`, `meta_description`, `meta_keyword`) VALUES ('59', '3', 'Sammlung', '', 'Hochzeitskleider', '');
INSERT INTO `ocksena_category_description` (`category_id`, `language_id`, `name`, `description`, `meta_description`, `meta_keyword`) VALUES ('59', '1', 'Collection', '', 'Wedding dresses', '');
INSERT INTO `ocksena_category_description` (`category_id`, `language_id`, `name`, `description`, `meta_description`, `meta_keyword`) VALUES ('59', '4', 'Колекція', '', 'Весільні сукні', '');


TRUNCATE TABLE `ocksena_category_filter`;



TRUNCATE TABLE `ocksena_category_path`;

INSERT INTO `ocksena_category_path` (`category_id`, `path_id`, `level`) VALUES ('59', '59', '0');


TRUNCATE TABLE `ocksena_category_to_layout`;



TRUNCATE TABLE `ocksena_category_to_store`;

INSERT INTO `ocksena_category_to_store` (`category_id`, `store_id`) VALUES ('59', '0');


TRUNCATE TABLE `ocksena_country`;

INSERT INTO `ocksena_country` (`country_id`, `name`, `iso_code_2`, `iso_code_3`, `address_format`, `postcode_required`, `status`) VALUES ('1', 'Afghanistan', 'AF', 'AFG', '', '0', '1');
INSERT INTO `ocksena_country` (`country_id`, `name`, `iso_code_2`, `iso_code_3`, `address_format`, `postcode_required`, `status`) VALUES ('2', 'Albania', 'AL', 'ALB', '', '0', '1');
INSERT INTO `ocksena_country` (`country_id`, `name`, `iso_code_2`, `iso_code_3`, `address_format`, `postcode_required`, `status`) VALUES ('3', 'Algeria', 'DZ', 'DZA', '', '0', '1');
INSERT INTO `ocksena_country` (`country_id`, `name`, `iso_code_2`, `iso_code_3`, `address_format`, `postcode_required`, `status`) VALUES ('4', 'American Samoa', 'AS', 'ASM', '', '0', '1');
INSERT INTO `ocksena_country` (`country_id`, `name`, `iso_code_2`, `iso_code_3`, `address_format`, `postcode_required`, `status`) VALUES ('5', 'Andorra', 'AD', 'AND', '', '0', '1');
INSERT INTO `ocksena_country` (`country_id`, `name`, `iso_code_2`, `iso_code_3`, `address_format`, `postcode_required`, `status`) VALUES ('6', 'Angola', 'AO', 'AGO', '', '0', '1');
INSERT INTO `ocksena_country` (`country_id`, `name`, `iso_code_2`, `iso_code_3`, `address_format`, `postcode_required`, `status`) VALUES ('7', 'Anguilla', 'AI', 'AIA', '', '0', '1');
INSERT INTO `ocksena_country` (`country_id`, `name`, `iso_code_2`, `iso_code_3`, `address_format`, `postcode_required`, `status`) VALUES ('8', 'Antarctica', 'AQ', 'ATA', '', '0', '1');
INSERT INTO `ocksena_country` (`country_id`, `name`, `iso_code_2`, `iso_code_3`, `address_format`, `postcode_required`, `status`) VALUES ('9', 'Antigua and Barbuda', 'AG', 'ATG', '', '0', '1');
INSERT INTO `ocksena_country` (`country_id`, `name`, `iso_code_2`, `iso_code_3`, `address_format`, `postcode_required`, `status`) VALUES ('10', 'Argentina', 'AR', 'ARG', '', '0', '1');
INSERT INTO `ocksena_country` (`country_id`, `name`, `iso_code_2`, `iso_code_3`, `address_format`, `postcode_required`, `status`) VALUES ('11', 'Armenia', 'AM', 'ARM', '', '0', '1');
INSERT INTO `ocksena_country` (`country_id`, `name`, `iso_code_2`, `iso_code_3`, `address_format`, `postcode_required`, `status`) VALUES ('12', 'Aruba', 'AW', 'ABW', '', '0', '1');
INSERT INTO `ocksena_country` (`country_id`, `name`, `iso_code_2`, `iso_code_3`, `address_format`, `postcode_required`, `status`) VALUES ('13', 'Australia', 'AU', 'AUS', '', '0', '1');
INSERT INTO `ocksena_country` (`country_id`, `name`, `iso_code_2`, `iso_code_3`, `address_format`, `postcode_required`, `status`) VALUES ('14', 'Austria', 'AT', 'AUT', '', '0', '1');
INSERT INTO `ocksena_country` (`country_id`, `name`, `iso_code_2`, `iso_code_3`, `address_format`, `postcode_required`, `status`) VALUES ('15', 'Azerbaijan', 'AZ', 'AZE', '', '0', '1');
INSERT INTO `ocksena_country` (`country_id`, `name`, `iso_code_2`, `iso_code_3`, `address_format`, `postcode_required`, `status`) VALUES ('16', 'Bahamas', 'BS', 'BHS', '', '0', '1');
INSERT INTO `ocksena_country` (`country_id`, `name`, `iso_code_2`, `iso_code_3`, `address_format`, `postcode_required`, `status`) VALUES ('17', 'Bahrain', 'BH', 'BHR', '', '0', '1');
INSERT INTO `ocksena_country` (`country_id`, `name`, `iso_code_2`, `iso_code_3`, `address_format`, `postcode_required`, `status`) VALUES ('18', 'Bangladesh', 'BD', 'BGD', '', '0', '1');
INSERT INTO `ocksena_country` (`country_id`, `name`, `iso_code_2`, `iso_code_3`, `address_format`, `postcode_required`, `status`) VALUES ('19', 'Barbados', 'BB', 'BRB', '', '0', '1');
INSERT INTO `ocksena_country` (`country_id`, `name`, `iso_code_2`, `iso_code_3`, `address_format`, `postcode_required`, `status`) VALUES ('20', 'Belarus', 'BY', 'BLR', '', '0', '1');
INSERT INTO `ocksena_country` (`country_id`, `name`, `iso_code_2`, `iso_code_3`, `address_format`, `postcode_required`, `status`) VALUES ('21', 'Belgium', 'BE', 'BEL', '{firstname} {lastname}\r\n{company}\r\n{address_1}\r\n{address_2}\r\n{postcode} {city}\r\n{country}', '0', '1');
INSERT INTO `ocksena_country` (`country_id`, `name`, `iso_code_2`, `iso_code_3`, `address_format`, `postcode_required`, `status`) VALUES ('22', 'Belize', 'BZ', 'BLZ', '', '0', '1');
INSERT INTO `ocksena_country` (`country_id`, `name`, `iso_code_2`, `iso_code_3`, `address_format`, `postcode_required`, `status`) VALUES ('23', 'Benin', 'BJ', 'BEN', '', '0', '1');
INSERT INTO `ocksena_country` (`country_id`, `name`, `iso_code_2`, `iso_code_3`, `address_format`, `postcode_required`, `status`) VALUES ('24', 'Bermuda', 'BM', 'BMU', '', '0', '1');
INSERT INTO `ocksena_country` (`country_id`, `name`, `iso_code_2`, `iso_code_3`, `address_format`, `postcode_required`, `status`) VALUES ('25', 'Bhutan', 'BT', 'BTN', '', '0', '1');
INSERT INTO `ocksena_country` (`country_id`, `name`, `iso_code_2`, `iso_code_3`, `address_format`, `postcode_required`, `status`) VALUES ('26', 'Bolivia', 'BO', 'BOL', '', '0', '1');
INSERT INTO `ocksena_country` (`country_id`, `name`, `iso_code_2`, `iso_code_3`, `address_format`, `postcode_required`, `status`) VALUES ('27', 'Bosnia and Herzegovina', 'BA', 'BIH', '', '0', '1');
INSERT INTO `ocksena_country` (`country_id`, `name`, `iso_code_2`, `iso_code_3`, `address_format`, `postcode_required`, `status`) VALUES ('28', 'Botswana', 'BW', 'BWA', '', '0', '1');
INSERT INTO `ocksena_country` (`country_id`, `name`, `iso_code_2`, `iso_code_3`, `address_format`, `postcode_required`, `status`) VALUES ('29', 'Bouvet Island', 'BV', 'BVT', '', '0', '1');
INSERT INTO `ocksena_country` (`country_id`, `name`, `iso_code_2`, `iso_code_3`, `address_format`, `postcode_required`, `status`) VALUES ('30', 'Brazil', 'BR', 'BRA', '', '0', '1');
INSERT INTO `ocksena_country` (`country_id`, `name`, `iso_code_2`, `iso_code_3`, `address_format`, `postcode_required`, `status`) VALUES ('31', 'British Indian Ocean Territory', 'IO', 'IOT', '', '0', '1');
INSERT INTO `ocksena_country` (`country_id`, `name`, `iso_code_2`, `iso_code_3`, `address_format`, `postcode_required`, `status`) VALUES ('32', 'Brunei Darussalam', 'BN', 'BRN', '', '0', '1');
INSERT INTO `ocksena_country` (`country_id`, `name`, `iso_code_2`, `iso_code_3`, `address_format`, `postcode_required`, `status`) VALUES ('33', 'Bulgaria', 'BG', 'BGR', '', '0', '1');
INSERT INTO `ocksena_country` (`country_id`, `name`, `iso_code_2`, `iso_code_3`, `address_format`, `postcode_required`, `status`) VALUES ('34', 'Burkina Faso', 'BF', 'BFA', '', '0', '1');
INSERT INTO `ocksena_country` (`country_id`, `name`, `iso_code_2`, `iso_code_3`, `address_format`, `postcode_required`, `status`) VALUES ('35', 'Burundi', 'BI', 'BDI', '', '0', '1');
INSERT INTO `ocksena_country` (`country_id`, `name`, `iso_code_2`, `iso_code_3`, `address_format`, `postcode_required`, `status`) VALUES ('36', 'Cambodia', 'KH', 'KHM', '', '0', '1');
INSERT INTO `ocksena_country` (`country_id`, `name`, `iso_code_2`, `iso_code_3`, `address_format`, `postcode_required`, `status`) VALUES ('37', 'Cameroon', 'CM', 'CMR', '', '0', '1');
INSERT INTO `ocksena_country` (`country_id`, `name`, `iso_code_2`, `iso_code_3`, `address_format`, `postcode_required`, `status`) VALUES ('38', 'Canada', 'CA', 'CAN', '', '0', '1');
INSERT INTO `ocksena_country` (`country_id`, `name`, `iso_code_2`, `iso_code_3`, `address_format`, `postcode_required`, `status`) VALUES ('39', 'Cape Verde', 'CV', 'CPV', '', '0', '1');
INSERT INTO `ocksena_country` (`country_id`, `name`, `iso_code_2`, `iso_code_3`, `address_format`, `postcode_required`, `status`) VALUES ('40', 'Cayman Islands', 'KY', 'CYM', '', '0', '1');
INSERT INTO `ocksena_country` (`country_id`, `name`, `iso_code_2`, `iso_code_3`, `address_format`, `postcode_required`, `status`) VALUES ('41', 'Central African Republic', 'CF', 'CAF', '', '0', '1');
INSERT INTO `ocksena_country` (`country_id`, `name`, `iso_code_2`, `iso_code_3`, `address_format`, `postcode_required`, `status`) VALUES ('42', 'Chad', 'TD', 'TCD', '', '0', '1');
INSERT INTO `ocksena_country` (`country_id`, `name`, `iso_code_2`, `iso_code_3`, `address_format`, `postcode_required`, `status`) VALUES ('43', 'Chile', 'CL', 'CHL', '', '0', '1');
INSERT INTO `ocksena_country` (`country_id`, `name`, `iso_code_2`, `iso_code_3`, `address_format`, `postcode_required`, `status`) VALUES ('44', 'China', 'CN', 'CHN', '', '0', '1');
INSERT INTO `ocksena_country` (`country_id`, `name`, `iso_code_2`, `iso_code_3`, `address_format`, `postcode_required`, `status`) VALUES ('45', 'Christmas Island', 'CX', 'CXR', '', '0', '1');
INSERT INTO `ocksena_country` (`country_id`, `name`, `iso_code_2`, `iso_code_3`, `address_format`, `postcode_required`, `status`) VALUES ('46', 'Cocos (Keeling) Islands', 'CC', 'CCK', '', '0', '1');
INSERT INTO `ocksena_country` (`country_id`, `name`, `iso_code_2`, `iso_code_3`, `address_format`, `postcode_required`, `status`) VALUES ('47', 'Colombia', 'CO', 'COL', '', '0', '1');
INSERT INTO `ocksena_country` (`country_id`, `name`, `iso_code_2`, `iso_code_3`, `address_format`, `postcode_required`, `status`) VALUES ('48', 'Comoros', 'KM', 'COM', '', '0', '1');
INSERT INTO `ocksena_country` (`country_id`, `name`, `iso_code_2`, `iso_code_3`, `address_format`, `postcode_required`, `status`) VALUES ('49', 'Congo', 'CG', 'COG', '', '0', '1');
INSERT INTO `ocksena_country` (`country_id`, `name`, `iso_code_2`, `iso_code_3`, `address_format`, `postcode_required`, `status`) VALUES ('50', 'Cook Islands', 'CK', 'COK', '', '0', '1');
INSERT INTO `ocksena_country` (`country_id`, `name`, `iso_code_2`, `iso_code_3`, `address_format`, `postcode_required`, `status`) VALUES ('51', 'Costa Rica', 'CR', 'CRI', '', '0', '1');
INSERT INTO `ocksena_country` (`country_id`, `name`, `iso_code_2`, `iso_code_3`, `address_format`, `postcode_required`, `status`) VALUES ('52', 'Cote D\'Ivoire', 'CI', 'CIV', '', '0', '1');
INSERT INTO `ocksena_country` (`country_id`, `name`, `iso_code_2`, `iso_code_3`, `address_format`, `postcode_required`, `status`) VALUES ('53', 'Croatia', 'HR', 'HRV', '', '0', '1');
INSERT INTO `ocksena_country` (`country_id`, `name`, `iso_code_2`, `iso_code_3`, `address_format`, `postcode_required`, `status`) VALUES ('54', 'Cuba', 'CU', 'CUB', '', '0', '1');
INSERT INTO `ocksena_country` (`country_id`, `name`, `iso_code_2`, `iso_code_3`, `address_format`, `postcode_required`, `status`) VALUES ('55', 'Cyprus', 'CY', 'CYP', '', '0', '1');
INSERT INTO `ocksena_country` (`country_id`, `name`, `iso_code_2`, `iso_code_3`, `address_format`, `postcode_required`, `status`) VALUES ('56', 'Czech Republic', 'CZ', 'CZE', '', '0', '1');
INSERT INTO `ocksena_country` (`country_id`, `name`, `iso_code_2`, `iso_code_3`, `address_format`, `postcode_required`, `status`) VALUES ('57', 'Denmark', 'DK', 'DNK', '', '0', '1');
INSERT INTO `ocksena_country` (`country_id`, `name`, `iso_code_2`, `iso_code_3`, `address_format`, `postcode_required`, `status`) VALUES ('58', 'Djibouti', 'DJ', 'DJI', '', '0', '1');
INSERT INTO `ocksena_country` (`country_id`, `name`, `iso_code_2`, `iso_code_3`, `address_format`, `postcode_required`, `status`) VALUES ('59', 'Dominica', 'DM', 'DMA', '', '0', '1');
INSERT INTO `ocksena_country` (`country_id`, `name`, `iso_code_2`, `iso_code_3`, `address_format`, `postcode_required`, `status`) VALUES ('60', 'Dominican Republic', 'DO', 'DOM', '', '0', '1');
INSERT INTO `ocksena_country` (`country_id`, `name`, `iso_code_2`, `iso_code_3`, `address_format`, `postcode_required`, `status`) VALUES ('61', 'East Timor', 'TL', 'TLS', '', '0', '1');
INSERT INTO `ocksena_country` (`country_id`, `name`, `iso_code_2`, `iso_code_3`, `address_format`, `postcode_required`, `status`) VALUES ('62', 'Ecuador', 'EC', 'ECU', '', '0', '1');
INSERT INTO `ocksena_country` (`country_id`, `name`, `iso_code_2`, `iso_code_3`, `address_format`, `postcode_required`, `status`) VALUES ('63', 'Egypt', 'EG', 'EGY', '', '0', '1');
INSERT INTO `ocksena_country` (`country_id`, `name`, `iso_code_2`, `iso_code_3`, `address_format`, `postcode_required`, `status`) VALUES ('64', 'El Salvador', 'SV', 'SLV', '', '0', '1');
INSERT INTO `ocksena_country` (`country_id`, `name`, `iso_code_2`, `iso_code_3`, `address_format`, `postcode_required`, `status`) VALUES ('65', 'Equatorial Guinea', 'GQ', 'GNQ', '', '0', '1');
INSERT INTO `ocksena_country` (`country_id`, `name`, `iso_code_2`, `iso_code_3`, `address_format`, `postcode_required`, `status`) VALUES ('66', 'Eritrea', 'ER', 'ERI', '', '0', '1');
INSERT INTO `ocksena_country` (`country_id`, `name`, `iso_code_2`, `iso_code_3`, `address_format`, `postcode_required`, `status`) VALUES ('67', 'Estonia', 'EE', 'EST', '', '0', '1');
INSERT INTO `ocksena_country` (`country_id`, `name`, `iso_code_2`, `iso_code_3`, `address_format`, `postcode_required`, `status`) VALUES ('68', 'Ethiopia', 'ET', 'ETH', '', '0', '1');
INSERT INTO `ocksena_country` (`country_id`, `name`, `iso_code_2`, `iso_code_3`, `address_format`, `postcode_required`, `status`) VALUES ('69', 'Falkland Islands (Malvinas)', 'FK', 'FLK', '', '0', '1');
INSERT INTO `ocksena_country` (`country_id`, `name`, `iso_code_2`, `iso_code_3`, `address_format`, `postcode_required`, `status`) VALUES ('70', 'Faroe Islands', 'FO', 'FRO', '', '0', '1');
INSERT INTO `ocksena_country` (`country_id`, `name`, `iso_code_2`, `iso_code_3`, `address_format`, `postcode_required`, `status`) VALUES ('71', 'Fiji', 'FJ', 'FJI', '', '0', '1');
INSERT INTO `ocksena_country` (`country_id`, `name`, `iso_code_2`, `iso_code_3`, `address_format`, `postcode_required`, `status`) VALUES ('72', 'Finland', 'FI', 'FIN', '', '0', '1');
INSERT INTO `ocksena_country` (`country_id`, `name`, `iso_code_2`, `iso_code_3`, `address_format`, `postcode_required`, `status`) VALUES ('74', 'France, Metropolitan', 'FR', 'FRA', '{firstname} {lastname}\r\n{company}\r\n{address_1}\r\n{address_2}\r\n{postcode} {city}\r\n{country}', '1', '1');
INSERT INTO `ocksena_country` (`country_id`, `name`, `iso_code_2`, `iso_code_3`, `address_format`, `postcode_required`, `status`) VALUES ('75', 'French Guiana', 'GF', 'GUF', '', '0', '1');
INSERT INTO `ocksena_country` (`country_id`, `name`, `iso_code_2`, `iso_code_3`, `address_format`, `postcode_required`, `status`) VALUES ('76', 'French Polynesia', 'PF', 'PYF', '', '0', '1');
INSERT INTO `ocksena_country` (`country_id`, `name`, `iso_code_2`, `iso_code_3`, `address_format`, `postcode_required`, `status`) VALUES ('77', 'French Southern Territories', 'TF', 'ATF', '', '0', '1');
INSERT INTO `ocksena_country` (`country_id`, `name`, `iso_code_2`, `iso_code_3`, `address_format`, `postcode_required`, `status`) VALUES ('78', 'Gabon', 'GA', 'GAB', '', '0', '1');
INSERT INTO `ocksena_country` (`country_id`, `name`, `iso_code_2`, `iso_code_3`, `address_format`, `postcode_required`, `status`) VALUES ('79', 'Gambia', 'GM', 'GMB', '', '0', '1');
INSERT INTO `ocksena_country` (`country_id`, `name`, `iso_code_2`, `iso_code_3`, `address_format`, `postcode_required`, `status`) VALUES ('80', 'Georgia', 'GE', 'GEO', '', '0', '1');
INSERT INTO `ocksena_country` (`country_id`, `name`, `iso_code_2`, `iso_code_3`, `address_format`, `postcode_required`, `status`) VALUES ('81', 'Germany', 'DE', 'DEU', '{company}\r\n{firstname} {lastname}\r\n{address_1}\r\n{address_2}\r\n{postcode} {city}\r\n{country}', '1', '1');
INSERT INTO `ocksena_country` (`country_id`, `name`, `iso_code_2`, `iso_code_3`, `address_format`, `postcode_required`, `status`) VALUES ('82', 'Ghana', 'GH', 'GHA', '', '0', '1');
INSERT INTO `ocksena_country` (`country_id`, `name`, `iso_code_2`, `iso_code_3`, `address_format`, `postcode_required`, `status`) VALUES ('83', 'Gibraltar', 'GI', 'GIB', '', '0', '1');
INSERT INTO `ocksena_country` (`country_id`, `name`, `iso_code_2`, `iso_code_3`, `address_format`, `postcode_required`, `status`) VALUES ('84', 'Greece', 'GR', 'GRC', '', '0', '1');
INSERT INTO `ocksena_country` (`country_id`, `name`, `iso_code_2`, `iso_code_3`, `address_format`, `postcode_required`, `status`) VALUES ('85', 'Greenland', 'GL', 'GRL', '', '0', '1');
INSERT INTO `ocksena_country` (`country_id`, `name`, `iso_code_2`, `iso_code_3`, `address_format`, `postcode_required`, `status`) VALUES ('86', 'Grenada', 'GD', 'GRD', '', '0', '1');
INSERT INTO `ocksena_country` (`country_id`, `name`, `iso_code_2`, `iso_code_3`, `address_format`, `postcode_required`, `status`) VALUES ('87', 'Guadeloupe', 'GP', 'GLP', '', '0', '1');
INSERT INTO `ocksena_country` (`country_id`, `name`, `iso_code_2`, `iso_code_3`, `address_format`, `postcode_required`, `status`) VALUES ('88', 'Guam', 'GU', 'GUM', '', '0', '1');
INSERT INTO `ocksena_country` (`country_id`, `name`, `iso_code_2`, `iso_code_3`, `address_format`, `postcode_required`, `status`) VALUES ('89', 'Guatemala', 'GT', 'GTM', '', '0', '1');
INSERT INTO `ocksena_country` (`country_id`, `name`, `iso_code_2`, `iso_code_3`, `address_format`, `postcode_required`, `status`) VALUES ('90', 'Guinea', 'GN', 'GIN', '', '0', '1');
INSERT INTO `ocksena_country` (`country_id`, `name`, `iso_code_2`, `iso_code_3`, `address_format`, `postcode_required`, `status`) VALUES ('91', 'Guinea-Bissau', 'GW', 'GNB', '', '0', '1');
INSERT INTO `ocksena_country` (`country_id`, `name`, `iso_code_2`, `iso_code_3`, `address_format`, `postcode_required`, `status`) VALUES ('92', 'Guyana', 'GY', 'GUY', '', '0', '1');
INSERT INTO `ocksena_country` (`country_id`, `name`, `iso_code_2`, `iso_code_3`, `address_format`, `postcode_required`, `status`) VALUES ('93', 'Haiti', 'HT', 'HTI', '', '0', '1');
INSERT INTO `ocksena_country` (`country_id`, `name`, `iso_code_2`, `iso_code_3`, `address_format`, `postcode_required`, `status`) VALUES ('94', 'Heard and Mc Donald Islands', 'HM', 'HMD', '', '0', '1');
INSERT INTO `ocksena_country` (`country_id`, `name`, `iso_code_2`, `iso_code_3`, `address_format`, `postcode_required`, `status`) VALUES ('95', 'Honduras', 'HN', 'HND', '', '0', '1');
INSERT INTO `ocksena_country` (`country_id`, `name`, `iso_code_2`, `iso_code_3`, `address_format`, `postcode_required`, `status`) VALUES ('96', 'Hong Kong', 'HK', 'HKG', '', '0', '1');
INSERT INTO `ocksena_country` (`country_id`, `name`, `iso_code_2`, `iso_code_3`, `address_format`, `postcode_required`, `status`) VALUES ('97', 'Hungary', 'HU', 'HUN', '', '0', '1');
INSERT INTO `ocksena_country` (`country_id`, `name`, `iso_code_2`, `iso_code_3`, `address_format`, `postcode_required`, `status`) VALUES ('98', 'Iceland', 'IS', 'ISL', '', '0', '1');
INSERT INTO `ocksena_country` (`country_id`, `name`, `iso_code_2`, `iso_code_3`, `address_format`, `postcode_required`, `status`) VALUES ('99', 'India', 'IN', 'IND', '', '0', '1');
INSERT INTO `ocksena_country` (`country_id`, `name`, `iso_code_2`, `iso_code_3`, `address_format`, `postcode_required`, `status`) VALUES ('100', 'Indonesia', 'ID', 'IDN', '', '0', '1');
INSERT INTO `ocksena_country` (`country_id`, `name`, `iso_code_2`, `iso_code_3`, `address_format`, `postcode_required`, `status`) VALUES ('101', 'Iran (Islamic Republic of)', 'IR', 'IRN', '', '0', '1');
INSERT INTO `ocksena_country` (`country_id`, `name`, `iso_code_2`, `iso_code_3`, `address_format`, `postcode_required`, `status`) VALUES ('102', 'Iraq', 'IQ', 'IRQ', '', '0', '1');
INSERT INTO `ocksena_country` (`country_id`, `name`, `iso_code_2`, `iso_code_3`, `address_format`, `postcode_required`, `status`) VALUES ('103', 'Ireland', 'IE', 'IRL', '', '0', '1');
INSERT INTO `ocksena_country` (`country_id`, `name`, `iso_code_2`, `iso_code_3`, `address_format`, `postcode_required`, `status`) VALUES ('104', 'Israel', 'IL', 'ISR', '', '0', '1');
INSERT INTO `ocksena_country` (`country_id`, `name`, `iso_code_2`, `iso_code_3`, `address_format`, `postcode_required`, `status`) VALUES ('105', 'Italy', 'IT', 'ITA', '', '0', '1');
INSERT INTO `ocksena_country` (`country_id`, `name`, `iso_code_2`, `iso_code_3`, `address_format`, `postcode_required`, `status`) VALUES ('106', 'Jamaica', 'JM', 'JAM', '', '0', '1');
INSERT INTO `ocksena_country` (`country_id`, `name`, `iso_code_2`, `iso_code_3`, `address_format`, `postcode_required`, `status`) VALUES ('107', 'Japan', 'JP', 'JPN', '', '0', '1');
INSERT INTO `ocksena_country` (`country_id`, `name`, `iso_code_2`, `iso_code_3`, `address_format`, `postcode_required`, `status`) VALUES ('108', 'Jordan', 'JO', 'JOR', '', '0', '1');
INSERT INTO `ocksena_country` (`country_id`, `name`, `iso_code_2`, `iso_code_3`, `address_format`, `postcode_required`, `status`) VALUES ('109', 'Kazakhstan', 'KZ', 'KAZ', '', '0', '1');
INSERT INTO `ocksena_country` (`country_id`, `name`, `iso_code_2`, `iso_code_3`, `address_format`, `postcode_required`, `status`) VALUES ('110', 'Kenya', 'KE', 'KEN', '', '0', '1');
INSERT INTO `ocksena_country` (`country_id`, `name`, `iso_code_2`, `iso_code_3`, `address_format`, `postcode_required`, `status`) VALUES ('111', 'Kiribati', 'KI', 'KIR', '', '0', '1');
INSERT INTO `ocksena_country` (`country_id`, `name`, `iso_code_2`, `iso_code_3`, `address_format`, `postcode_required`, `status`) VALUES ('112', 'North Korea', 'KP', 'PRK', '', '0', '1');
INSERT INTO `ocksena_country` (`country_id`, `name`, `iso_code_2`, `iso_code_3`, `address_format`, `postcode_required`, `status`) VALUES ('113', 'Korea, Republic of', 'KR', 'KOR', '', '0', '1');
INSERT INTO `ocksena_country` (`country_id`, `name`, `iso_code_2`, `iso_code_3`, `address_format`, `postcode_required`, `status`) VALUES ('114', 'Kuwait', 'KW', 'KWT', '', '0', '1');
INSERT INTO `ocksena_country` (`country_id`, `name`, `iso_code_2`, `iso_code_3`, `address_format`, `postcode_required`, `status`) VALUES ('115', 'Kyrgyzstan', 'KG', 'KGZ', '', '0', '1');
INSERT INTO `ocksena_country` (`country_id`, `name`, `iso_code_2`, `iso_code_3`, `address_format`, `postcode_required`, `status`) VALUES ('116', 'Lao People\'s Democratic Republic', 'LA', 'LAO', '', '0', '1');
INSERT INTO `ocksena_country` (`country_id`, `name`, `iso_code_2`, `iso_code_3`, `address_format`, `postcode_required`, `status`) VALUES ('117', 'Latvia', 'LV', 'LVA', '', '0', '1');
INSERT INTO `ocksena_country` (`country_id`, `name`, `iso_code_2`, `iso_code_3`, `address_format`, `postcode_required`, `status`) VALUES ('118', 'Lebanon', 'LB', 'LBN', '', '0', '1');
INSERT INTO `ocksena_country` (`country_id`, `name`, `iso_code_2`, `iso_code_3`, `address_format`, `postcode_required`, `status`) VALUES ('119', 'Lesotho', 'LS', 'LSO', '', '0', '1');
INSERT INTO `ocksena_country` (`country_id`, `name`, `iso_code_2`, `iso_code_3`, `address_format`, `postcode_required`, `status`) VALUES ('120', 'Liberia', 'LR', 'LBR', '', '0', '1');
INSERT INTO `ocksena_country` (`country_id`, `name`, `iso_code_2`, `iso_code_3`, `address_format`, `postcode_required`, `status`) VALUES ('121', 'Libyan Arab Jamahiriya', 'LY', 'LBY', '', '0', '1');
INSERT INTO `ocksena_country` (`country_id`, `name`, `iso_code_2`, `iso_code_3`, `address_format`, `postcode_required`, `status`) VALUES ('122', 'Liechtenstein', 'LI', 'LIE', '', '0', '1');
INSERT INTO `ocksena_country` (`country_id`, `name`, `iso_code_2`, `iso_code_3`, `address_format`, `postcode_required`, `status`) VALUES ('123', 'Lithuania', 'LT', 'LTU', '', '0', '1');
INSERT INTO `ocksena_country` (`country_id`, `name`, `iso_code_2`, `iso_code_3`, `address_format`, `postcode_required`, `status`) VALUES ('124', 'Luxembourg', 'LU', 'LUX', '', '0', '1');
INSERT INTO `ocksena_country` (`country_id`, `name`, `iso_code_2`, `iso_code_3`, `address_format`, `postcode_required`, `status`) VALUES ('125', 'Macau', 'MO', 'MAC', '', '0', '1');
INSERT INTO `ocksena_country` (`country_id`, `name`, `iso_code_2`, `iso_code_3`, `address_format`, `postcode_required`, `status`) VALUES ('126', 'FYROM', 'MK', 'MKD', '', '0', '1');
INSERT INTO `ocksena_country` (`country_id`, `name`, `iso_code_2`, `iso_code_3`, `address_format`, `postcode_required`, `status`) VALUES ('127', 'Madagascar', 'MG', 'MDG', '', '0', '1');
INSERT INTO `ocksena_country` (`country_id`, `name`, `iso_code_2`, `iso_code_3`, `address_format`, `postcode_required`, `status`) VALUES ('128', 'Malawi', 'MW', 'MWI', '', '0', '1');
INSERT INTO `ocksena_country` (`country_id`, `name`, `iso_code_2`, `iso_code_3`, `address_format`, `postcode_required`, `status`) VALUES ('129', 'Malaysia', 'MY', 'MYS', '', '0', '1');
INSERT INTO `ocksena_country` (`country_id`, `name`, `iso_code_2`, `iso_code_3`, `address_format`, `postcode_required`, `status`) VALUES ('130', 'Maldives', 'MV', 'MDV', '', '0', '1');
INSERT INTO `ocksena_country` (`country_id`, `name`, `iso_code_2`, `iso_code_3`, `address_format`, `postcode_required`, `status`) VALUES ('131', 'Mali', 'ML', 'MLI', '', '0', '1');
INSERT INTO `ocksena_country` (`country_id`, `name`, `iso_code_2`, `iso_code_3`, `address_format`, `postcode_required`, `status`) VALUES ('132', 'Malta', 'MT', 'MLT', '', '0', '1');
INSERT INTO `ocksena_country` (`country_id`, `name`, `iso_code_2`, `iso_code_3`, `address_format`, `postcode_required`, `status`) VALUES ('133', 'Marshall Islands', 'MH', 'MHL', '', '0', '1');
INSERT INTO `ocksena_country` (`country_id`, `name`, `iso_code_2`, `iso_code_3`, `address_format`, `postcode_required`, `status`) VALUES ('134', 'Martinique', 'MQ', 'MTQ', '', '0', '1');
INSERT INTO `ocksena_country` (`country_id`, `name`, `iso_code_2`, `iso_code_3`, `address_format`, `postcode_required`, `status`) VALUES ('135', 'Mauritania', 'MR', 'MRT', '', '0', '1');
INSERT INTO `ocksena_country` (`country_id`, `name`, `iso_code_2`, `iso_code_3`, `address_format`, `postcode_required`, `status`) VALUES ('136', 'Mauritius', 'MU', 'MUS', '', '0', '1');
INSERT INTO `ocksena_country` (`country_id`, `name`, `iso_code_2`, `iso_code_3`, `address_format`, `postcode_required`, `status`) VALUES ('137', 'Mayotte', 'YT', 'MYT', '', '0', '1');
INSERT INTO `ocksena_country` (`country_id`, `name`, `iso_code_2`, `iso_code_3`, `address_format`, `postcode_required`, `status`) VALUES ('138', 'Mexico', 'MX', 'MEX', '', '0', '1');
INSERT INTO `ocksena_country` (`country_id`, `name`, `iso_code_2`, `iso_code_3`, `address_format`, `postcode_required`, `status`) VALUES ('139', 'Micronesia, Federated States of', 'FM', 'FSM', '', '0', '1');
INSERT INTO `ocksena_country` (`country_id`, `name`, `iso_code_2`, `iso_code_3`, `address_format`, `postcode_required`, `status`) VALUES ('140', 'Moldova, Republic of', 'MD', 'MDA', '', '0', '1');
INSERT INTO `ocksena_country` (`country_id`, `name`, `iso_code_2`, `iso_code_3`, `address_format`, `postcode_required`, `status`) VALUES ('141', 'Monaco', 'MC', 'MCO', '', '0', '1');
INSERT INTO `ocksena_country` (`country_id`, `name`, `iso_code_2`, `iso_code_3`, `address_format`, `postcode_required`, `status`) VALUES ('142', 'Mongolia', 'MN', 'MNG', '', '0', '1');
INSERT INTO `ocksena_country` (`country_id`, `name`, `iso_code_2`, `iso_code_3`, `address_format`, `postcode_required`, `status`) VALUES ('143', 'Montserrat', 'MS', 'MSR', '', '0', '1');
INSERT INTO `ocksena_country` (`country_id`, `name`, `iso_code_2`, `iso_code_3`, `address_format`, `postcode_required`, `status`) VALUES ('144', 'Morocco', 'MA', 'MAR', '', '0', '1');
INSERT INTO `ocksena_country` (`country_id`, `name`, `iso_code_2`, `iso_code_3`, `address_format`, `postcode_required`, `status`) VALUES ('145', 'Mozambique', 'MZ', 'MOZ', '', '0', '1');
INSERT INTO `ocksena_country` (`country_id`, `name`, `iso_code_2`, `iso_code_3`, `address_format`, `postcode_required`, `status`) VALUES ('146', 'Myanmar', 'MM', 'MMR', '', '0', '1');
INSERT INTO `ocksena_country` (`country_id`, `name`, `iso_code_2`, `iso_code_3`, `address_format`, `postcode_required`, `status`) VALUES ('147', 'Namibia', 'NA', 'NAM', '', '0', '1');
INSERT INTO `ocksena_country` (`country_id`, `name`, `iso_code_2`, `iso_code_3`, `address_format`, `postcode_required`, `status`) VALUES ('148', 'Nauru', 'NR', 'NRU', '', '0', '1');
INSERT INTO `ocksena_country` (`country_id`, `name`, `iso_code_2`, `iso_code_3`, `address_format`, `postcode_required`, `status`) VALUES ('149', 'Nepal', 'NP', 'NPL', '', '0', '1');
INSERT INTO `ocksena_country` (`country_id`, `name`, `iso_code_2`, `iso_code_3`, `address_format`, `postcode_required`, `status`) VALUES ('150', 'Netherlands', 'NL', 'NLD', '', '0', '1');
INSERT INTO `ocksena_country` (`country_id`, `name`, `iso_code_2`, `iso_code_3`, `address_format`, `postcode_required`, `status`) VALUES ('151', 'Netherlands Antilles', 'AN', 'ANT', '', '0', '1');
INSERT INTO `ocksena_country` (`country_id`, `name`, `iso_code_2`, `iso_code_3`, `address_format`, `postcode_required`, `status`) VALUES ('152', 'New Caledonia', 'NC', 'NCL', '', '0', '1');
INSERT INTO `ocksena_country` (`country_id`, `name`, `iso_code_2`, `iso_code_3`, `address_format`, `postcode_required`, `status`) VALUES ('153', 'New Zealand', 'NZ', 'NZL', '', '0', '1');
INSERT INTO `ocksena_country` (`country_id`, `name`, `iso_code_2`, `iso_code_3`, `address_format`, `postcode_required`, `status`) VALUES ('154', 'Nicaragua', 'NI', 'NIC', '', '0', '1');
INSERT INTO `ocksena_country` (`country_id`, `name`, `iso_code_2`, `iso_code_3`, `address_format`, `postcode_required`, `status`) VALUES ('155', 'Niger', 'NE', 'NER', '', '0', '1');
INSERT INTO `ocksena_country` (`country_id`, `name`, `iso_code_2`, `iso_code_3`, `address_format`, `postcode_required`, `status`) VALUES ('156', 'Nigeria', 'NG', 'NGA', '', '0', '1');
INSERT INTO `ocksena_country` (`country_id`, `name`, `iso_code_2`, `iso_code_3`, `address_format`, `postcode_required`, `status`) VALUES ('157', 'Niue', 'NU', 'NIU', '', '0', '1');
INSERT INTO `ocksena_country` (`country_id`, `name`, `iso_code_2`, `iso_code_3`, `address_format`, `postcode_required`, `status`) VALUES ('158', 'Norfolk Island', 'NF', 'NFK', '', '0', '1');
INSERT INTO `ocksena_country` (`country_id`, `name`, `iso_code_2`, `iso_code_3`, `address_format`, `postcode_required`, `status`) VALUES ('159', 'Northern Mariana Islands', 'MP', 'MNP', '', '0', '1');
INSERT INTO `ocksena_country` (`country_id`, `name`, `iso_code_2`, `iso_code_3`, `address_format`, `postcode_required`, `status`) VALUES ('160', 'Norway', 'NO', 'NOR', '', '0', '1');
INSERT INTO `ocksena_country` (`country_id`, `name`, `iso_code_2`, `iso_code_3`, `address_format`, `postcode_required`, `status`) VALUES ('161', 'Oman', 'OM', 'OMN', '', '0', '1');
INSERT INTO `ocksena_country` (`country_id`, `name`, `iso_code_2`, `iso_code_3`, `address_format`, `postcode_required`, `status`) VALUES ('162', 'Pakistan', 'PK', 'PAK', '', '0', '1');
INSERT INTO `ocksena_country` (`country_id`, `name`, `iso_code_2`, `iso_code_3`, `address_format`, `postcode_required`, `status`) VALUES ('163', 'Palau', 'PW', 'PLW', '', '0', '1');
INSERT INTO `ocksena_country` (`country_id`, `name`, `iso_code_2`, `iso_code_3`, `address_format`, `postcode_required`, `status`) VALUES ('164', 'Panama', 'PA', 'PAN', '', '0', '1');
INSERT INTO `ocksena_country` (`country_id`, `name`, `iso_code_2`, `iso_code_3`, `address_format`, `postcode_required`, `status`) VALUES ('165', 'Papua New Guinea', 'PG', 'PNG', '', '0', '1');
INSERT INTO `ocksena_country` (`country_id`, `name`, `iso_code_2`, `iso_code_3`, `address_format`, `postcode_required`, `status`) VALUES ('166', 'Paraguay', 'PY', 'PRY', '', '0', '1');
INSERT INTO `ocksena_country` (`country_id`, `name`, `iso_code_2`, `iso_code_3`, `address_format`, `postcode_required`, `status`) VALUES ('167', 'Peru', 'PE', 'PER', '', '0', '1');
INSERT INTO `ocksena_country` (`country_id`, `name`, `iso_code_2`, `iso_code_3`, `address_format`, `postcode_required`, `status`) VALUES ('168', 'Philippines', 'PH', 'PHL', '', '0', '1');
INSERT INTO `ocksena_country` (`country_id`, `name`, `iso_code_2`, `iso_code_3`, `address_format`, `postcode_required`, `status`) VALUES ('169', 'Pitcairn', 'PN', 'PCN', '', '0', '1');
INSERT INTO `ocksena_country` (`country_id`, `name`, `iso_code_2`, `iso_code_3`, `address_format`, `postcode_required`, `status`) VALUES ('170', 'Poland', 'PL', 'POL', '', '0', '1');
INSERT INTO `ocksena_country` (`country_id`, `name`, `iso_code_2`, `iso_code_3`, `address_format`, `postcode_required`, `status`) VALUES ('171', 'Portugal', 'PT', 'PRT', '', '0', '1');
INSERT INTO `ocksena_country` (`country_id`, `name`, `iso_code_2`, `iso_code_3`, `address_format`, `postcode_required`, `status`) VALUES ('172', 'Puerto Rico', 'PR', 'PRI', '', '0', '1');
INSERT INTO `ocksena_country` (`country_id`, `name`, `iso_code_2`, `iso_code_3`, `address_format`, `postcode_required`, `status`) VALUES ('173', 'Qatar', 'QA', 'QAT', '', '0', '1');
INSERT INTO `ocksena_country` (`country_id`, `name`, `iso_code_2`, `iso_code_3`, `address_format`, `postcode_required`, `status`) VALUES ('174', 'Reunion', 'RE', 'REU', '', '0', '1');
INSERT INTO `ocksena_country` (`country_id`, `name`, `iso_code_2`, `iso_code_3`, `address_format`, `postcode_required`, `status`) VALUES ('175', 'Romania', 'RO', 'ROM', '', '0', '1');
INSERT INTO `ocksena_country` (`country_id`, `name`, `iso_code_2`, `iso_code_3`, `address_format`, `postcode_required`, `status`) VALUES ('176', 'Russian Federation', 'RU', 'RUS', '', '0', '1');
INSERT INTO `ocksena_country` (`country_id`, `name`, `iso_code_2`, `iso_code_3`, `address_format`, `postcode_required`, `status`) VALUES ('177', 'Rwanda', 'RW', 'RWA', '', '0', '1');
INSERT INTO `ocksena_country` (`country_id`, `name`, `iso_code_2`, `iso_code_3`, `address_format`, `postcode_required`, `status`) VALUES ('178', 'Saint Kitts and Nevis', 'KN', 'KNA', '', '0', '1');
INSERT INTO `ocksena_country` (`country_id`, `name`, `iso_code_2`, `iso_code_3`, `address_format`, `postcode_required`, `status`) VALUES ('179', 'Saint Lucia', 'LC', 'LCA', '', '0', '1');
INSERT INTO `ocksena_country` (`country_id`, `name`, `iso_code_2`, `iso_code_3`, `address_format`, `postcode_required`, `status`) VALUES ('180', 'Saint Vincent and the Grenadines', 'VC', 'VCT', '', '0', '1');
INSERT INTO `ocksena_country` (`country_id`, `name`, `iso_code_2`, `iso_code_3`, `address_format`, `postcode_required`, `status`) VALUES ('181', 'Samoa', 'WS', 'WSM', '', '0', '1');
INSERT INTO `ocksena_country` (`country_id`, `name`, `iso_code_2`, `iso_code_3`, `address_format`, `postcode_required`, `status`) VALUES ('182', 'San Marino', 'SM', 'SMR', '', '0', '1');
INSERT INTO `ocksena_country` (`country_id`, `name`, `iso_code_2`, `iso_code_3`, `address_format`, `postcode_required`, `status`) VALUES ('183', 'Sao Tome and Principe', 'ST', 'STP', '', '0', '1');
INSERT INTO `ocksena_country` (`country_id`, `name`, `iso_code_2`, `iso_code_3`, `address_format`, `postcode_required`, `status`) VALUES ('184', 'Saudi Arabia', 'SA', 'SAU', '', '0', '1');
INSERT INTO `ocksena_country` (`country_id`, `name`, `iso_code_2`, `iso_code_3`, `address_format`, `postcode_required`, `status`) VALUES ('185', 'Senegal', 'SN', 'SEN', '', '0', '1');
INSERT INTO `ocksena_country` (`country_id`, `name`, `iso_code_2`, `iso_code_3`, `address_format`, `postcode_required`, `status`) VALUES ('186', 'Seychelles', 'SC', 'SYC', '', '0', '1');
INSERT INTO `ocksena_country` (`country_id`, `name`, `iso_code_2`, `iso_code_3`, `address_format`, `postcode_required`, `status`) VALUES ('187', 'Sierra Leone', 'SL', 'SLE', '', '0', '1');
INSERT INTO `ocksena_country` (`country_id`, `name`, `iso_code_2`, `iso_code_3`, `address_format`, `postcode_required`, `status`) VALUES ('188', 'Singapore', 'SG', 'SGP', '', '0', '1');
INSERT INTO `ocksena_country` (`country_id`, `name`, `iso_code_2`, `iso_code_3`, `address_format`, `postcode_required`, `status`) VALUES ('189', 'Slovak Republic', 'SK', 'SVK', '{firstname} {lastname}\r\n{company}\r\n{address_1}\r\n{address_2}\r\n{city} {postcode}\r\n{zone}\r\n{country}', '0', '1');
INSERT INTO `ocksena_country` (`country_id`, `name`, `iso_code_2`, `iso_code_3`, `address_format`, `postcode_required`, `status`) VALUES ('190', 'Slovenia', 'SI', 'SVN', '', '0', '1');
INSERT INTO `ocksena_country` (`country_id`, `name`, `iso_code_2`, `iso_code_3`, `address_format`, `postcode_required`, `status`) VALUES ('191', 'Solomon Islands', 'SB', 'SLB', '', '0', '1');
INSERT INTO `ocksena_country` (`country_id`, `name`, `iso_code_2`, `iso_code_3`, `address_format`, `postcode_required`, `status`) VALUES ('192', 'Somalia', 'SO', 'SOM', '', '0', '1');
INSERT INTO `ocksena_country` (`country_id`, `name`, `iso_code_2`, `iso_code_3`, `address_format`, `postcode_required`, `status`) VALUES ('193', 'South Africa', 'ZA', 'ZAF', '', '0', '1');
INSERT INTO `ocksena_country` (`country_id`, `name`, `iso_code_2`, `iso_code_3`, `address_format`, `postcode_required`, `status`) VALUES ('194', 'South Georgia &amp; South Sandwich Islands', 'GS', 'SGS', '', '0', '1');
INSERT INTO `ocksena_country` (`country_id`, `name`, `iso_code_2`, `iso_code_3`, `address_format`, `postcode_required`, `status`) VALUES ('195', 'Spain', 'ES', 'ESP', '', '0', '1');
INSERT INTO `ocksena_country` (`country_id`, `name`, `iso_code_2`, `iso_code_3`, `address_format`, `postcode_required`, `status`) VALUES ('196', 'Sri Lanka', 'LK', 'LKA', '', '0', '1');
INSERT INTO `ocksena_country` (`country_id`, `name`, `iso_code_2`, `iso_code_3`, `address_format`, `postcode_required`, `status`) VALUES ('197', 'St. Helena', 'SH', 'SHN', '', '0', '1');
INSERT INTO `ocksena_country` (`country_id`, `name`, `iso_code_2`, `iso_code_3`, `address_format`, `postcode_required`, `status`) VALUES ('198', 'St. Pierre and Miquelon', 'PM', 'SPM', '', '0', '1');
INSERT INTO `ocksena_country` (`country_id`, `name`, `iso_code_2`, `iso_code_3`, `address_format`, `postcode_required`, `status`) VALUES ('199', 'Sudan', 'SD', 'SDN', '', '0', '1');
INSERT INTO `ocksena_country` (`country_id`, `name`, `iso_code_2`, `iso_code_3`, `address_format`, `postcode_required`, `status`) VALUES ('200', 'Suriname', 'SR', 'SUR', '', '0', '1');
INSERT INTO `ocksena_country` (`country_id`, `name`, `iso_code_2`, `iso_code_3`, `address_format`, `postcode_required`, `status`) VALUES ('201', 'Svalbard and Jan Mayen Islands', 'SJ', 'SJM', '', '0', '1');
INSERT INTO `ocksena_country` (`country_id`, `name`, `iso_code_2`, `iso_code_3`, `address_format`, `postcode_required`, `status`) VALUES ('202', 'Swaziland', 'SZ', 'SWZ', '', '0', '1');
INSERT INTO `ocksena_country` (`country_id`, `name`, `iso_code_2`, `iso_code_3`, `address_format`, `postcode_required`, `status`) VALUES ('203', 'Sweden', 'SE', 'SWE', '{company}\r\n{firstname} {lastname}\r\n{address_1}\r\n{address_2}\r\n{postcode} {city}\r\n{country}', '1', '1');
INSERT INTO `ocksena_country` (`country_id`, `name`, `iso_code_2`, `iso_code_3`, `address_format`, `postcode_required`, `status`) VALUES ('204', 'Switzerland', 'CH', 'CHE', '', '0', '1');
INSERT INTO `ocksena_country` (`country_id`, `name`, `iso_code_2`, `iso_code_3`, `address_format`, `postcode_required`, `status`) VALUES ('205', 'Syrian Arab Republic', 'SY', 'SYR', '', '0', '1');
INSERT INTO `ocksena_country` (`country_id`, `name`, `iso_code_2`, `iso_code_3`, `address_format`, `postcode_required`, `status`) VALUES ('206', 'Taiwan', 'TW', 'TWN', '', '0', '1');
INSERT INTO `ocksena_country` (`country_id`, `name`, `iso_code_2`, `iso_code_3`, `address_format`, `postcode_required`, `status`) VALUES ('207', 'Tajikistan', 'TJ', 'TJK', '', '0', '1');
INSERT INTO `ocksena_country` (`country_id`, `name`, `iso_code_2`, `iso_code_3`, `address_format`, `postcode_required`, `status`) VALUES ('208', 'Tanzania, United Republic of', 'TZ', 'TZA', '', '0', '1');
INSERT INTO `ocksena_country` (`country_id`, `name`, `iso_code_2`, `iso_code_3`, `address_format`, `postcode_required`, `status`) VALUES ('209', 'Thailand', 'TH', 'THA', '', '0', '1');
INSERT INTO `ocksena_country` (`country_id`, `name`, `iso_code_2`, `iso_code_3`, `address_format`, `postcode_required`, `status`) VALUES ('210', 'Togo', 'TG', 'TGO', '', '0', '1');
INSERT INTO `ocksena_country` (`country_id`, `name`, `iso_code_2`, `iso_code_3`, `address_format`, `postcode_required`, `status`) VALUES ('211', 'Tokelau', 'TK', 'TKL', '', '0', '1');
INSERT INTO `ocksena_country` (`country_id`, `name`, `iso_code_2`, `iso_code_3`, `address_format`, `postcode_required`, `status`) VALUES ('212', 'Tonga', 'TO', 'TON', '', '0', '1');
INSERT INTO `ocksena_country` (`country_id`, `name`, `iso_code_2`, `iso_code_3`, `address_format`, `postcode_required`, `status`) VALUES ('213', 'Trinidad and Tobago', 'TT', 'TTO', '', '0', '1');
INSERT INTO `ocksena_country` (`country_id`, `name`, `iso_code_2`, `iso_code_3`, `address_format`, `postcode_required`, `status`) VALUES ('214', 'Tunisia', 'TN', 'TUN', '', '0', '1');
INSERT INTO `ocksena_country` (`country_id`, `name`, `iso_code_2`, `iso_code_3`, `address_format`, `postcode_required`, `status`) VALUES ('215', 'Turkey', 'TR', 'TUR', '', '0', '1');
INSERT INTO `ocksena_country` (`country_id`, `name`, `iso_code_2`, `iso_code_3`, `address_format`, `postcode_required`, `status`) VALUES ('216', 'Turkmenistan', 'TM', 'TKM', '', '0', '1');
INSERT INTO `ocksena_country` (`country_id`, `name`, `iso_code_2`, `iso_code_3`, `address_format`, `postcode_required`, `status`) VALUES ('217', 'Turks and Caicos Islands', 'TC', 'TCA', '', '0', '1');
INSERT INTO `ocksena_country` (`country_id`, `name`, `iso_code_2`, `iso_code_3`, `address_format`, `postcode_required`, `status`) VALUES ('218', 'Tuvalu', 'TV', 'TUV', '', '0', '1');
INSERT INTO `ocksena_country` (`country_id`, `name`, `iso_code_2`, `iso_code_3`, `address_format`, `postcode_required`, `status`) VALUES ('219', 'Uganda', 'UG', 'UGA', '', '0', '1');
INSERT INTO `ocksena_country` (`country_id`, `name`, `iso_code_2`, `iso_code_3`, `address_format`, `postcode_required`, `status`) VALUES ('220', 'Ukraine', 'UA', 'UKR', '', '0', '1');
INSERT INTO `ocksena_country` (`country_id`, `name`, `iso_code_2`, `iso_code_3`, `address_format`, `postcode_required`, `status`) VALUES ('221', 'United Arab Emirates', 'AE', 'ARE', '', '0', '1');
INSERT INTO `ocksena_country` (`country_id`, `name`, `iso_code_2`, `iso_code_3`, `address_format`, `postcode_required`, `status`) VALUES ('222', 'United Kingdom', 'GB', 'GBR', '', '1', '1');
INSERT INTO `ocksena_country` (`country_id`, `name`, `iso_code_2`, `iso_code_3`, `address_format`, `postcode_required`, `status`) VALUES ('223', 'United States', 'US', 'USA', '{firstname} {lastname}\r\n{company}\r\n{address_1}\r\n{address_2}\r\n{city}, {zone} {postcode}\r\n{country}', '0', '1');
INSERT INTO `ocksena_country` (`country_id`, `name`, `iso_code_2`, `iso_code_3`, `address_format`, `postcode_required`, `status`) VALUES ('224', 'United States Minor Outlying Islands', 'UM', 'UMI', '', '0', '1');
INSERT INTO `ocksena_country` (`country_id`, `name`, `iso_code_2`, `iso_code_3`, `address_format`, `postcode_required`, `status`) VALUES ('225', 'Uruguay', 'UY', 'URY', '', '0', '1');
INSERT INTO `ocksena_country` (`country_id`, `name`, `iso_code_2`, `iso_code_3`, `address_format`, `postcode_required`, `status`) VALUES ('226', 'Uzbekistan', 'UZ', 'UZB', '', '0', '1');
INSERT INTO `ocksena_country` (`country_id`, `name`, `iso_code_2`, `iso_code_3`, `address_format`, `postcode_required`, `status`) VALUES ('227', 'Vanuatu', 'VU', 'VUT', '', '0', '1');
INSERT INTO `ocksena_country` (`country_id`, `name`, `iso_code_2`, `iso_code_3`, `address_format`, `postcode_required`, `status`) VALUES ('228', 'Vatican City State (Holy See)', 'VA', 'VAT', '', '0', '1');
INSERT INTO `ocksena_country` (`country_id`, `name`, `iso_code_2`, `iso_code_3`, `address_format`, `postcode_required`, `status`) VALUES ('229', 'Venezuela', 'VE', 'VEN', '', '0', '1');
INSERT INTO `ocksena_country` (`country_id`, `name`, `iso_code_2`, `iso_code_3`, `address_format`, `postcode_required`, `status`) VALUES ('230', 'Viet Nam', 'VN', 'VNM', '', '0', '1');
INSERT INTO `ocksena_country` (`country_id`, `name`, `iso_code_2`, `iso_code_3`, `address_format`, `postcode_required`, `status`) VALUES ('231', 'Virgin Islands (British)', 'VG', 'VGB', '', '0', '1');
INSERT INTO `ocksena_country` (`country_id`, `name`, `iso_code_2`, `iso_code_3`, `address_format`, `postcode_required`, `status`) VALUES ('232', 'Virgin Islands (U.S.)', 'VI', 'VIR', '', '0', '1');
INSERT INTO `ocksena_country` (`country_id`, `name`, `iso_code_2`, `iso_code_3`, `address_format`, `postcode_required`, `status`) VALUES ('233', 'Wallis and Futuna Islands', 'WF', 'WLF', '', '0', '1');
INSERT INTO `ocksena_country` (`country_id`, `name`, `iso_code_2`, `iso_code_3`, `address_format`, `postcode_required`, `status`) VALUES ('234', 'Western Sahara', 'EH', 'ESH', '', '0', '1');
INSERT INTO `ocksena_country` (`country_id`, `name`, `iso_code_2`, `iso_code_3`, `address_format`, `postcode_required`, `status`) VALUES ('235', 'Yemen', 'YE', 'YEM', '', '0', '1');
INSERT INTO `ocksena_country` (`country_id`, `name`, `iso_code_2`, `iso_code_3`, `address_format`, `postcode_required`, `status`) VALUES ('237', 'Democratic Republic of Congo', 'CD', 'COD', '', '0', '1');
INSERT INTO `ocksena_country` (`country_id`, `name`, `iso_code_2`, `iso_code_3`, `address_format`, `postcode_required`, `status`) VALUES ('238', 'Zambia', 'ZM', 'ZMB', '', '0', '1');
INSERT INTO `ocksena_country` (`country_id`, `name`, `iso_code_2`, `iso_code_3`, `address_format`, `postcode_required`, `status`) VALUES ('239', 'Zimbabwe', 'ZW', 'ZWE', '', '0', '1');
INSERT INTO `ocksena_country` (`country_id`, `name`, `iso_code_2`, `iso_code_3`, `address_format`, `postcode_required`, `status`) VALUES ('240', 'Jersey', 'JE', 'JEY', '', '1', '1');
INSERT INTO `ocksena_country` (`country_id`, `name`, `iso_code_2`, `iso_code_3`, `address_format`, `postcode_required`, `status`) VALUES ('241', 'Guernsey', 'GG', 'GGY', '', '1', '1');
INSERT INTO `ocksena_country` (`country_id`, `name`, `iso_code_2`, `iso_code_3`, `address_format`, `postcode_required`, `status`) VALUES ('242', 'Montenegro', 'ME', 'MNE', '', '0', '1');
INSERT INTO `ocksena_country` (`country_id`, `name`, `iso_code_2`, `iso_code_3`, `address_format`, `postcode_required`, `status`) VALUES ('243', 'Serbia', 'RS', 'SRB', '', '0', '1');
INSERT INTO `ocksena_country` (`country_id`, `name`, `iso_code_2`, `iso_code_3`, `address_format`, `postcode_required`, `status`) VALUES ('244', 'Aaland Islands', 'AX', 'ALA', '', '0', '1');
INSERT INTO `ocksena_country` (`country_id`, `name`, `iso_code_2`, `iso_code_3`, `address_format`, `postcode_required`, `status`) VALUES ('245', 'Bonaire, Sint Eustatius and Saba', 'BQ', 'BES', '', '0', '1');
INSERT INTO `ocksena_country` (`country_id`, `name`, `iso_code_2`, `iso_code_3`, `address_format`, `postcode_required`, `status`) VALUES ('246', 'Curacao', 'CW', 'CUW', '', '0', '1');
INSERT INTO `ocksena_country` (`country_id`, `name`, `iso_code_2`, `iso_code_3`, `address_format`, `postcode_required`, `status`) VALUES ('247', 'Palestinian Territory, Occupied', 'PS', 'PSE', '', '0', '1');
INSERT INTO `ocksena_country` (`country_id`, `name`, `iso_code_2`, `iso_code_3`, `address_format`, `postcode_required`, `status`) VALUES ('248', 'South Sudan', 'SS', 'SSD', '', '0', '1');
INSERT INTO `ocksena_country` (`country_id`, `name`, `iso_code_2`, `iso_code_3`, `address_format`, `postcode_required`, `status`) VALUES ('249', 'St. Barthelemy', 'BL', 'BLM', '', '0', '1');
INSERT INTO `ocksena_country` (`country_id`, `name`, `iso_code_2`, `iso_code_3`, `address_format`, `postcode_required`, `status`) VALUES ('250', 'St. Martin (French part)', 'MF', 'MAF', '', '0', '1');
INSERT INTO `ocksena_country` (`country_id`, `name`, `iso_code_2`, `iso_code_3`, `address_format`, `postcode_required`, `status`) VALUES ('251', 'Canary Islands', 'IC', 'ICA', '', '0', '1');


TRUNCATE TABLE `ocksena_coupon`;

INSERT INTO `ocksena_coupon` (`coupon_id`, `name`, `code`, `type`, `discount`, `logged`, `shipping`, `total`, `date_start`, `date_end`, `uses_total`, `uses_customer`, `status`, `date_added`) VALUES ('4', '-10% Discount', '2222', 'P', '10.0000', '0', '0', '0.0000', '2011-01-01', '2012-01-01', '10', '10', '1', '2009-01-27 13:55:03');
INSERT INTO `ocksena_coupon` (`coupon_id`, `name`, `code`, `type`, `discount`, `logged`, `shipping`, `total`, `date_start`, `date_end`, `uses_total`, `uses_customer`, `status`, `date_added`) VALUES ('5', 'Free Shipping', '3333', 'P', '0.0000', '0', '1', '100.0000', '2009-03-01', '2009-08-31', '10', '10', '1', '2009-03-14 21:13:53');
INSERT INTO `ocksena_coupon` (`coupon_id`, `name`, `code`, `type`, `discount`, `logged`, `shipping`, `total`, `date_start`, `date_end`, `uses_total`, `uses_customer`, `status`, `date_added`) VALUES ('6', '-10.00 Discount', '1111', 'F', '10.0000', '0', '0', '10.0000', '1970-11-01', '2020-11-01', '100000', '10000', '1', '2009-03-14 21:15:18');


TRUNCATE TABLE `ocksena_coupon_category`;



TRUNCATE TABLE `ocksena_coupon_history`;



TRUNCATE TABLE `ocksena_coupon_product`;



TRUNCATE TABLE `ocksena_currency`;

INSERT INTO `ocksena_currency` (`currency_id`, `title`, `code`, `symbol_left`, `symbol_right`, `decimal_place`, `value`, `status`, `date_modified`) VALUES ('1', 'Pound Sterling', 'GBP', '£', '', '2', '0.80309999', '1', '2016-11-16 14:52:36');
INSERT INTO `ocksena_currency` (`currency_id`, `title`, `code`, `symbol_left`, `symbol_right`, `decimal_place`, `value`, `status`, `date_modified`) VALUES ('2', 'US Dollar', 'USD', '$', '', '2', '1.00000000', '1', '2016-11-16 14:52:36');
INSERT INTO `ocksena_currency` (`currency_id`, `title`, `code`, `symbol_left`, `symbol_right`, `decimal_place`, `value`, `status`, `date_modified`) VALUES ('3', 'Euro', 'EUR', '', '€', '2', '0.93390000', '1', '2016-11-16 14:52:36');


TRUNCATE TABLE `ocksena_custom_field`;



TRUNCATE TABLE `ocksena_custom_field_description`;



TRUNCATE TABLE `ocksena_custom_field_to_customer_group`;



TRUNCATE TABLE `ocksena_custom_field_value`;



TRUNCATE TABLE `ocksena_custom_field_value_description`;



TRUNCATE TABLE `ocksena_customer`;



TRUNCATE TABLE `ocksena_customer_ban_ip`;



TRUNCATE TABLE `ocksena_customer_field`;



TRUNCATE TABLE `ocksena_customer_group`;

INSERT INTO `ocksena_customer_group` (`customer_group_id`, `approval`, `company_id_display`, `company_id_required`, `tax_id_display`, `tax_id_required`, `sort_order`) VALUES ('1', '0', '1', '0', '0', '1', '1');


TRUNCATE TABLE `ocksena_customer_group_description`;

INSERT INTO `ocksena_customer_group_description` (`customer_group_id`, `language_id`, `name`, `description`) VALUES ('1', '1', 'Default', 'test');
INSERT INTO `ocksena_customer_group_description` (`customer_group_id`, `language_id`, `name`, `description`) VALUES ('1', '2', 'Default', 'test');
INSERT INTO `ocksena_customer_group_description` (`customer_group_id`, `language_id`, `name`, `description`) VALUES ('1', '3', 'Default', 'test');
INSERT INTO `ocksena_customer_group_description` (`customer_group_id`, `language_id`, `name`, `description`) VALUES ('1', '4', 'Default', 'test');


TRUNCATE TABLE `ocksena_customer_history`;



TRUNCATE TABLE `ocksena_customer_ip`;



TRUNCATE TABLE `ocksena_customer_online`;



TRUNCATE TABLE `ocksena_customer_reward`;



TRUNCATE TABLE `ocksena_customer_transaction`;



TRUNCATE TABLE `ocksena_download`;



TRUNCATE TABLE `ocksena_download_description`;



TRUNCATE TABLE `ocksena_extension`;

INSERT INTO `ocksena_extension` (`extension_id`, `type`, `code`) VALUES ('23', 'payment', 'cod');
INSERT INTO `ocksena_extension` (`extension_id`, `type`, `code`) VALUES ('22', 'total', 'shipping');
INSERT INTO `ocksena_extension` (`extension_id`, `type`, `code`) VALUES ('57', 'total', 'sub_total');
INSERT INTO `ocksena_extension` (`extension_id`, `type`, `code`) VALUES ('58', 'total', 'tax');
INSERT INTO `ocksena_extension` (`extension_id`, `type`, `code`) VALUES ('59', 'total', 'total');
INSERT INTO `ocksena_extension` (`extension_id`, `type`, `code`) VALUES ('390', 'total', 'credit');
INSERT INTO `ocksena_extension` (`extension_id`, `type`, `code`) VALUES ('387', 'shipping', 'flat');
INSERT INTO `ocksena_extension` (`extension_id`, `type`, `code`) VALUES ('349', 'total', 'handling');
INSERT INTO `ocksena_extension` (`extension_id`, `type`, `code`) VALUES ('350', 'total', 'low_order_fee');
INSERT INTO `ocksena_extension` (`extension_id`, `type`, `code`) VALUES ('389', 'total', 'coupon');
INSERT INTO `ocksena_extension` (`extension_id`, `type`, `code`) VALUES ('429', 'module', 'welcome');
INSERT INTO `ocksena_extension` (`extension_id`, `type`, `code`) VALUES ('393', 'total', 'reward');
INSERT INTO `ocksena_extension` (`extension_id`, `type`, `code`) VALUES ('398', 'total', 'voucher');
INSERT INTO `ocksena_extension` (`extension_id`, `type`, `code`) VALUES ('407', 'payment', 'free_checkout');
INSERT INTO `ocksena_extension` (`extension_id`, `type`, `code`) VALUES ('419', 'module', 'slideshow');


TRUNCATE TABLE `ocksena_filter`;



TRUNCATE TABLE `ocksena_filter_description`;



TRUNCATE TABLE `ocksena_filter_group`;



TRUNCATE TABLE `ocksena_filter_group_description`;



TRUNCATE TABLE `ocksena_geo_zone`;

INSERT INTO `ocksena_geo_zone` (`geo_zone_id`, `name`, `description`, `date_modified`, `date_added`) VALUES ('3', 'UK VAT Zone', 'UK VAT', '2010-02-26 22:33:24', '2009-01-06 23:26:25');
INSERT INTO `ocksena_geo_zone` (`geo_zone_id`, `name`, `description`, `date_modified`, `date_added`) VALUES ('4', 'UK Shipping', 'UK Shipping Zones', '2010-12-15 15:18:13', '2009-06-23 01:14:53');


TRUNCATE TABLE `ocksena_information`;

INSERT INTO `ocksena_information` (`information_id`, `bottom`, `sort_order`, `status`) VALUES ('3', '1', '3', '1');
INSERT INTO `ocksena_information` (`information_id`, `bottom`, `sort_order`, `status`) VALUES ('4', '1', '1', '1');
INSERT INTO `ocksena_information` (`information_id`, `bottom`, `sort_order`, `status`) VALUES ('5', '1', '4', '1');
INSERT INTO `ocksena_information` (`information_id`, `bottom`, `sort_order`, `status`) VALUES ('6', '1', '2', '1');
INSERT INTO `ocksena_information` (`information_id`, `bottom`, `sort_order`, `status`) VALUES ('7', '0', '0', '1');
INSERT INTO `ocksena_information` (`information_id`, `bottom`, `sort_order`, `status`) VALUES ('9', '0', '0', '1');


TRUNCATE TABLE `ocksena_information_description`;

INSERT INTO `ocksena_information_description` (`information_id`, `language_id`, `title`, `description`) VALUES ('5', '1', 'Terms &amp; Conditions', '&lt;p&gt;\r\n\tTerms &amp;amp; Conditions&lt;/p&gt;\r\n');
INSERT INTO `ocksena_information_description` (`information_id`, `language_id`, `title`, `description`) VALUES ('3', '1', 'Privacy Policy', '&lt;p&gt;\r\n\tPrivacy Policy&lt;/p&gt;\r\n');
INSERT INTO `ocksena_information_description` (`information_id`, `language_id`, `title`, `description`) VALUES ('6', '1', 'Delivery Information', '&lt;p&gt;\r\n\tDelivery Information&lt;/p&gt;\r\n');
INSERT INTO `ocksena_information_description` (`information_id`, `language_id`, `title`, `description`) VALUES ('4', '3', 'Uber uns', '&lt;center style=&quot;box-sizing: border-box; color: rgb(0, 0, 0); font-family: MyriadProCondRegular, sans-serif, arial; font-size: 21px;&quot;&gt;\r\n&lt;h1 style=&quot;box-sizing: border-box; margin: 0.67em 0px; font-weight: lighter;&quot;&gt;Der Hersteller TM „Ksena“&lt;/h1&gt;\r\n&lt;/center&gt;\r\n\r\n&lt;p style=&quot;box-sizing: border-box; font-family: Open Sans, sans-serif, arial; font-size: 18px; color: rgb(0, 0, 0); text-align: justify;&quot;&gt;&lt;strong style=&quot;box-sizing: border-box;&quot;&gt;Salon Hochzeitskleider „Ksena“&lt;/strong&gt;Arbeitet schon 7 Jahre in Ukraine und 20-Land der Europäischen Union und der GUS dargestellt. Wir arbeiten direkt mit Bräute und Großhandelskunden. Das Ziel unseres Salons ist die Schaffung von exklusiven Kleidern, die jede Braut unwiderstehlich machen werden. Unser Kleid ist eine Kombination aus Qualität, Komfort und Schönheit zu einem vernünftigen Preis. In unserer Arbeit, Wir halten sich nicht nur auf die modernen Trends, wir diktieren den Trend selber.&lt;/p&gt;\r\n\r\n&lt;p style=&quot;box-sizing: border-box; font-family: Open Sans, sans-serif, arial; font-size: 18px; color: rgb(0, 0, 0); text-align: justify;&quot;&gt;Wir verwenden nur qualitative Tücher, Werkzeuge und dekorative Elemente. Alle Kleider \'trimmen mit Spitze, Edelsteine und Strass ist nur von Hand gemacht. Die Schärfe vieler Modelle ist handgefertigte Stickerei und exklusive Schnürsenkel.&lt;/p&gt;\r\n\r\n&lt;p style=&quot;box-sizing: border-box; font-family: Open Sans, sans-serif, arial; font-size: 18px; color: rgb(0, 0, 0); text-align: justify;&quot;&gt;&lt;strong style=&quot;box-sizing: border-box;&quot;&gt;Unsere Kleider sind die beste Wahl für Bräute, die sehen wollen, atemberaubend auf ihrem Fest und an diesen Tag für immer erinnern.&lt;/strong&gt;&lt;/p&gt;\r\n\r\n&lt;p style=&quot;box-sizing: border-box; font-family: Open Sans, sans-serif, arial; font-size: 18px; color: rgb(0, 0, 0); text-align: justify;&quot;&gt;Für Großkunden bieten wir nur die besten Varianten an, die nicht nur Geld verdienen, sondern auch das Absatzniveau und die Popularität auf einem lokalen Markt erhöhen.&lt;/p&gt;\r\n\r\n&lt;p style=&quot;box-sizing: border-box; font-family: Open Sans, sans-serif, arial; font-size: 18px; color: rgb(0, 0, 0); text-align: justify;&quot;&gt;&lt;strong style=&quot;box-sizing: border-box;&quot;&gt;Fertigungsunternehmen TM «Ksena» - ist Ihr zuverlässiger Partner auf dem Markt.&lt;/strong&gt;&lt;/p&gt;');
INSERT INTO `ocksena_information_description` (`information_id`, `language_id`, `title`, `description`) VALUES ('4', '1', 'About Us', '&lt;center style=&quot;box-sizing: border-box; color: rgb(0, 0, 0); font-family: MyriadProCondRegular, sans-serif, arial; font-size: 21px;&quot;&gt;\r\n&lt;h1 style=&quot;box-sizing: border-box; margin: 0.67em 0px; font-weight: lighter;&quot;&gt;Manufacturing company TM «Ksena»&lt;/h1&gt;\r\n&lt;/center&gt;\r\n\r\n&lt;p style=&quot;box-sizing: border-box; font-family: Open Sans, sans-serif, arial; font-size: 18px; color: rgb(0, 0, 0); text-align: justify;&quot;&gt;&lt;strong style=&quot;box-sizing: border-box;&quot;&gt;The wedding salon «Ksena»&lt;/strong&gt;works atUkraine’s, CIS’s countries’ and Europe’s market more than 7 years.We work directly with brides and wholesale buyers. The main purpose of our salon is creation of exclusive dresses in which every bride will feel herself irresistible. Our gowns are combination of quality, convenience and beauty in a reasonable price. In our work we not only follow modern trends – we establish them on our own, too.&lt;/p&gt;\r\n\r\n&lt;p style=&quot;box-sizing: border-box; font-family: Open Sans, sans-serif, arial; font-size: 18px; color: rgb(0, 0, 0); text-align: justify;&quot;&gt;We use only qualitative cloths, implement and decorative elements. All dresses’ trimming with lace, gems and rhinestones is made only by hand. The zest of many models is handmade embroidery and exclusive laces.&lt;/p&gt;\r\n\r\n&lt;p style=&quot;box-sizing: border-box; font-family: Open Sans, sans-serif, arial; font-size: 18px; color: rgb(0, 0, 0); text-align: justify;&quot;&gt;&lt;strong style=&quot;box-sizing: border-box;&quot;&gt;Our dresses are the best choice for brides who want to look stunning on their feast and to remember this day forever.&lt;/strong&gt;&lt;/p&gt;\r\n\r\n&lt;p style=&quot;box-sizing: border-box; font-family: Open Sans, sans-serif, arial; font-size: 18px; color: rgb(0, 0, 0); text-align: justify;&quot;&gt;For wholesale clients we offer only the best variants that help not only to make money, but to raise the level of sellings and popularity on a local market.&lt;/p&gt;\r\n\r\n&lt;p style=&quot;box-sizing: border-box; font-family: Open Sans, sans-serif, arial; font-size: 18px; color: rgb(0, 0, 0); text-align: justify;&quot;&gt;&lt;strong style=&quot;box-sizing: border-box;&quot;&gt;Manufacturing company TM «Ksena» - is Your reliable partner on the market.&lt;/strong&gt;&lt;/p&gt;\r\n');
INSERT INTO `ocksena_information_description` (`information_id`, `language_id`, `title`, `description`) VALUES ('4', '2', 'О нас', '&lt;center style=&quot;box-sizing: border-box; color: rgb(0, 0, 0); font-family: MyriadProCondRegular, sans-serif, arial; font-size: 21px;&quot;&gt;\r\n&lt;h1 style=&quot;box-sizing: border-box; margin: 0.67em 0px; font-weight: lighter;&quot;&gt;Компания производитель ТМ &quot;Ксена&quot;&lt;/h1&gt;\r\n&lt;/center&gt;\r\n\r\n&lt;p style=&quot;box-sizing: border-box; font-family: Open Sans, sans-serif, arial; font-size: 18px; color: rgb(0, 0, 0); text-align: justify;&quot;&gt;&lt;strong style=&quot;box-sizing: border-box;&quot;&gt;Салон свадебных платьев &quot;Ксена&quot;&amp;nbsp;&lt;/strong&gt;работает на рынке Украины, стран СНГ и Европы уже более 7 лет. Мы работаем и напрямую с невестами и с оптовыми покупателями. Цель нашего салона это создание эксклюзивных платьев, в которых каждая невеста будет чувствовать себя неотразимой. Наши платья это сочетание качества, удобства и красоты по разумной цене. В своей работе мы не просто придерживаемся современных тенденций, мы сами их устанавливаем.&lt;/p&gt;\r\n\r\n&lt;p style=&quot;box-sizing: border-box; font-family: Open Sans, sans-serif, arial; font-size: 18px; color: rgb(0, 0, 0); text-align: justify;&quot;&gt;Мы используем только &amp;nbsp;качественные ткани, фурнитуру и декоративные элементы. Отделка всех платьев кружевами, камнями и стразами &amp;nbsp;выполняется только вручную. Изюминкой многих моделей является ручная вышивка и эксклюзивные кружева.&lt;/p&gt;\r\n\r\n&lt;p style=&quot;box-sizing: border-box; font-family: Open Sans, sans-serif, arial; font-size: 18px; color: rgb(0, 0, 0); text-align: justify;&quot;&gt;&lt;strong style=&quot;box-sizing: border-box;&quot;&gt;Наши платья &amp;nbsp;лучший выбор для невест, которые хотят выглядеть сногсшибательно на своем празднике и запомнить этот день навсегда.&lt;/strong&gt;&lt;/p&gt;\r\n\r\n&lt;p style=&quot;box-sizing: border-box; font-family: Open Sans, sans-serif, arial; font-size: 18px; color: rgb(0, 0, 0); text-align: justify;&quot;&gt;Для оптовых клиентов мы предлагаем лучшие варианты, которые позволяют не просто зарабатывать деньги, а поднять уровень продаж и популярности на локальном рынке.&lt;/p&gt;\r\n\r\n&lt;p style=&quot;box-sizing: border-box; font-family: Open Sans, sans-serif, arial; font-size: 18px; color: rgb(0, 0, 0); text-align: justify;&quot;&gt;&lt;strong style=&quot;box-sizing: border-box;&quot;&gt;Компания производитель ТМ &quot;Ксена&quot; - Ваш надежный партнер на рынке.&lt;/strong&gt;&lt;/p&gt;\r\n');
INSERT INTO `ocksena_information_description` (`information_id`, `language_id`, `title`, `description`) VALUES ('5', '2', 'Terms &amp; Conditions', '&lt;p&gt;\r\n\tTerms &amp;amp; Conditions&lt;/p&gt;\r\n');
INSERT INTO `ocksena_information_description` (`information_id`, `language_id`, `title`, `description`) VALUES ('3', '2', 'Privacy Policy', '&lt;p&gt;\r\n\tPrivacy Policy&lt;/p&gt;\r\n');
INSERT INTO `ocksena_information_description` (`information_id`, `language_id`, `title`, `description`) VALUES ('6', '2', 'Delivery Information', '&lt;p&gt;\r\n\tDelivery Information&lt;/p&gt;\r\n');
INSERT INTO `ocksena_information_description` (`information_id`, `language_id`, `title`, `description`) VALUES ('7', '3', 'Artikel', '&lt;div aria-multiselectable=&quot;true&quot; class=&quot;panel-group&quot; id=&quot;accordion&quot; role=&quot;tablist&quot;&gt;\r\n&lt;div class=&quot;panel panel-default&quot;&gt;\r\n&lt;div class=&quot;panel-heading&quot; id=&quot;headingOne&quot; role=&quot;tab&quot;&gt;&lt;a aria-controls=&quot;collapseOne&quot; aria-expanded=&quot;false&quot; class=&quot;collapsed&quot; data-parent=&quot;#accordion&quot; data-toggle=&quot;collapse&quot; href=&quot;http://oc1564/index.php?route=information/information&amp;amp;information_id=7#collapseOne&quot; role=&quot;button&quot; style=&quot;box-sizing: border-box; color: rgb(0, 0, 0); font-family: MyriadProCondRegular, sans-serif, arial; font-size: 30px;&quot;&gt;Maßanfertigung&lt;/a&gt;&lt;/div&gt;\r\n\r\n&lt;div aria-labelledby=&quot;headingOne&quot; class=&quot;panel-collapse collapse in&quot; id=&quot;collapseOne&quot; role=&quot;tabpanel&quot;&gt;\r\n&lt;div class=&quot;panel-body&quot;&gt;\r\n&lt;p style=&quot;box-sizing: border-box; font-family: Open Sans, sans-serif, arial; font-size: 18px; color: rgb(0, 0, 0); text-align: justify;&quot;&gt;Liebe Braut, bieten Maßanfertigungen nach Ihren Messungen! Wir arbeiten seit 2009 und haben große Erfahrung im Bereich der Schneiderei Brautkleider! Mehr als 5.000 Bräute wurden glücklich, weil von uns! Was ist gut) Gerne bieten wir Ihnen günstige Preise und eine überraschend hohe Qualität! Adresse: Chernivtsi, ul.Glavnaya 29 Rufen Sie uns an! (050) 105-03-55&lt;/p&gt;\r\n&lt;/div&gt;\r\n&lt;/div&gt;\r\n&lt;/div&gt;\r\n\r\n&lt;div class=&quot;panel panel-default&quot;&gt;\r\n&lt;div class=&quot;panel-heading&quot; id=&quot;headingTwo&quot; role=&quot;tab&quot;&gt;&lt;a aria-controls=&quot;collapseTwo&quot; aria-expanded=&quot;false&quot; class=&quot;collapsed&quot; data-parent=&quot;#accordion&quot; data-toggle=&quot;collapse&quot; href=&quot;http://oc1564/index.php?route=information/information&amp;amp;information_id=7#collapseTwo&quot; role=&quot;button&quot; style=&quot;box-sizing: border-box; color: rgb(0, 0, 0); font-family: MyriadProCondRegular, sans-serif, arial; font-size: 30px;&quot;&gt;Kuchenfiguren&lt;/a&gt;&lt;/div&gt;\r\n\r\n&lt;div aria-labelledby=&quot;headingTwo&quot; class=&quot;panel-collapse collapse&quot; id=&quot;collapseTwo&quot; role=&quot;tabpanel&quot;&gt;\r\n&lt;div class=&quot;panel-body&quot;&gt;\r\n&lt;p style=&quot;box-sizing: border-box; font-family: Open Sans, sans-serif, arial; font-size: 18px; color: rgb(0, 0, 0); text-align: justify;&quot;&gt;Traditionelle Dekoration der Hochzeitstorte-Figuren, die die Braut und den Bräutigam symbolisieren. Bei der Auswahl der Zahlen sollte das Gewicht der Zusammensetzung und Größe des Kuchens zu berücksichtigen. Zum Beispiel auf einem großen Kuchen kleine Figur würde lächerlich aussehen, und ein Kuchen mit Sahne verziert, kann einfach nicht aufrechterhalten die massive Statue. Sehr populäre humorvolle und freche Bilder.&lt;/p&gt;\r\n&lt;/div&gt;\r\n&lt;/div&gt;\r\n&lt;/div&gt;\r\n&lt;/div&gt;\r\n');
INSERT INTO `ocksena_information_description` (`information_id`, `language_id`, `title`, `description`) VALUES ('7', '1', 'Articles', '&lt;div aria-multiselectable=&quot;true&quot; class=&quot;panel-group&quot; id=&quot;accordion&quot; role=&quot;tablist&quot;&gt;\r\n&lt;div class=&quot;panel panel-default&quot;&gt;\r\n&lt;div class=&quot;panel-heading&quot; id=&quot;headingOne&quot; role=&quot;tab&quot;&gt;&lt;a aria-controls=&quot;collapseOne&quot; aria-expanded=&quot;false&quot; class=&quot;collapsed&quot; data-parent=&quot;#accordion&quot; data-toggle=&quot;collapse&quot; href=&quot;http://oc1564/index.php?route=information/information&amp;amp;information_id=7#collapseOne&quot; role=&quot;button&quot; style=&quot;box-sizing: border-box; color: rgb(0, 0, 0); font-family: MyriadProCondRegular, sans-serif, arial; font-size: 30px;&quot;&gt;Custom tailoring&lt;/a&gt;&lt;/div&gt;\r\n\r\n&lt;div aria-labelledby=&quot;headingOne&quot; class=&quot;panel-collapse collapse in&quot; id=&quot;collapseOne&quot; role=&quot;tabpanel&quot;&gt;\r\n&lt;div class=&quot;panel-body&quot;&gt;\r\n&lt;p style=&quot;box-sizing: border-box; font-family: Open Sans, sans-serif, arial; font-size: 18px; color: rgb(0, 0, 0); text-align: justify;&quot;&gt;Dear Bride, offer custom tailoring according to your measurements! We have been working since 2009 and have vast experience in the field of tailoring wedding dresses! More than 5,000 brides became happy because of us! What is good) We will be glad to offer you reasonable prices and a surprisingly high-quality! Address: Chernivtsi, ul.Glavnaya 29 Call us! (050) 105-03-55&lt;/p&gt;\r\n&lt;/div&gt;\r\n&lt;/div&gt;\r\n&lt;/div&gt;\r\n\r\n&lt;div class=&quot;panel panel-default&quot;&gt;\r\n&lt;div class=&quot;panel-heading&quot; id=&quot;headingTwo&quot; role=&quot;tab&quot;&gt;&lt;a aria-controls=&quot;collapseTwo&quot; aria-expanded=&quot;false&quot; class=&quot;collapsed&quot; data-parent=&quot;#accordion&quot; data-toggle=&quot;collapse&quot; href=&quot;http://oc1564/index.php?route=information/information&amp;amp;information_id=7#collapseTwo&quot; role=&quot;button&quot; style=&quot;box-sizing: border-box; color: rgb(0, 0, 0); font-family: MyriadProCondRegular, sans-serif, arial; font-size: 30px;&quot;&gt;Cake figurines &lt;/a&gt;&lt;/div&gt;\r\n\r\n&lt;div aria-labelledby=&quot;headingTwo&quot; class=&quot;panel-collapse collapse&quot; id=&quot;collapseTwo&quot; role=&quot;tabpanel&quot;&gt;\r\n&lt;div class=&quot;panel-body&quot;&gt;\r\n&lt;p style=&quot;box-sizing: border-box; font-family: Open Sans, sans-serif, arial; font-size: 18px; color: rgb(0, 0, 0); text-align: justify;&quot;&gt;Traditional decoration of the wedding cake figurines, symbolizing the bride and groom. When choosing figures should take into account the weight of the composition and size of the cake. For example, on a large cake small figure would look ridiculous, and a cake decorated with cream, can simply not sustain the massive statue. Very popular humorous and naughty images.&lt;/p&gt;\r\n&lt;/div&gt;\r\n&lt;/div&gt;\r\n&lt;/div&gt;\r\n&lt;/div&gt;\r\n');
INSERT INTO `ocksena_information_description` (`information_id`, `language_id`, `title`, `description`) VALUES ('9', '1', 'Partners', '&lt;center style=&quot;box-sizing: border-box; color: rgb(0, 0, 0); font-family: MyriadProCondRegular, sans-serif, arial; font-size: 21px;&quot;&gt;\r\n&lt;h1 style=&quot;box-sizing: border-box; margin: 0.67em 0px; font-weight: lighter;&quot;&gt;Reliability, quality, experience&lt;/h1&gt;\r\n&lt;/center&gt;\r\n\r\n&lt;p style=&quot;box-sizing: border-box; font-family: Open Sans, sans-serif, arial; font-size: 18px; color: rgb(0, 0, 0); text-align: justify;&quot;&gt;&lt;strong&gt;Salon wedding dresses &quot;Xena&quot;&lt;/strong&gt; works in the market of Ukraine, CIS countries and Europe for over 7 years. We work directly with brides and wholesale customers. The purpose of our salon is the creation of exclusive dresses, which every bride will feel irresistible. Our dress is a combination of quality, comfort and beauty at a reasonable price. In our work we do not just stick to modern trends, we set them ourselves.&lt;/p&gt;\r\n\r\n&lt;p style=&quot;box-sizing: border-box; font-family: Open Sans, sans-serif, arial; font-size: 18px; color: rgb(0, 0, 0); text-align: justify;&quot;&gt;&lt;br /&gt;\r\nWe use only high quality fabrics, accessories and decorative items. Finish all the dresses with lace, sequins and stones is done by hand. The highlight of many models is the &lt;strong&gt;exclusive hand embroidery and lace&lt;/strong&gt;.&lt;/p&gt;\r\n\r\n&lt;p style=&quot;box-sizing: border-box; font-family: Open Sans, sans-serif, arial; font-size: 18px; color: rgb(0, 0, 0); text-align: justify;&quot;&gt;&lt;br /&gt;\r\nOur dresses are the best choice for brides who want to look stunning on your holiday and remember this day forever.&lt;/p&gt;\r\n\r\n&lt;p style=&quot;box-sizing: border-box; font-family: Open Sans, sans-serif, arial; font-size: 18px; color: rgb(0, 0, 0); text-align: justify;&quot;&gt;&lt;br /&gt;\r\nFor wholesale customers we offer the best options that allow you to not only make money, but to raise the level of sales and popularity on the local market.&lt;/p&gt;\r\n\r\n&lt;p style=&quot;box-sizing: border-box; font-family: Open Sans, sans-serif, arial; font-size: 18px; color: rgb(0, 0, 0); text-align: justify;&quot;&gt;&lt;br /&gt;\r\n&lt;strong&gt;The manufacturer TM &quot;Xena&quot; - your reliable partner in the market.&lt;/strong&gt;&lt;/p&gt;\r\n');
INSERT INTO `ocksena_information_description` (`information_id`, `language_id`, `title`, `description`) VALUES ('5', '3', 'Terms &amp; Conditions', '&lt;p&gt;\r\n\tTerms &amp;amp; Conditions&lt;/p&gt;\r\n');
INSERT INTO `ocksena_information_description` (`information_id`, `language_id`, `title`, `description`) VALUES ('3', '3', 'Privacy Policy', '&lt;p&gt;\r\n\tPrivacy Policy&lt;/p&gt;\r\n');
INSERT INTO `ocksena_information_description` (`information_id`, `language_id`, `title`, `description`) VALUES ('6', '3', 'Delivery Information', '&lt;p&gt;\r\n\tDelivery Information&lt;/p&gt;\r\n');
INSERT INTO `ocksena_information_description` (`information_id`, `language_id`, `title`, `description`) VALUES ('9', '3', 'Partner', '&lt;center style=&quot;box-sizing: border-box; color: rgb(0, 0, 0); font-family: MyriadProCondRegular, sans-serif, arial; font-size: 21px;&quot;&gt;\r\n&lt;h1 style=&quot;box-sizing: border-box; margin: 0.67em 0px; font-weight: lighter;&quot;&gt;Zuverlässigkeit, Qualität, Erfahrung&lt;/h1&gt;\r\n&lt;/center&gt;\r\n\r\n&lt;p style=&quot;box-sizing: border-box; font-family: Open Sans, sans-serif, arial; font-size: 18px; color: rgb(0, 0, 0); text-align: justify;&quot;&gt;&lt;strong&gt;Salon Brautkleider &quot;Xena&quot;&lt;/strong&gt; arbeitet auf dem Markt der Ukraine, GUS-Länder und Europa für mehr als 7 Jahren. Wir arbeiten direkt mit Bräuten und Großkunden. Der Zweck unseres Salons ist die Schaffung von exklusiven Kleider, die jede Braut fühlen unwiderstehlich. Unser Kleid ist eine Kombination aus Qualität, Komfort und Schönheit zu einem vernünftigen Preis. In unserer Arbeit halten wir uns nicht nur an modernen Trends fest, sondern setzen uns selbst ein.&lt;/p&gt;\r\n\r\n&lt;p style=&quot;box-sizing: border-box; font-family: Open Sans, sans-serif, arial; font-size: 18px; color: rgb(0, 0, 0); text-align: justify;&quot;&gt;&lt;br /&gt;\r\nWir verwenden nur hochwertige Stoffe, Accessoires und Dekorationsartikel. Beenden Sie alle Kleider mit Spitze, Pailletten und Steine wird von Hand gemacht. Das Highlight vieler Modelle ist &lt;strong&gt;die exklusive Handstickerei und Spitze&lt;/strong&gt;.&lt;/p&gt;\r\n\r\n&lt;p style=&quot;box-sizing: border-box; font-family: Open Sans, sans-serif, arial; font-size: 18px; color: rgb(0, 0, 0); text-align: justify;&quot;&gt;&lt;br /&gt;\r\nUnsere Kleider sind die beste Wahl für Bräute, die sehen wollen, atemberaubend auf Ihren Urlaub und erinnere mich an diesen Tag für immer.&lt;/p&gt;\r\n\r\n&lt;p style=&quot;box-sizing: border-box; font-family: Open Sans, sans-serif, arial; font-size: 18px; color: rgb(0, 0, 0); text-align: justify;&quot;&gt;&lt;br /&gt;\r\nFür Großkunden bieten wir Ihnen die besten Möglichkeiten, nicht nur Geld zu verdienen, sondern auch den Absatz und die Popularität auf dem lokalen Markt zu erhöhen.&lt;/p&gt;\r\n\r\n&lt;p style=&quot;box-sizing: border-box; font-family: Open Sans, sans-serif, arial; font-size: 18px; color: rgb(0, 0, 0); text-align: justify;&quot;&gt;&lt;br /&gt;\r\n&lt;strong&gt;Der Hersteller TM &quot;Xena&quot;&lt;/strong&gt; - Ihr zuverlässiger Partner auf dem Markt.&lt;/p&gt;');
INSERT INTO `ocksena_information_description` (`information_id`, `language_id`, `title`, `description`) VALUES ('9', '4', 'Партнерам', '&lt;center style=&quot;box-sizing: border-box; color: rgb(0, 0, 0); font-family: MyriadProCondRegular, sans-serif, arial; font-size: 21px;&quot;&gt;\r\n&lt;h1 style=&quot;box-sizing: border-box; margin: 0.67em 0px; font-weight: lighter;&quot;&gt;Надійність, якість, досвід&lt;/h1&gt;\r\n&lt;/center&gt;\r\n\r\n&lt;p style=&quot;box-sizing: border-box; font-family: Open Sans, sans-serif, arial; font-size: 18px; color: rgb(0, 0, 0); text-align: justify;&quot;&gt;&lt;strong&gt;Салон весільних суконь &quot;Ксена&quot;&lt;/strong&gt; працює на ринку України, країн СНД і Європи вже понад 7 років. Ми працюємо і безпосередньо з нареченими та з оптовими покупцями. Мета нашого салону це створення ексклюзивних суконь, в яких кожна наречена буде відчувати себе чарівною. Наші сукні це поєднання якості, зручності і краси за розумною ціною. У своїй роботі ми не просто дотримуємося сучасних тенденцій, ми самі їх встановлюємо.&lt;/p&gt;\r\n\r\n&lt;p style=&quot;box-sizing: border-box; font-family: Open Sans, sans-serif, arial; font-size: 18px; color: rgb(0, 0, 0); text-align: justify;&quot;&gt;&lt;br /&gt;\r\nМи використовуємо тільки якісні тканини, фурнітуру та декоративні елементи. Оздоблення всіх суконь мереживами, каменями і стразами виконується тільки вручну. Родзинкою багатьох моделей є ручна вишивка і &lt;strong&gt;ексклюзивні мережива&lt;/strong&gt;.&lt;/p&gt;\r\n\r\n&lt;p style=&quot;box-sizing: border-box; font-family: Open Sans, sans-serif, arial; font-size: 18px; color: rgb(0, 0, 0); text-align: justify;&quot;&gt;&lt;br /&gt;\r\nНаші сукні кращий вибір для наречених, які хочуть виглядати надзвичайно на своєму святі і запам\'ятати цей день назавжди.&lt;/p&gt;\r\n\r\n&lt;p style=&quot;box-sizing: border-box; font-family: Open Sans, sans-serif, arial; font-size: 18px; color: rgb(0, 0, 0); text-align: justify;&quot;&gt;&lt;br /&gt;\r\nДля оптових клієнтів ми пропонуємо найкращі варіанти, які дозволяють не просто заробляти гроші, а підняти рівень продажів і популярності на локальному ринку.&lt;/p&gt;\r\n\r\n&lt;p style=&quot;box-sizing: border-box; font-family: Open Sans, sans-serif, arial; font-size: 18px; color: rgb(0, 0, 0); text-align: justify;&quot;&gt;&lt;br /&gt;\r\n&lt;strong&gt;Компанія виробник ТМ &quot;Ксена&quot;&lt;/strong&gt; - Ваш надійний партнер на ринку.&lt;/p&gt;\r\n');
INSERT INTO `ocksena_information_description` (`information_id`, `language_id`, `title`, `description`) VALUES ('7', '2', 'Статьи', '&lt;div aria-multiselectable=&quot;true&quot; class=&quot;panel-group&quot; id=&quot;accordion&quot; role=&quot;tablist&quot;&gt;\r\n&lt;div class=&quot;panel panel-default&quot;&gt;\r\n&lt;div class=&quot;panel-heading&quot; id=&quot;headingOne&quot; role=&quot;tab&quot;&gt;&lt;a aria-controls=&quot;collapseOne&quot; aria-expanded=&quot;false&quot; class=&quot;collapsed&quot; data-parent=&quot;#accordion&quot; data-toggle=&quot;collapse&quot; href=&quot;http://oc1564/index.php?route=information/information&amp;amp;information_id=7#collapseOne&quot; role=&quot;button&quot; style=&quot;box-sizing: border-box; color: rgb(0, 0, 0); font-family: MyriadProCondRegular, sans-serif, arial; font-size: 30px;&quot;&gt;Пошив под заказ&lt;/a&gt;&lt;/div&gt;\r\n\r\n&lt;div aria-labelledby=&quot;headingOne&quot; class=&quot;panel-collapse collapse in&quot; id=&quot;collapseOne&quot; role=&quot;tabpanel&quot;&gt;\r\n&lt;div class=&quot;panel-body&quot;&gt;\r\n&lt;p style=&quot;box-sizing: border-box; font-family: Open Sans, sans-serif, arial; font-size: 18px; color: rgb(0, 0, 0); text-align: justify;&quot;&gt;Дорогие невесты, предлагаем Вам пошив под заказ по вашим меркам! Мы работаем с 2009 года и имеем огромный опыт в сфере индивидуального пошива свадебных платьев! Более 5000 невест стали счастливы благодаря нам! Что не может не радовать)&lt;br /&gt;\r\nМы будем рады предлагать Вам приятные цены и удивительно-высокое качество!&lt;br /&gt;\r\nАдрес: г. Черновцы, ул.Главная 29&amp;nbsp;&lt;br /&gt;\r\nЗвоните! (050) 105-03-55&lt;/p&gt;\r\n&lt;/div&gt;\r\n&lt;/div&gt;\r\n&lt;/div&gt;\r\n\r\n&lt;div class=&quot;panel panel-default&quot;&gt;\r\n&lt;div class=&quot;panel-heading&quot; id=&quot;headingTwo&quot; role=&quot;tab&quot;&gt;&lt;a aria-controls=&quot;collapseTwo&quot; aria-expanded=&quot;false&quot; class=&quot;collapsed&quot; data-parent=&quot;#accordion&quot; data-toggle=&quot;collapse&quot; href=&quot;http://oc1564/index.php?route=information/information&amp;amp;information_id=7#collapseTwo&quot; role=&quot;button&quot; style=&quot;box-sizing: border-box; color: rgb(0, 0, 0); font-family: MyriadProCondRegular, sans-serif, arial; font-size: 30px;&quot;&gt;Статуэтки для торта &lt;/a&gt;&lt;/div&gt;\r\n\r\n&lt;div aria-labelledby=&quot;headingTwo&quot; class=&quot;panel-collapse collapse&quot; id=&quot;collapseTwo&quot; role=&quot;tabpanel&quot;&gt;\r\n&lt;div class=&quot;panel-body&quot;&gt;\r\n&lt;p style=&quot;box-sizing: border-box; font-family: Open Sans, sans-serif, arial; font-size: 18px; color: rgb(0, 0, 0); text-align: justify;&quot;&gt;Традиционное украшение свадебного торта статуэтки, символизирующие новобрачных. При выборе фигурки следует учитывать вес, состав и размер торта. К примеру, на большом торте маленькая фигурка будет смотреться нелепо, а торт, украшенный сливками, может просто не выдержать массивную статуэтку. Большой популярностью пользуются юмористические и озорные образы.&lt;/p&gt;\r\n&lt;/div&gt;\r\n&lt;/div&gt;\r\n&lt;/div&gt;\r\n&lt;/div&gt;\r\n');
INSERT INTO `ocksena_information_description` (`information_id`, `language_id`, `title`, `description`) VALUES ('7', '4', 'Статті', '&lt;div aria-multiselectable=&quot;true&quot; class=&quot;panel-group&quot; id=&quot;accordion&quot; role=&quot;tablist&quot;&gt;\r\n&lt;div class=&quot;panel panel-default&quot;&gt;\r\n&lt;div class=&quot;panel-heading&quot; id=&quot;headingOne&quot; role=&quot;tab&quot;&gt;&lt;a aria-controls=&quot;collapseOne&quot; aria-expanded=&quot;false&quot; class=&quot;collapsed&quot; data-parent=&quot;#accordion&quot; data-toggle=&quot;collapse&quot; href=&quot;http://oc1564/index.php?route=information/information&amp;amp;information_id=7#collapseOne&quot; role=&quot;button&quot; style=&quot;box-sizing: border-box; color: rgb(0, 0, 0); font-family: MyriadProCondRegular, sans-serif, arial; font-size: 30px;&quot;&gt;Пошиття під замовлення&lt;/a&gt;&lt;/div&gt;\r\n\r\n&lt;div aria-labelledby=&quot;headingOne&quot; class=&quot;panel-collapse collapse in&quot; id=&quot;collapseOne&quot; role=&quot;tabpanel&quot;&gt;\r\n&lt;div class=&quot;panel-body&quot;&gt;\r\n&lt;p style=&quot;box-sizing: border-box; font-family: Open Sans, sans-serif, arial; font-size: 18px; color: rgb(0, 0, 0); text-align: justify;&quot;&gt;Дорогі наречені, пропонуємо Вам пошиття під замовлення за вашими мірками! Ми працюємо з 2009 року і маємо величезний досвід в сфері індивідуального пошиття весільних суконь! Більше 5000 наречених стали щасливі завдяки нам! Що не може не радувати)&lt;br /&gt;\r\nМи будемо раді запропонувати Вам приємні ціни і дивовижно-високу якість!&lt;br /&gt;\r\nАдреса: м. Чернівці, вул. Головна 29&amp;nbsp;&lt;br /&gt;\r\nТелефонуйте! (050) 105-03-55&lt;/p&gt;\r\n&lt;/div&gt;\r\n&lt;/div&gt;\r\n&lt;/div&gt;\r\n\r\n&lt;div class=&quot;panel panel-default&quot;&gt;\r\n&lt;div class=&quot;panel-heading&quot; id=&quot;headingTwo&quot; role=&quot;tab&quot;&gt;&lt;a aria-controls=&quot;collapseTwo&quot; aria-expanded=&quot;false&quot; class=&quot;collapsed&quot; data-parent=&quot;#accordion&quot; data-toggle=&quot;collapse&quot; href=&quot;http://oc1564/index.php?route=information/information&amp;amp;information_id=7#collapseTwo&quot; role=&quot;button&quot; style=&quot;box-sizing: border-box; color: rgb(0, 0, 0); font-family: MyriadProCondRegular, sans-serif, arial; font-size: 30px;&quot;&gt;Статуетки для торта&lt;/a&gt;&lt;/div&gt;\r\n\r\n&lt;div aria-labelledby=&quot;headingTwo&quot; class=&quot;panel-collapse collapse&quot; id=&quot;collapseTwo&quot; role=&quot;tabpanel&quot;&gt;\r\n&lt;div class=&quot;panel-body&quot;&gt;\r\n&lt;p style=&quot;box-sizing: border-box; font-family: Open Sans, sans-serif, arial; font-size: 18px; color: rgb(0, 0, 0); text-align: justify;&quot;&gt;Традиційна прикраса весільного торту статуетки, що символізують молодят. При виборі фігурки слід враховувати вагу, склад і розмір торту. Наприклад, на великому торті маленька фігурка буде виглядати безглуздо, а торт, прикрашений вершками, може просто не витримати масивну статуетку. Великою популярністю користуються гумористичні і пустотливі образи.&lt;/p&gt;\r\n&lt;/div&gt;\r\n&lt;/div&gt;\r\n&lt;/div&gt;\r\n&lt;/div&gt;');
INSERT INTO `ocksena_information_description` (`information_id`, `language_id`, `title`, `description`) VALUES ('5', '4', 'Terms &amp; Conditions', '&lt;p&gt;\r\n\tTerms &amp;amp; Conditions&lt;/p&gt;\r\n');
INSERT INTO `ocksena_information_description` (`information_id`, `language_id`, `title`, `description`) VALUES ('3', '4', 'Privacy Policy', '&lt;p&gt;\r\n\tPrivacy Policy&lt;/p&gt;\r\n');
INSERT INTO `ocksena_information_description` (`information_id`, `language_id`, `title`, `description`) VALUES ('6', '4', 'Delivery Information', '&lt;p&gt;\r\n\tDelivery Information&lt;/p&gt;\r\n');
INSERT INTO `ocksena_information_description` (`information_id`, `language_id`, `title`, `description`) VALUES ('4', '4', 'Про нас', '&lt;center style=&quot;box-sizing: border-box; color: rgb(0, 0, 0); font-family: MyriadProCondRegular, sans-serif, arial; font-size: 21px;&quot;&gt;\r\n&lt;center style=&quot;box-sizing: border-box; color: rgb(0, 0, 0); font-family: MyriadProCondRegular, sans-serif, arial; font-size: 21px;&quot;&gt;\r\n&lt;h1 style=&quot;font-weight: lighter; box-sizing: border-box; margin: 0.67em 0px;&quot;&gt;Компанія виробник ТМ &quot;Ксена&quot;&lt;/h1&gt;\r\n&lt;/center&gt;\r\n\r\n&lt;p style=&quot;box-sizing: border-box; font-family: &amp;quot;Open Sans&amp;quot;, sans-serif, arial; font-size: 18px; color: rgb(0, 0, 0); text-align: justify;&quot;&gt;&lt;strong style=&quot;box-sizing: border-box;&quot;&gt;Салон весільних суконь &quot;Ксена&quot;&amp;nbsp;&lt;/strong&gt;працює на ринку України, країн СНД і Європи вже понад 7 років. Ми працюємо і безпосередньо з нареченими та з оптовими покупцями. Мета нашого салону це створення ексклюзивних суконь, в яких кожна наречена буде відчувати себе чарівною. Наші сукні це поєднання якості, зручності і краси за розумною ціною. У своїй роботі ми не просто дотримуємося сучасних тенденцій, ми самі їх встановлюємо.&lt;/p&gt;\r\n\r\n&lt;p style=&quot;box-sizing: border-box; font-family: &amp;quot;Open Sans&amp;quot;, sans-serif, arial; font-size: 18px; color: rgb(0, 0, 0); text-align: justify;&quot;&gt;Ми використовуємо тільки &amp;nbsp;якісні тканини, фурнітуру та декоративні елементи. Оздоблення всіх суконь мереживами, каменями і стразами &amp;nbsp;виконується тільки вручну. Родзинкою багатьох моделей є ручна вишивка і ексклюзивні мережива.&lt;/p&gt;\r\n\r\n&lt;p style=&quot;box-sizing: border-box; font-family: &amp;quot;Open Sans&amp;quot;, sans-serif, arial; font-size: 18px; color: rgb(0, 0, 0); text-align: justify;&quot;&gt;&lt;strong style=&quot;box-sizing: border-box;&quot;&gt;Наші сукні &amp;nbsp;кращий вибір для наречених, які хочуть виглядати надзвичайно на своєму святі і запам\'ятати цей день назавжди.&lt;/strong&gt;&lt;/p&gt;\r\n\r\n&lt;p style=&quot;box-sizing: border-box; font-family: &amp;quot;Open Sans&amp;quot;, sans-serif, arial; font-size: 18px; color: rgb(0, 0, 0); text-align: justify;&quot;&gt;Для оптових клієнтів ми пропонуємо найкращі варіанти, які дозволяють не просто заробляти гроші, а підняти рівень продажів і популярності на локальному ринку.&lt;/p&gt;\r\n\r\n&lt;p style=&quot;box-sizing: border-box; font-family: &amp;quot;Open Sans&amp;quot;, sans-serif, arial; font-size: 18px; color: rgb(0, 0, 0); text-align: justify;&quot;&gt;&lt;strong style=&quot;box-sizing: border-box;&quot;&gt;Компанія виробник ТМ &quot;Ксена&quot; - Ваш надійний партнер на ринку.&lt;/strong&gt;&lt;/p&gt;\r\n&lt;/center&gt;\r\n');
INSERT INTO `ocksena_information_description` (`information_id`, `language_id`, `title`, `description`) VALUES ('9', '2', 'Партнерам', '&lt;center style=&quot;box-sizing: border-box; color: rgb(0, 0, 0); font-family: MyriadProCondRegular, sans-serif, arial; font-size: 21px;&quot;&gt;\r\n&lt;h1 style=&quot;box-sizing: border-box; margin: 0.67em 0px; font-weight: lighter;&quot;&gt;Надежность, качество, опыт&lt;/h1&gt;\r\n&lt;/center&gt;\r\n\r\n&lt;p style=&quot;box-sizing: border-box; font-family: Open Sans, sans-serif, arial; font-size: 18px; color: rgb(0, 0, 0); text-align: justify;&quot;&gt;&lt;strong&gt;Салон свадебных платьев &quot;Ксена&quot;&lt;/strong&gt; работает на рынке Украины, стран СНГ и Европы уже более 7 лет. Мы работаем и напрямую с невестами и с оптовыми покупателями. Цель нашего салона это создание эксклюзивных платьев, в которых каждая невеста будет чувствовать себя неотразимой. Наши платья это сочетание качества, удобства и красоты по разумной цене. В своей работе мы не просто придерживаемся современных тенденций, мы сами их устанавливаем.&lt;/p&gt;\r\n\r\n&lt;p style=&quot;box-sizing: border-box; font-family: Open Sans, sans-serif, arial; font-size: 18px; color: rgb(0, 0, 0); text-align: justify;&quot;&gt;&lt;br /&gt;\r\nМы используем только качественные ткани, фурнитуру и декоративные элементы. Отделка всех платьев кружевами, камнями и стразами выполняется только вручную. Изюминкой многих моделей является ручная вышивка и &lt;strong&gt;эксклюзивные кружева&lt;/strong&gt;.&lt;/p&gt;\r\n\r\n&lt;p style=&quot;box-sizing: border-box; font-family: Open Sans, sans-serif, arial; font-size: 18px; color: rgb(0, 0, 0); text-align: justify;&quot;&gt;&lt;br /&gt;\r\nНаши платья лучший выбор для невест, которые хотят выглядеть сногсшибательно на своем празднике и запомнить этот день навсегда.&lt;/p&gt;\r\n\r\n&lt;p style=&quot;box-sizing: border-box; font-family: Open Sans, sans-serif, arial; font-size: 18px; color: rgb(0, 0, 0); text-align: justify;&quot;&gt;&lt;br /&gt;\r\nДля оптовых клиентов мы предлагаем лучшие варианты, которые позволяют не просто зарабатывать деньги, а поднять уровень продаж и популярности на локальном рынке.&lt;/p&gt;\r\n\r\n&lt;p style=&quot;box-sizing: border-box; font-family: Open Sans, sans-serif, arial; font-size: 18px; color: rgb(0, 0, 0); text-align: justify;&quot;&gt;&lt;br /&gt;\r\n&lt;strong&gt;Компания производитель ТМ &quot;Ксена&quot;&lt;/strong&gt; - Ваш надежный партнер на рынке.&lt;/p&gt;\r\n');


TRUNCATE TABLE `ocksena_information_to_layout`;



TRUNCATE TABLE `ocksena_information_to_store`;

INSERT INTO `ocksena_information_to_store` (`information_id`, `store_id`) VALUES ('3', '0');
INSERT INTO `ocksena_information_to_store` (`information_id`, `store_id`) VALUES ('4', '0');
INSERT INTO `ocksena_information_to_store` (`information_id`, `store_id`) VALUES ('5', '0');
INSERT INTO `ocksena_information_to_store` (`information_id`, `store_id`) VALUES ('6', '0');
INSERT INTO `ocksena_information_to_store` (`information_id`, `store_id`) VALUES ('7', '0');
INSERT INTO `ocksena_information_to_store` (`information_id`, `store_id`) VALUES ('9', '0');


TRUNCATE TABLE `ocksena_language`;

INSERT INTO `ocksena_language` (`language_id`, `name`, `code`, `locale`, `image`, `directory`, `filename`, `sort_order`, `status`) VALUES ('1', 'English', 'en', 'en_US.UTF-8,en_US,en-gb,english', 'gb.png', 'english', 'english', '1', '1');
INSERT INTO `ocksena_language` (`language_id`, `name`, `code`, `locale`, `image`, `directory`, `filename`, `sort_order`, `status`) VALUES ('2', 'Русский', 'ru', 'ru,ru_RU,ru_RU.UTF-8', 'ru.png', 'russian', 'russian', '1', '1');
INSERT INTO `ocksena_language` (`language_id`, `name`, `code`, `locale`, `image`, `directory`, `filename`, `sort_order`, `status`) VALUES ('3', 'Deutsch', 'de', 'de_DE.UTF-8,de_DE,de-de,german', 'de.png', 'deutsch', 'deutsch', '1', '1');
INSERT INTO `ocksena_language` (`language_id`, `name`, `code`, `locale`, `image`, `directory`, `filename`, `sort_order`, `status`) VALUES ('4', 'Українська', 'UK', 'uk_UA.utf-8, uk_ua, ukrainian', 'ua.png', 'ukrainian', 'ukrainian', '1', '1');


TRUNCATE TABLE `ocksena_layout`;

INSERT INTO `ocksena_layout` (`layout_id`, `name`) VALUES ('1', 'Home');
INSERT INTO `ocksena_layout` (`layout_id`, `name`) VALUES ('2', 'Product');
INSERT INTO `ocksena_layout` (`layout_id`, `name`) VALUES ('3', 'Category');
INSERT INTO `ocksena_layout` (`layout_id`, `name`) VALUES ('4', 'Default');
INSERT INTO `ocksena_layout` (`layout_id`, `name`) VALUES ('5', 'Manufacturer');
INSERT INTO `ocksena_layout` (`layout_id`, `name`) VALUES ('6', 'Account');
INSERT INTO `ocksena_layout` (`layout_id`, `name`) VALUES ('7', 'Checkout');
INSERT INTO `ocksena_layout` (`layout_id`, `name`) VALUES ('8', 'Contact');
INSERT INTO `ocksena_layout` (`layout_id`, `name`) VALUES ('9', 'Sitemap');
INSERT INTO `ocksena_layout` (`layout_id`, `name`) VALUES ('10', 'Affiliate');
INSERT INTO `ocksena_layout` (`layout_id`, `name`) VALUES ('11', 'Information');


TRUNCATE TABLE `ocksena_layout_route`;

INSERT INTO `ocksena_layout_route` (`layout_route_id`, `layout_id`, `store_id`, `route`) VALUES ('30', '6', '0', 'account');
INSERT INTO `ocksena_layout_route` (`layout_route_id`, `layout_id`, `store_id`, `route`) VALUES ('17', '10', '0', 'affiliate/');
INSERT INTO `ocksena_layout_route` (`layout_route_id`, `layout_id`, `store_id`, `route`) VALUES ('29', '3', '0', 'product/category');
INSERT INTO `ocksena_layout_route` (`layout_route_id`, `layout_id`, `store_id`, `route`) VALUES ('26', '1', '0', 'common/home');
INSERT INTO `ocksena_layout_route` (`layout_route_id`, `layout_id`, `store_id`, `route`) VALUES ('20', '2', '0', 'product/product');
INSERT INTO `ocksena_layout_route` (`layout_route_id`, `layout_id`, `store_id`, `route`) VALUES ('24', '11', '0', 'information/information');
INSERT INTO `ocksena_layout_route` (`layout_route_id`, `layout_id`, `store_id`, `route`) VALUES ('22', '5', '0', 'product/manufacturer');
INSERT INTO `ocksena_layout_route` (`layout_route_id`, `layout_id`, `store_id`, `route`) VALUES ('23', '7', '0', 'checkout/');
INSERT INTO `ocksena_layout_route` (`layout_route_id`, `layout_id`, `store_id`, `route`) VALUES ('31', '8', '0', 'information/contact');
INSERT INTO `ocksena_layout_route` (`layout_route_id`, `layout_id`, `store_id`, `route`) VALUES ('32', '9', '0', 'information/sitemap');


TRUNCATE TABLE `ocksena_length_class`;

INSERT INTO `ocksena_length_class` (`length_class_id`, `value`) VALUES ('1', '1.00000000');
INSERT INTO `ocksena_length_class` (`length_class_id`, `value`) VALUES ('2', '10.00000000');
INSERT INTO `ocksena_length_class` (`length_class_id`, `value`) VALUES ('3', '0.39370000');


TRUNCATE TABLE `ocksena_length_class_description`;

INSERT INTO `ocksena_length_class_description` (`length_class_id`, `language_id`, `title`, `unit`) VALUES ('1', '1', 'Centimeter', 'cm');
INSERT INTO `ocksena_length_class_description` (`length_class_id`, `language_id`, `title`, `unit`) VALUES ('2', '1', 'Millimeter', 'mm');
INSERT INTO `ocksena_length_class_description` (`length_class_id`, `language_id`, `title`, `unit`) VALUES ('3', '1', 'Inch', 'in');
INSERT INTO `ocksena_length_class_description` (`length_class_id`, `language_id`, `title`, `unit`) VALUES ('1', '2', 'Centimeter', 'cm');
INSERT INTO `ocksena_length_class_description` (`length_class_id`, `language_id`, `title`, `unit`) VALUES ('2', '2', 'Millimeter', 'mm');
INSERT INTO `ocksena_length_class_description` (`length_class_id`, `language_id`, `title`, `unit`) VALUES ('3', '2', 'Inch', 'in');
INSERT INTO `ocksena_length_class_description` (`length_class_id`, `language_id`, `title`, `unit`) VALUES ('1', '3', 'Centimeter', 'cm');
INSERT INTO `ocksena_length_class_description` (`length_class_id`, `language_id`, `title`, `unit`) VALUES ('2', '3', 'Millimeter', 'mm');
INSERT INTO `ocksena_length_class_description` (`length_class_id`, `language_id`, `title`, `unit`) VALUES ('3', '3', 'Inch', 'in');
INSERT INTO `ocksena_length_class_description` (`length_class_id`, `language_id`, `title`, `unit`) VALUES ('1', '4', 'Centimeter', 'cm');
INSERT INTO `ocksena_length_class_description` (`length_class_id`, `language_id`, `title`, `unit`) VALUES ('2', '4', 'Millimeter', 'mm');
INSERT INTO `ocksena_length_class_description` (`length_class_id`, `language_id`, `title`, `unit`) VALUES ('3', '4', 'Inch', 'in');


TRUNCATE TABLE `ocksena_manufacturer`;

INSERT INTO `ocksena_manufacturer` (`manufacturer_id`, `name`, `image`, `sort_order`) VALUES ('5', 'HTC', 'data/demo/htc_logo.jpg', '0');
INSERT INTO `ocksena_manufacturer` (`manufacturer_id`, `name`, `image`, `sort_order`) VALUES ('6', 'Palm', 'data/demo/palm_logo.jpg', '0');
INSERT INTO `ocksena_manufacturer` (`manufacturer_id`, `name`, `image`, `sort_order`) VALUES ('7', 'Hewlett-Packard', 'data/demo/hp_logo.jpg', '0');
INSERT INTO `ocksena_manufacturer` (`manufacturer_id`, `name`, `image`, `sort_order`) VALUES ('8', 'Apple', 'data/demo/apple_logo.jpg', '0');
INSERT INTO `ocksena_manufacturer` (`manufacturer_id`, `name`, `image`, `sort_order`) VALUES ('9', 'Canon', 'data/demo/canon_logo.jpg', '0');
INSERT INTO `ocksena_manufacturer` (`manufacturer_id`, `name`, `image`, `sort_order`) VALUES ('10', 'Sony', 'data/demo/sony_logo.jpg', '0');
INSERT INTO `ocksena_manufacturer` (`manufacturer_id`, `name`, `image`, `sort_order`) VALUES ('11', 'ss1', 'data/demo/IMG_0091.jpg', '0');


TRUNCATE TABLE `ocksena_manufacturer_to_store`;

INSERT INTO `ocksena_manufacturer_to_store` (`manufacturer_id`, `store_id`) VALUES ('5', '0');
INSERT INTO `ocksena_manufacturer_to_store` (`manufacturer_id`, `store_id`) VALUES ('6', '0');
INSERT INTO `ocksena_manufacturer_to_store` (`manufacturer_id`, `store_id`) VALUES ('7', '0');
INSERT INTO `ocksena_manufacturer_to_store` (`manufacturer_id`, `store_id`) VALUES ('8', '0');
INSERT INTO `ocksena_manufacturer_to_store` (`manufacturer_id`, `store_id`) VALUES ('9', '0');
INSERT INTO `ocksena_manufacturer_to_store` (`manufacturer_id`, `store_id`) VALUES ('10', '0');
INSERT INTO `ocksena_manufacturer_to_store` (`manufacturer_id`, `store_id`) VALUES ('11', '0');


TRUNCATE TABLE `ocksena_option`;

INSERT INTO `ocksena_option` (`option_id`, `type`, `sort_order`) VALUES ('1', 'radio', '2');
INSERT INTO `ocksena_option` (`option_id`, `type`, `sort_order`) VALUES ('2', 'checkbox', '3');
INSERT INTO `ocksena_option` (`option_id`, `type`, `sort_order`) VALUES ('4', 'text', '4');
INSERT INTO `ocksena_option` (`option_id`, `type`, `sort_order`) VALUES ('5', 'select', '1');
INSERT INTO `ocksena_option` (`option_id`, `type`, `sort_order`) VALUES ('6', 'textarea', '5');
INSERT INTO `ocksena_option` (`option_id`, `type`, `sort_order`) VALUES ('7', 'file', '6');
INSERT INTO `ocksena_option` (`option_id`, `type`, `sort_order`) VALUES ('8', 'date', '7');
INSERT INTO `ocksena_option` (`option_id`, `type`, `sort_order`) VALUES ('9', 'time', '8');
INSERT INTO `ocksena_option` (`option_id`, `type`, `sort_order`) VALUES ('10', 'datetime', '9');
INSERT INTO `ocksena_option` (`option_id`, `type`, `sort_order`) VALUES ('11', 'select', '1');
INSERT INTO `ocksena_option` (`option_id`, `type`, `sort_order`) VALUES ('12', 'date', '1');


TRUNCATE TABLE `ocksena_option_description`;

INSERT INTO `ocksena_option_description` (`option_id`, `language_id`, `name`) VALUES ('1', '1', 'Radio');
INSERT INTO `ocksena_option_description` (`option_id`, `language_id`, `name`) VALUES ('2', '1', 'Checkbox');
INSERT INTO `ocksena_option_description` (`option_id`, `language_id`, `name`) VALUES ('4', '1', 'Text');
INSERT INTO `ocksena_option_description` (`option_id`, `language_id`, `name`) VALUES ('6', '1', 'Textarea');
INSERT INTO `ocksena_option_description` (`option_id`, `language_id`, `name`) VALUES ('8', '1', 'Date');
INSERT INTO `ocksena_option_description` (`option_id`, `language_id`, `name`) VALUES ('7', '1', 'File');
INSERT INTO `ocksena_option_description` (`option_id`, `language_id`, `name`) VALUES ('5', '1', 'Select');
INSERT INTO `ocksena_option_description` (`option_id`, `language_id`, `name`) VALUES ('9', '1', 'Time');
INSERT INTO `ocksena_option_description` (`option_id`, `language_id`, `name`) VALUES ('10', '1', 'Date &amp; Time');
INSERT INTO `ocksena_option_description` (`option_id`, `language_id`, `name`) VALUES ('12', '1', 'Delivery Date');
INSERT INTO `ocksena_option_description` (`option_id`, `language_id`, `name`) VALUES ('11', '1', 'Size');
INSERT INTO `ocksena_option_description` (`option_id`, `language_id`, `name`) VALUES ('1', '2', 'Radio');
INSERT INTO `ocksena_option_description` (`option_id`, `language_id`, `name`) VALUES ('2', '2', 'Checkbox');
INSERT INTO `ocksena_option_description` (`option_id`, `language_id`, `name`) VALUES ('4', '2', 'Text');
INSERT INTO `ocksena_option_description` (`option_id`, `language_id`, `name`) VALUES ('6', '2', 'Textarea');
INSERT INTO `ocksena_option_description` (`option_id`, `language_id`, `name`) VALUES ('8', '2', 'Date');
INSERT INTO `ocksena_option_description` (`option_id`, `language_id`, `name`) VALUES ('7', '2', 'File');
INSERT INTO `ocksena_option_description` (`option_id`, `language_id`, `name`) VALUES ('5', '2', 'Select');
INSERT INTO `ocksena_option_description` (`option_id`, `language_id`, `name`) VALUES ('9', '2', 'Time');
INSERT INTO `ocksena_option_description` (`option_id`, `language_id`, `name`) VALUES ('10', '2', 'Date &amp; Time');
INSERT INTO `ocksena_option_description` (`option_id`, `language_id`, `name`) VALUES ('12', '2', 'Delivery Date');
INSERT INTO `ocksena_option_description` (`option_id`, `language_id`, `name`) VALUES ('11', '2', 'Size');
INSERT INTO `ocksena_option_description` (`option_id`, `language_id`, `name`) VALUES ('1', '3', 'Radio');
INSERT INTO `ocksena_option_description` (`option_id`, `language_id`, `name`) VALUES ('2', '3', 'Checkbox');
INSERT INTO `ocksena_option_description` (`option_id`, `language_id`, `name`) VALUES ('4', '3', 'Text');
INSERT INTO `ocksena_option_description` (`option_id`, `language_id`, `name`) VALUES ('6', '3', 'Textarea');
INSERT INTO `ocksena_option_description` (`option_id`, `language_id`, `name`) VALUES ('8', '3', 'Date');
INSERT INTO `ocksena_option_description` (`option_id`, `language_id`, `name`) VALUES ('7', '3', 'File');
INSERT INTO `ocksena_option_description` (`option_id`, `language_id`, `name`) VALUES ('5', '3', 'Select');
INSERT INTO `ocksena_option_description` (`option_id`, `language_id`, `name`) VALUES ('9', '3', 'Time');
INSERT INTO `ocksena_option_description` (`option_id`, `language_id`, `name`) VALUES ('10', '3', 'Date &amp; Time');
INSERT INTO `ocksena_option_description` (`option_id`, `language_id`, `name`) VALUES ('12', '3', 'Delivery Date');
INSERT INTO `ocksena_option_description` (`option_id`, `language_id`, `name`) VALUES ('11', '3', 'Size');
INSERT INTO `ocksena_option_description` (`option_id`, `language_id`, `name`) VALUES ('1', '4', 'Radio');
INSERT INTO `ocksena_option_description` (`option_id`, `language_id`, `name`) VALUES ('2', '4', 'Checkbox');
INSERT INTO `ocksena_option_description` (`option_id`, `language_id`, `name`) VALUES ('4', '4', 'Text');
INSERT INTO `ocksena_option_description` (`option_id`, `language_id`, `name`) VALUES ('6', '4', 'Textarea');
INSERT INTO `ocksena_option_description` (`option_id`, `language_id`, `name`) VALUES ('8', '4', 'Date');
INSERT INTO `ocksena_option_description` (`option_id`, `language_id`, `name`) VALUES ('7', '4', 'File');
INSERT INTO `ocksena_option_description` (`option_id`, `language_id`, `name`) VALUES ('5', '4', 'Select');
INSERT INTO `ocksena_option_description` (`option_id`, `language_id`, `name`) VALUES ('9', '4', 'Time');
INSERT INTO `ocksena_option_description` (`option_id`, `language_id`, `name`) VALUES ('10', '4', 'Date &amp; Time');
INSERT INTO `ocksena_option_description` (`option_id`, `language_id`, `name`) VALUES ('12', '4', 'Delivery Date');
INSERT INTO `ocksena_option_description` (`option_id`, `language_id`, `name`) VALUES ('11', '4', 'Size');


TRUNCATE TABLE `ocksena_option_value`;

INSERT INTO `ocksena_option_value` (`option_value_id`, `option_id`, `image`, `sort_order`) VALUES ('43', '1', '', '3');
INSERT INTO `ocksena_option_value` (`option_value_id`, `option_id`, `image`, `sort_order`) VALUES ('32', '1', '', '1');
INSERT INTO `ocksena_option_value` (`option_value_id`, `option_id`, `image`, `sort_order`) VALUES ('45', '2', '', '4');
INSERT INTO `ocksena_option_value` (`option_value_id`, `option_id`, `image`, `sort_order`) VALUES ('44', '2', '', '3');
INSERT INTO `ocksena_option_value` (`option_value_id`, `option_id`, `image`, `sort_order`) VALUES ('42', '5', '', '4');
INSERT INTO `ocksena_option_value` (`option_value_id`, `option_id`, `image`, `sort_order`) VALUES ('41', '5', '', '3');
INSERT INTO `ocksena_option_value` (`option_value_id`, `option_id`, `image`, `sort_order`) VALUES ('39', '5', '', '1');
INSERT INTO `ocksena_option_value` (`option_value_id`, `option_id`, `image`, `sort_order`) VALUES ('40', '5', '', '2');
INSERT INTO `ocksena_option_value` (`option_value_id`, `option_id`, `image`, `sort_order`) VALUES ('31', '1', '', '2');
INSERT INTO `ocksena_option_value` (`option_value_id`, `option_id`, `image`, `sort_order`) VALUES ('23', '2', '', '1');
INSERT INTO `ocksena_option_value` (`option_value_id`, `option_id`, `image`, `sort_order`) VALUES ('24', '2', '', '2');
INSERT INTO `ocksena_option_value` (`option_value_id`, `option_id`, `image`, `sort_order`) VALUES ('46', '11', '', '1');
INSERT INTO `ocksena_option_value` (`option_value_id`, `option_id`, `image`, `sort_order`) VALUES ('47', '11', '', '2');
INSERT INTO `ocksena_option_value` (`option_value_id`, `option_id`, `image`, `sort_order`) VALUES ('48', '11', '', '3');


TRUNCATE TABLE `ocksena_option_value_description`;

INSERT INTO `ocksena_option_value_description` (`option_value_id`, `language_id`, `option_id`, `name`) VALUES ('43', '1', '1', 'Large');
INSERT INTO `ocksena_option_value_description` (`option_value_id`, `language_id`, `option_id`, `name`) VALUES ('32', '1', '1', 'Small');
INSERT INTO `ocksena_option_value_description` (`option_value_id`, `language_id`, `option_id`, `name`) VALUES ('45', '1', '2', 'Checkbox 4');
INSERT INTO `ocksena_option_value_description` (`option_value_id`, `language_id`, `option_id`, `name`) VALUES ('44', '1', '2', 'Checkbox 3');
INSERT INTO `ocksena_option_value_description` (`option_value_id`, `language_id`, `option_id`, `name`) VALUES ('31', '1', '1', 'Medium');
INSERT INTO `ocksena_option_value_description` (`option_value_id`, `language_id`, `option_id`, `name`) VALUES ('42', '1', '5', 'Yellow');
INSERT INTO `ocksena_option_value_description` (`option_value_id`, `language_id`, `option_id`, `name`) VALUES ('41', '1', '5', 'Green');
INSERT INTO `ocksena_option_value_description` (`option_value_id`, `language_id`, `option_id`, `name`) VALUES ('39', '1', '5', 'Red');
INSERT INTO `ocksena_option_value_description` (`option_value_id`, `language_id`, `option_id`, `name`) VALUES ('40', '1', '5', 'Blue');
INSERT INTO `ocksena_option_value_description` (`option_value_id`, `language_id`, `option_id`, `name`) VALUES ('23', '1', '2', 'Checkbox 1');
INSERT INTO `ocksena_option_value_description` (`option_value_id`, `language_id`, `option_id`, `name`) VALUES ('24', '1', '2', 'Checkbox 2');
INSERT INTO `ocksena_option_value_description` (`option_value_id`, `language_id`, `option_id`, `name`) VALUES ('48', '1', '11', 'Large');
INSERT INTO `ocksena_option_value_description` (`option_value_id`, `language_id`, `option_id`, `name`) VALUES ('47', '1', '11', 'Medium');
INSERT INTO `ocksena_option_value_description` (`option_value_id`, `language_id`, `option_id`, `name`) VALUES ('46', '1', '11', 'Small');
INSERT INTO `ocksena_option_value_description` (`option_value_id`, `language_id`, `option_id`, `name`) VALUES ('43', '2', '1', 'Large');
INSERT INTO `ocksena_option_value_description` (`option_value_id`, `language_id`, `option_id`, `name`) VALUES ('32', '2', '1', 'Small');
INSERT INTO `ocksena_option_value_description` (`option_value_id`, `language_id`, `option_id`, `name`) VALUES ('45', '2', '2', 'Checkbox 4');
INSERT INTO `ocksena_option_value_description` (`option_value_id`, `language_id`, `option_id`, `name`) VALUES ('44', '2', '2', 'Checkbox 3');
INSERT INTO `ocksena_option_value_description` (`option_value_id`, `language_id`, `option_id`, `name`) VALUES ('31', '2', '1', 'Medium');
INSERT INTO `ocksena_option_value_description` (`option_value_id`, `language_id`, `option_id`, `name`) VALUES ('42', '2', '5', 'Yellow');
INSERT INTO `ocksena_option_value_description` (`option_value_id`, `language_id`, `option_id`, `name`) VALUES ('41', '2', '5', 'Green');
INSERT INTO `ocksena_option_value_description` (`option_value_id`, `language_id`, `option_id`, `name`) VALUES ('39', '2', '5', 'Red');
INSERT INTO `ocksena_option_value_description` (`option_value_id`, `language_id`, `option_id`, `name`) VALUES ('40', '2', '5', 'Blue');
INSERT INTO `ocksena_option_value_description` (`option_value_id`, `language_id`, `option_id`, `name`) VALUES ('23', '2', '2', 'Checkbox 1');
INSERT INTO `ocksena_option_value_description` (`option_value_id`, `language_id`, `option_id`, `name`) VALUES ('24', '2', '2', 'Checkbox 2');
INSERT INTO `ocksena_option_value_description` (`option_value_id`, `language_id`, `option_id`, `name`) VALUES ('48', '2', '11', 'Large');
INSERT INTO `ocksena_option_value_description` (`option_value_id`, `language_id`, `option_id`, `name`) VALUES ('47', '2', '11', 'Medium');
INSERT INTO `ocksena_option_value_description` (`option_value_id`, `language_id`, `option_id`, `name`) VALUES ('46', '2', '11', 'Small');
INSERT INTO `ocksena_option_value_description` (`option_value_id`, `language_id`, `option_id`, `name`) VALUES ('43', '3', '1', 'Large');
INSERT INTO `ocksena_option_value_description` (`option_value_id`, `language_id`, `option_id`, `name`) VALUES ('32', '3', '1', 'Small');
INSERT INTO `ocksena_option_value_description` (`option_value_id`, `language_id`, `option_id`, `name`) VALUES ('45', '3', '2', 'Checkbox 4');
INSERT INTO `ocksena_option_value_description` (`option_value_id`, `language_id`, `option_id`, `name`) VALUES ('44', '3', '2', 'Checkbox 3');
INSERT INTO `ocksena_option_value_description` (`option_value_id`, `language_id`, `option_id`, `name`) VALUES ('31', '3', '1', 'Medium');
INSERT INTO `ocksena_option_value_description` (`option_value_id`, `language_id`, `option_id`, `name`) VALUES ('42', '3', '5', 'Yellow');
INSERT INTO `ocksena_option_value_description` (`option_value_id`, `language_id`, `option_id`, `name`) VALUES ('41', '3', '5', 'Green');
INSERT INTO `ocksena_option_value_description` (`option_value_id`, `language_id`, `option_id`, `name`) VALUES ('39', '3', '5', 'Red');
INSERT INTO `ocksena_option_value_description` (`option_value_id`, `language_id`, `option_id`, `name`) VALUES ('40', '3', '5', 'Blue');
INSERT INTO `ocksena_option_value_description` (`option_value_id`, `language_id`, `option_id`, `name`) VALUES ('23', '3', '2', 'Checkbox 1');
INSERT INTO `ocksena_option_value_description` (`option_value_id`, `language_id`, `option_id`, `name`) VALUES ('24', '3', '2', 'Checkbox 2');
INSERT INTO `ocksena_option_value_description` (`option_value_id`, `language_id`, `option_id`, `name`) VALUES ('48', '3', '11', 'Large');
INSERT INTO `ocksena_option_value_description` (`option_value_id`, `language_id`, `option_id`, `name`) VALUES ('47', '3', '11', 'Medium');
INSERT INTO `ocksena_option_value_description` (`option_value_id`, `language_id`, `option_id`, `name`) VALUES ('46', '3', '11', 'Small');
INSERT INTO `ocksena_option_value_description` (`option_value_id`, `language_id`, `option_id`, `name`) VALUES ('43', '4', '1', 'Large');
INSERT INTO `ocksena_option_value_description` (`option_value_id`, `language_id`, `option_id`, `name`) VALUES ('32', '4', '1', 'Small');
INSERT INTO `ocksena_option_value_description` (`option_value_id`, `language_id`, `option_id`, `name`) VALUES ('45', '4', '2', 'Checkbox 4');
INSERT INTO `ocksena_option_value_description` (`option_value_id`, `language_id`, `option_id`, `name`) VALUES ('44', '4', '2', 'Checkbox 3');
INSERT INTO `ocksena_option_value_description` (`option_value_id`, `language_id`, `option_id`, `name`) VALUES ('31', '4', '1', 'Medium');
INSERT INTO `ocksena_option_value_description` (`option_value_id`, `language_id`, `option_id`, `name`) VALUES ('42', '4', '5', 'Yellow');
INSERT INTO `ocksena_option_value_description` (`option_value_id`, `language_id`, `option_id`, `name`) VALUES ('41', '4', '5', 'Green');
INSERT INTO `ocksena_option_value_description` (`option_value_id`, `language_id`, `option_id`, `name`) VALUES ('39', '4', '5', 'Red');
INSERT INTO `ocksena_option_value_description` (`option_value_id`, `language_id`, `option_id`, `name`) VALUES ('40', '4', '5', 'Blue');
INSERT INTO `ocksena_option_value_description` (`option_value_id`, `language_id`, `option_id`, `name`) VALUES ('23', '4', '2', 'Checkbox 1');
INSERT INTO `ocksena_option_value_description` (`option_value_id`, `language_id`, `option_id`, `name`) VALUES ('24', '4', '2', 'Checkbox 2');
INSERT INTO `ocksena_option_value_description` (`option_value_id`, `language_id`, `option_id`, `name`) VALUES ('48', '4', '11', 'Large');
INSERT INTO `ocksena_option_value_description` (`option_value_id`, `language_id`, `option_id`, `name`) VALUES ('47', '4', '11', 'Medium');
INSERT INTO `ocksena_option_value_description` (`option_value_id`, `language_id`, `option_id`, `name`) VALUES ('46', '4', '11', 'Small');


TRUNCATE TABLE `ocksena_order`;



TRUNCATE TABLE `ocksena_order_download`;



TRUNCATE TABLE `ocksena_order_field`;



TRUNCATE TABLE `ocksena_order_fraud`;



TRUNCATE TABLE `ocksena_order_history`;



TRUNCATE TABLE `ocksena_order_option`;



TRUNCATE TABLE `ocksena_order_product`;



TRUNCATE TABLE `ocksena_order_recurring`;



TRUNCATE TABLE `ocksena_order_recurring_transaction`;



TRUNCATE TABLE `ocksena_order_status`;

INSERT INTO `ocksena_order_status` (`order_status_id`, `language_id`, `name`) VALUES ('2', '1', 'Processing');
INSERT INTO `ocksena_order_status` (`order_status_id`, `language_id`, `name`) VALUES ('3', '1', 'Shipped');
INSERT INTO `ocksena_order_status` (`order_status_id`, `language_id`, `name`) VALUES ('7', '1', 'Canceled');
INSERT INTO `ocksena_order_status` (`order_status_id`, `language_id`, `name`) VALUES ('5', '1', 'Complete');
INSERT INTO `ocksena_order_status` (`order_status_id`, `language_id`, `name`) VALUES ('8', '1', 'Denied');
INSERT INTO `ocksena_order_status` (`order_status_id`, `language_id`, `name`) VALUES ('9', '1', 'Canceled Reversal');
INSERT INTO `ocksena_order_status` (`order_status_id`, `language_id`, `name`) VALUES ('10', '1', 'Failed');
INSERT INTO `ocksena_order_status` (`order_status_id`, `language_id`, `name`) VALUES ('11', '1', 'Refunded');
INSERT INTO `ocksena_order_status` (`order_status_id`, `language_id`, `name`) VALUES ('12', '1', 'Reversed');
INSERT INTO `ocksena_order_status` (`order_status_id`, `language_id`, `name`) VALUES ('13', '1', 'Chargeback');
INSERT INTO `ocksena_order_status` (`order_status_id`, `language_id`, `name`) VALUES ('1', '1', 'Pending');
INSERT INTO `ocksena_order_status` (`order_status_id`, `language_id`, `name`) VALUES ('16', '1', 'Voided');
INSERT INTO `ocksena_order_status` (`order_status_id`, `language_id`, `name`) VALUES ('15', '1', 'Processed');
INSERT INTO `ocksena_order_status` (`order_status_id`, `language_id`, `name`) VALUES ('14', '1', 'Expired');
INSERT INTO `ocksena_order_status` (`order_status_id`, `language_id`, `name`) VALUES ('2', '2', 'Processing');
INSERT INTO `ocksena_order_status` (`order_status_id`, `language_id`, `name`) VALUES ('3', '2', 'Shipped');
INSERT INTO `ocksena_order_status` (`order_status_id`, `language_id`, `name`) VALUES ('7', '2', 'Canceled');
INSERT INTO `ocksena_order_status` (`order_status_id`, `language_id`, `name`) VALUES ('5', '2', 'Complete');
INSERT INTO `ocksena_order_status` (`order_status_id`, `language_id`, `name`) VALUES ('8', '2', 'Denied');
INSERT INTO `ocksena_order_status` (`order_status_id`, `language_id`, `name`) VALUES ('9', '2', 'Canceled Reversal');
INSERT INTO `ocksena_order_status` (`order_status_id`, `language_id`, `name`) VALUES ('10', '2', 'Failed');
INSERT INTO `ocksena_order_status` (`order_status_id`, `language_id`, `name`) VALUES ('11', '2', 'Refunded');
INSERT INTO `ocksena_order_status` (`order_status_id`, `language_id`, `name`) VALUES ('12', '2', 'Reversed');
INSERT INTO `ocksena_order_status` (`order_status_id`, `language_id`, `name`) VALUES ('13', '2', 'Chargeback');
INSERT INTO `ocksena_order_status` (`order_status_id`, `language_id`, `name`) VALUES ('1', '2', 'Pending');
INSERT INTO `ocksena_order_status` (`order_status_id`, `language_id`, `name`) VALUES ('16', '2', 'Voided');
INSERT INTO `ocksena_order_status` (`order_status_id`, `language_id`, `name`) VALUES ('15', '2', 'Processed');
INSERT INTO `ocksena_order_status` (`order_status_id`, `language_id`, `name`) VALUES ('14', '2', 'Expired');
INSERT INTO `ocksena_order_status` (`order_status_id`, `language_id`, `name`) VALUES ('2', '3', 'Processing');
INSERT INTO `ocksena_order_status` (`order_status_id`, `language_id`, `name`) VALUES ('3', '3', 'Shipped');
INSERT INTO `ocksena_order_status` (`order_status_id`, `language_id`, `name`) VALUES ('7', '3', 'Canceled');
INSERT INTO `ocksena_order_status` (`order_status_id`, `language_id`, `name`) VALUES ('5', '3', 'Complete');
INSERT INTO `ocksena_order_status` (`order_status_id`, `language_id`, `name`) VALUES ('8', '3', 'Denied');
INSERT INTO `ocksena_order_status` (`order_status_id`, `language_id`, `name`) VALUES ('9', '3', 'Canceled Reversal');
INSERT INTO `ocksena_order_status` (`order_status_id`, `language_id`, `name`) VALUES ('10', '3', 'Failed');
INSERT INTO `ocksena_order_status` (`order_status_id`, `language_id`, `name`) VALUES ('11', '3', 'Refunded');
INSERT INTO `ocksena_order_status` (`order_status_id`, `language_id`, `name`) VALUES ('12', '3', 'Reversed');
INSERT INTO `ocksena_order_status` (`order_status_id`, `language_id`, `name`) VALUES ('13', '3', 'Chargeback');
INSERT INTO `ocksena_order_status` (`order_status_id`, `language_id`, `name`) VALUES ('1', '3', 'Pending');
INSERT INTO `ocksena_order_status` (`order_status_id`, `language_id`, `name`) VALUES ('16', '3', 'Voided');
INSERT INTO `ocksena_order_status` (`order_status_id`, `language_id`, `name`) VALUES ('15', '3', 'Processed');
INSERT INTO `ocksena_order_status` (`order_status_id`, `language_id`, `name`) VALUES ('14', '3', 'Expired');
INSERT INTO `ocksena_order_status` (`order_status_id`, `language_id`, `name`) VALUES ('2', '4', 'Processing');
INSERT INTO `ocksena_order_status` (`order_status_id`, `language_id`, `name`) VALUES ('3', '4', 'Shipped');
INSERT INTO `ocksena_order_status` (`order_status_id`, `language_id`, `name`) VALUES ('7', '4', 'Canceled');
INSERT INTO `ocksena_order_status` (`order_status_id`, `language_id`, `name`) VALUES ('5', '4', 'Complete');
INSERT INTO `ocksena_order_status` (`order_status_id`, `language_id`, `name`) VALUES ('8', '4', 'Denied');
INSERT INTO `ocksena_order_status` (`order_status_id`, `language_id`, `name`) VALUES ('9', '4', 'Canceled Reversal');
INSERT INTO `ocksena_order_status` (`order_status_id`, `language_id`, `name`) VALUES ('10', '4', 'Failed');
INSERT INTO `ocksena_order_status` (`order_status_id`, `language_id`, `name`) VALUES ('11', '4', 'Refunded');
INSERT INTO `ocksena_order_status` (`order_status_id`, `language_id`, `name`) VALUES ('12', '4', 'Reversed');
INSERT INTO `ocksena_order_status` (`order_status_id`, `language_id`, `name`) VALUES ('13', '4', 'Chargeback');
INSERT INTO `ocksena_order_status` (`order_status_id`, `language_id`, `name`) VALUES ('1', '4', 'Pending');
INSERT INTO `ocksena_order_status` (`order_status_id`, `language_id`, `name`) VALUES ('16', '4', 'Voided');
INSERT INTO `ocksena_order_status` (`order_status_id`, `language_id`, `name`) VALUES ('15', '4', 'Processed');
INSERT INTO `ocksena_order_status` (`order_status_id`, `language_id`, `name`) VALUES ('14', '4', 'Expired');


TRUNCATE TABLE `ocksena_order_total`;



TRUNCATE TABLE `ocksena_order_voucher`;



TRUNCATE TABLE `ocksena_product`;

INSERT INTO `ocksena_product` (`product_id`, `model`, `sku`, `upc`, `ean`, `jan`, `isbn`, `mpn`, `location`, `quantity`, `stock_status_id`, `image`, `manufacturer_id`, `shipping`, `price`, `points`, `tax_class_id`, `date_available`, `weight`, `weight_class_id`, `length`, `width`, `height`, `length_class_id`, `subtract`, `minimum`, `sort_order`, `status`, `date_added`, `date_modified`, `viewed`) VALUES ('57', 'Nimfa', '', '', '', '', '', '', '', '1', '5', 'data/nimfa/nimfa-2.jpg', '0', '1', '180.0000', '0', '0', '2016-10-17', '0.00000000', '1', '0.00000000', '0.00000000', '0.00000000', '1', '1', '1', '1', '1', '2016-10-27 22:17:10', '2016-11-03 15:52:17', '16');
INSERT INTO `ocksena_product` (`product_id`, `model`, `sku`, `upc`, `ean`, `jan`, `isbn`, `mpn`, `location`, `quantity`, `stock_status_id`, `image`, `manufacturer_id`, `shipping`, `price`, `points`, `tax_class_id`, `date_available`, `weight`, `weight_class_id`, `length`, `width`, `height`, `length_class_id`, `subtract`, `minimum`, `sort_order`, `status`, `date_added`, `date_modified`, `viewed`) VALUES ('53', 'Caramel', '', '', '', '', '', '', '', '1', '5', 'data/caramel/2.jpg', '0', '1', '135.0000', '0', '0', '2016-10-17', '0.00000000', '1', '0.00000000', '0.00000000', '0.00000000', '1', '1', '1', '1', '1', '2016-10-27 12:50:26', '2016-11-03 15:13:47', '66');
INSERT INTO `ocksena_product` (`product_id`, `model`, `sku`, `upc`, `ean`, `jan`, `isbn`, `mpn`, `location`, `quantity`, `stock_status_id`, `image`, `manufacturer_id`, `shipping`, `price`, `points`, `tax_class_id`, `date_available`, `weight`, `weight_class_id`, `length`, `width`, `height`, `length_class_id`, `subtract`, `minimum`, `sort_order`, `status`, `date_added`, `date_modified`, `viewed`) VALUES ('54', 'Nicol', '', '', '', '', '', '', '', '1', '5', 'data/nicol/nicol-4.jpg', '0', '1', '150.0000', '0', '0', '2016-10-17', '0.00000000', '1', '0.00000000', '0.00000000', '0.00000000', '1', '1', '1', '1', '1', '2016-10-27 21:44:51', '2016-11-03 15:44:39', '18');
INSERT INTO `ocksena_product` (`product_id`, `model`, `sku`, `upc`, `ean`, `jan`, `isbn`, `mpn`, `location`, `quantity`, `stock_status_id`, `image`, `manufacturer_id`, `shipping`, `price`, `points`, `tax_class_id`, `date_available`, `weight`, `weight_class_id`, `length`, `width`, `height`, `length_class_id`, `subtract`, `minimum`, `sort_order`, `status`, `date_added`, `date_modified`, `viewed`) VALUES ('55', 'Blanka', '', '', '', '', '', '', '', '1', '5', 'data/blanka/blanka-1.jpg', '0', '1', '160.0000', '0', '0', '2016-10-17', '0.00000000', '1', '0.00000000', '0.00000000', '0.00000000', '1', '1', '1', '1', '1', '2016-10-27 21:59:08', '2016-11-03 14:34:43', '41');
INSERT INTO `ocksena_product` (`product_id`, `model`, `sku`, `upc`, `ean`, `jan`, `isbn`, `mpn`, `location`, `quantity`, `stock_status_id`, `image`, `manufacturer_id`, `shipping`, `price`, `points`, `tax_class_id`, `date_available`, `weight`, `weight_class_id`, `length`, `width`, `height`, `length_class_id`, `subtract`, `minimum`, `sort_order`, `status`, `date_added`, `date_modified`, `viewed`) VALUES ('56', 'Camelia', '', '', '', '', '', '', '', '1', '5', 'data/camelia/camelia-1.jpg', '0', '1', '150.0000', '0', '0', '2016-10-17', '0.00000000', '1', '0.00000000', '0.00000000', '0.00000000', '1', '1', '1', '1', '1', '2016-10-27 22:08:05', '2016-11-03 14:50:30', '23');
INSERT INTO `ocksena_product` (`product_id`, `model`, `sku`, `upc`, `ean`, `jan`, `isbn`, `mpn`, `location`, `quantity`, `stock_status_id`, `image`, `manufacturer_id`, `shipping`, `price`, `points`, `tax_class_id`, `date_available`, `weight`, `weight_class_id`, `length`, `width`, `height`, `length_class_id`, `subtract`, `minimum`, `sort_order`, `status`, `date_added`, `date_modified`, `viewed`) VALUES ('50', 'Amazonka', '', '', '', '', '', '', '', '1', '5', 'data/amazonka/amazonka-3.jpg', '0', '1', '150.0000', '0', '0', '2016-10-17', '0.00000000', '1', '0.00000000', '0.00000000', '0.00000000', '1', '1', '1', '1', '1', '2016-10-18 12:56:16', '2016-11-03 13:15:12', '320');
INSERT INTO `ocksena_product` (`product_id`, `model`, `sku`, `upc`, `ean`, `jan`, `isbn`, `mpn`, `location`, `quantity`, `stock_status_id`, `image`, `manufacturer_id`, `shipping`, `price`, `points`, `tax_class_id`, `date_available`, `weight`, `weight_class_id`, `length`, `width`, `height`, `length_class_id`, `subtract`, `minimum`, `sort_order`, `status`, `date_added`, `date_modified`, `viewed`) VALUES ('51', 'Perla', '', '', '', '', '', '', '', '1', '5', 'data/perla/perla-2.jpg', '0', '1', '140.0000', '0', '0', '2016-10-17', '0.00000000', '1', '0.00000000', '0.00000000', '0.00000000', '1', '1', '1', '1', '1', '2016-10-25 15:30:35', '2016-11-03 15:57:50', '76');
INSERT INTO `ocksena_product` (`product_id`, `model`, `sku`, `upc`, `ean`, `jan`, `isbn`, `mpn`, `location`, `quantity`, `stock_status_id`, `image`, `manufacturer_id`, `shipping`, `price`, `points`, `tax_class_id`, `date_available`, `weight`, `weight_class_id`, `length`, `width`, `height`, `length_class_id`, `subtract`, `minimum`, `sort_order`, `status`, `date_added`, `date_modified`, `viewed`) VALUES ('52', 'Mishel', '', '', '', '', '', '', '', '1', '5', 'data/mishel/mishel-2.jpg', '0', '1', '160.0000', '0', '0', '2016-10-17', '0.00000000', '1', '0.00000000', '0.00000000', '0.00000000', '1', '1', '1', '1', '1', '2016-10-25 15:39:36', '2016-11-03 15:40:08', '66');
INSERT INTO `ocksena_product` (`product_id`, `model`, `sku`, `upc`, `ean`, `jan`, `isbn`, `mpn`, `location`, `quantity`, `stock_status_id`, `image`, `manufacturer_id`, `shipping`, `price`, `points`, `tax_class_id`, `date_available`, `weight`, `weight_class_id`, `length`, `width`, `height`, `length_class_id`, `subtract`, `minimum`, `sort_order`, `status`, `date_added`, `date_modified`, `viewed`) VALUES ('60', 'Olivia', '', '', '', '', '', '', '', '1', '5', 'data/olivia/olivia-1.jpg', '0', '1', '150.0000', '0', '0', '2016-10-17', '0.00000000', '1', '0.00000000', '0.00000000', '0.00000000', '1', '1', '1', '1', '1', '2016-11-03 16:38:51', '2016-11-04 12:34:00', '16');
INSERT INTO `ocksena_product` (`product_id`, `model`, `sku`, `upc`, `ean`, `jan`, `isbn`, `mpn`, `location`, `quantity`, `stock_status_id`, `image`, `manufacturer_id`, `shipping`, `price`, `points`, `tax_class_id`, `date_available`, `weight`, `weight_class_id`, `length`, `width`, `height`, `length_class_id`, `subtract`, `minimum`, `sort_order`, `status`, `date_added`, `date_modified`, `viewed`) VALUES ('61', 'Сarmen', '', '', '', '', '', '', '', '1', '5', 'data/carmen/carmen-4.jpg', '0', '1', '150.0000', '0', '0', '2016-10-17', '0.00000000', '1', '0.00000000', '0.00000000', '0.00000000', '1', '1', '1', '1', '1', '2016-11-03 16:53:27', '2016-11-04 12:34:59', '46');
INSERT INTO `ocksena_product` (`product_id`, `model`, `sku`, `upc`, `ean`, `jan`, `isbn`, `mpn`, `location`, `quantity`, `stock_status_id`, `image`, `manufacturer_id`, `shipping`, `price`, `points`, `tax_class_id`, `date_available`, `weight`, `weight_class_id`, `length`, `width`, `height`, `length_class_id`, `subtract`, `minimum`, `sort_order`, `status`, `date_added`, `date_modified`, `viewed`) VALUES ('62', 'Diva', '', '', '', '', '', '', '', '1', '5', 'data/diva/diva-1.jpg', '0', '1', '150.0000', '0', '0', '2016-10-17', '0.00000000', '1', '0.00000000', '0.00000000', '0.00000000', '1', '1', '1', '1', '1', '2016-11-03 17:14:13', '2016-11-04 12:35:36', '12');
INSERT INTO `ocksena_product` (`product_id`, `model`, `sku`, `upc`, `ean`, `jan`, `isbn`, `mpn`, `location`, `quantity`, `stock_status_id`, `image`, `manufacturer_id`, `shipping`, `price`, `points`, `tax_class_id`, `date_available`, `weight`, `weight_class_id`, `length`, `width`, `height`, `length_class_id`, `subtract`, `minimum`, `sort_order`, `status`, `date_added`, `date_modified`, `viewed`) VALUES ('63', 'Francheska', '', '', '', '', '', '', '', '1', '5', 'data/francheska/francheska-2.jpg', '0', '1', '150.0000', '0', '0', '2016-10-17', '0.00000000', '1', '0.00000000', '0.00000000', '0.00000000', '1', '1', '1', '1', '1', '2016-11-03 17:28:41', '2016-11-04 12:36:11', '16');
INSERT INTO `ocksena_product` (`product_id`, `model`, `sku`, `upc`, `ean`, `jan`, `isbn`, `mpn`, `location`, `quantity`, `stock_status_id`, `image`, `manufacturer_id`, `shipping`, `price`, `points`, `tax_class_id`, `date_available`, `weight`, `weight_class_id`, `length`, `width`, `height`, `length_class_id`, `subtract`, `minimum`, `sort_order`, `status`, `date_added`, `date_modified`, `viewed`) VALUES ('64', 'Nika', '', '', '', '', '', '', '', '1', '5', 'data/nika/nika-2.jpg', '0', '1', '150.0000', '0', '0', '2016-10-17', '0.00000000', '1', '0.00000000', '0.00000000', '0.00000000', '1', '1', '1', '1', '1', '2016-11-03 17:44:18', '2016-11-04 12:36:52', '12');
INSERT INTO `ocksena_product` (`product_id`, `model`, `sku`, `upc`, `ean`, `jan`, `isbn`, `mpn`, `location`, `quantity`, `stock_status_id`, `image`, `manufacturer_id`, `shipping`, `price`, `points`, `tax_class_id`, `date_available`, `weight`, `weight_class_id`, `length`, `width`, `height`, `length_class_id`, `subtract`, `minimum`, `sort_order`, `status`, `date_added`, `date_modified`, `viewed`) VALUES ('65', 'Lolita', '', '', '', '', '', '', '', '1', '5', 'data/lolita/lolita-3.jpg', '0', '1', '150.0000', '0', '0', '2016-10-17', '0.00000000', '1', '0.00000000', '0.00000000', '0.00000000', '1', '1', '1', '1', '1', '2016-11-04 12:05:01', '2016-11-04 12:37:52', '14');


TRUNCATE TABLE `ocksena_product_attribute`;



TRUNCATE TABLE `ocksena_product_description`;

INSERT INTO `ocksena_product_description` (`product_id`, `language_id`, `name`, `description`, `meta_description`, `meta_keyword`, `tag`) VALUES ('51', '1', 'Perla', '&lt;p&gt;Exclusive wedding dresses are represented in 2015 collection by the wedding salon «Ksena».&lt;/p&gt;\r\n\r\n&lt;p&gt;The dress «Perla» - is a gem in this model series.&lt;/p&gt;\r\n\r\n&lt;p&gt;A snow-white dress with an opulent skirt, open back and small train immediately attracts people’s attention. This wedding custom-designed dress will excite girl, who dreams to feel herself like a princess on the first ball.&lt;/p&gt;\r\n\r\n&lt;p&gt;The dress has a classical cutout garment with a close-fitting in the waist corset and opulent multilayer skirt. The heart-shaped bodice accents woman’s breasts in a good way. At the top of the corset the cloth transfers into limpid netting the edges of which are wrought with pearls.&lt;/p&gt;\r\n\r\n&lt;p&gt;The dress «Perla»is made with shoulder-straps, without sleeves with a bateau neck cutout. The whole corset is covered with intricate patterns made of pearls with inclusion of gemstones.&lt;/p&gt;\r\n\r\n&lt;p&gt;A special appeal of this wedding dress – is the back: behind the corset has a deep V-shaped &amp;nbsp;cutout which is closed with netting and a small train. At the back the dress zips up with buttons, which forms a solid line that creates an additional accent, attracting gazes to the back.&lt;/p&gt;\r\n\r\n&lt;p&gt;A big amount of semi-transparent layers of tulle without additional decoration gives necessary pomp and weightlessness to the dress.&lt;/p&gt;\r\n\r\n&lt;p&gt;Such dress will fit to the possessors of graceful backs and girls whose character has a part of adventurism. An elegant and modest classic of cutting-out on the one side and tempting enigma on the other – that is a choice of plucky and stylish fiancées.&lt;/p&gt;\r\n', '', '', '');
INSERT INTO `ocksena_product_description` (`product_id`, `language_id`, `name`, `description`, `meta_description`, `meta_keyword`, `tag`) VALUES ('52', '1', 'Mishel', '&lt;p&gt;In the wedding salon «Ksena»You can buy a wedding dress «Mishel». Representedattire has a marvelous external look and will fit in any wedding, having made You the bride, who always will be remembered.&lt;/p&gt;\r\n\r\n&lt;p&gt;&amp;nbsp;A-line’s dress &quot;Michel&quot; is made in a milky colour. The main feature of the cut of such wedding dress is that strikingly narrow top does not constrict, but visually stretches the figure of the bride.&lt;/p&gt;\r\n\r\n&lt;p&gt;The heart-shaped bodice will make a bright accent in decollete zone, and a sleeveless open top will emphasize the bride’s graceful arms and shoulders. Embroidered with stones and decorated with hand-embroidered the corset gracefully turns into middle-splendor skirt of tulle.&lt;/p&gt;\r\n\r\n&lt;p&gt;Handmade embroidery is an interesting décor for skirt, which will give gracefulness to the image. Trim embroidery is perfectly combined with a smooth cut, laying stress on the elegance of the bride\'s figure, adding her femininity and sensuality. Such kind of wedding dresses wear beautiful princesses of Hollywood movies, so why do not You choose A-line’s dress for Your own celebration?&lt;/p&gt;\r\n\r\n&lt;p&gt;The combination of all the elements of the wedding decorations creates a real harmony in the bride’s image, which is especially important at a wedding party. The wedding salon «Ksena»gives you an opportunity to purchase a wedding dress of such kind of model or have it tailored.&lt;/p&gt;\r\n', '', '', '');
INSERT INTO `ocksena_product_description` (`product_id`, `language_id`, `name`, `description`, `meta_description`, `meta_keyword`, `tag`) VALUES ('54', '3', 'Nicol', '&lt;p&gt;Sie müssen nicht Ihr Hochzeitskleid in Eile wählen. Am Haupttag eines jeden Brautlebens sollte alles perfekt sein, und das Wichtigste - sie sollte sich charmant fühlen.&lt;/p&gt;\r\n\r\n&lt;p&gt;Es gibt ein Kleid &quot;Nicol&quot; in der Sammlung der Brautkleider im Salon &quot;Ksena&quot;, die ein Gefühl der Unwiderstehlichkeit und Attraktivität für jedes Mädchen geben wird. Dieses festliche Kleid, das die Verkörperung von Schönheit und Zärtlichkeit ist, verziert die Braut.&lt;/p&gt;\r\n\r\n&lt;p&gt;Die Oberseite des Kleides ist geöffnet und konzentriert Aufmerksamkeit auf die Braut decollete Zone, Ansatz und Schulterlinie; Sie betont ihre Verfeinerung. Das offene Mieder ist mit handgefertigten Stickereien und Perlen verziert, die die Aufmerksamkeit auf das Bild der Braut ziehen.&lt;/p&gt;\r\n\r\n&lt;p&gt;Das Korsett ist eng anliegend in der Taille und ist in perfekter Harmonie mit dem üppigen mehrschichtigen Rock aus Tüll. Hinter dem Rock glatt verwandelt sich in eine schicke Spur, die das Bild Helligkeit und Anmut gibt. Die Unterseite und die Oberseite des Rockes werden mit breiter handgemachter Spitze verziert, die mit Kornen getrimmt wird, die der Kleidung Eleganz und Zierlichkeit gibt.&lt;/p&gt;\r\n\r\n&lt;p&gt;Der Hochzeitssalon «Ksena» gibt Ihnen die Gelegenheit, ein &quot;Nicol&quot; Kleid zu kaufen oder eine andere exklusive Brautkleider für Ihren besonderen Tag auszuwählen. Wir helfen Ihnen gerne, Ihren Urlaub in ein Märchen zu verwandeln!&lt;/p&gt;\r\n', '', '', '');
INSERT INTO `ocksena_product_description` (`product_id`, `language_id`, `name`, `description`, `meta_description`, `meta_keyword`, `tag`) VALUES ('53', '3', 'Caramel', '&lt;p&gt;Ein Hochzeitssalon &quot;Ksena&quot; bietet eine exklusive Kollektion von Brautkleidern aus dem Jahr 2016 an. In diesem Bereich finden Sie noble Brautkleider, in denen Sie nicht nur gut aussehen, werden sie fühlen Sie sich wie eine Königin - schön, elegant und wünschenswert.&lt;/p&gt;\r\n\r\n&lt;p&gt;&quot;Caramel&quot; Kleid ist ideale Variante für Mädchen, die für klassische Hochzeitskleidung suchen. Dieses maßgeschneiderte Brautkleid passt all diese Anforderungen und noch mehr.&lt;/p&gt;\r\n\r\n&lt;p&gt;Die erste Eigenschaft des Kleides - ist die Farbe Kerbe. Entwerfer haben eine Kombination der weißen und Karamellfarben verwendet. Solch nicht zu starker Kontrast schaut sanft, nicht auffällig. Es ist ganz die Sache, die Gäste denken: &quot;Oh, wie ungewöhnlich und schön es ist&quot; und genau erinnern Sie sich und Ihre Hochzeit.&lt;/p&gt;\r\n\r\n&lt;p&gt;Zusätzliche Aufmerksamkeit auf Sie und Ihre Kleidung bietet die folgenden Designer-Akzent-eine handgemachte Spitze. Es wird verwendet, um die Unterseite des Rockes und des Korsetts zu trimmen.&lt;/p&gt;\r\n\r\n&lt;p&gt;Eine üppige Karamell Rock näher an den Boden ist mit einem breiten Streifen von Spitze mit einem ungewöhnlichen Muster verziert. Ein kleiner Zug fügt ein ganzes Bild eine königliche Größe hinzu. Leichte Tücher, die für das Nähen des Rockes verwendet werden, nach unten mit schönen Falten, Hinzufügen eines gewünschten Volumen, nicht wiegt das ganze Kleid.&lt;/p&gt;\r\n\r\n&lt;p&gt;Korsett dieses Modells verdient eine besondere Aufmerksamkeit - geschlossen, eng anliegend in der Taille mit einem eleganten bateau Halsausschnitt. Es betont die Braut Schönheit und Weiblichkeit. Das ganze Korsett und die langen Ärmel sind mit einer weißen Spitze verziert.&lt;/p&gt;\r\n\r\n&lt;p&gt;Eine kleine Schleife, die in zwei Farben hergestellt wird, vervollständigt diese ungewöhnliche Kleidung. So ein kleiner verspielter Oberton in diesem eleganten, teuren und atemberaubenden Kleid.&lt;/p&gt;\r\n', '', '', '');
INSERT INTO `ocksena_product_description` (`product_id`, `language_id`, `name`, `description`, `meta_description`, `meta_keyword`, `tag`) VALUES ('56', '3', 'Camelia', '&lt;p&gt;Luxuriöse Brautkleider aus dem Salon &quot;KSENA&quot; machen ein reichhaltiges Sortiment, aus dem Sie das Brautkleid für jeden Geschmack und Geldbeutel wählen können.&lt;/p&gt;\r\n\r\n&lt;p&gt;Modell &quot;Camelia&quot; zeigt Bescheidenheit, Unschuld und Zärtlichkeit in Form, Stoff und Dekor. Der Klassiker der Hochzeitsart und weise ist Ballsaal-Schattenbild, das jede mögliche Zahl schmückt und es feminin und empfindlich bildet.&lt;/p&gt;\r\n\r\n&lt;p&gt;Die schneeweiße Reinheit des Korsetts wird mit Zierspitzen, mit Perlen und Perlen verkleidet, hervorgehoben. Schöne figured Ausschnitt zieht die Blicke auf die nackten anmutigen Hals und dünne Schultern. Lace Ärmel verstärken nur den Eindruck und konzentrieren die Aufmerksamkeit auf leicht fallende Taille Linie.&lt;/p&gt;\r\n\r\n&lt;p&gt;Das Hochzeits-Kleid &quot;Camelia&quot; unterscheidet sich mit einem sehr üppigen Rock mit einem Zug von mittlerer Länge. Eine riesige Anzahl von Schichten aus Tüll und matte harte Euro-Gitter bieten eine schicke Volumen.&lt;/p&gt;\r\n\r\n&lt;p&gt;Der Hochzeitssalon &quot;KSENA&quot; bietet Bräuten eine riesige Anzahl von wunderschönen Brautkleider, die ihren Look unwiderstehlich und beeindruckend.&lt;/p&gt;\r\n', '', '', '');
INSERT INTO `ocksena_product_description` (`product_id`, `language_id`, `name`, `description`, `meta_description`, `meta_keyword`, `tag`) VALUES ('57', '3', 'Nimfa', '&lt;p&gt;Der Hochzeitssalon «Ksena» hat ein exklusives Angebot für Bräute - ein maßgeschneidertes Brautkleid »Nimfa«, vorbereitet.&lt;/p&gt;\r\n\r\n&lt;p&gt;Dieses Brautkleid erstaunt alle Bräute mit seiner Pracht und Raffinesse. Eine exquisite A-Linie unterstreicht die Zerbrechlichkeit und Eleganz der Braut. Schneeweißes Kleid erinnert an die Unschuld und Zärtlichkeit eines in ihm gekleideten Mädchens. Ein dünner Satin-Gürtel macht die Taille schmaler und subtiler.&lt;/p&gt;\r\n\r\n&lt;p&gt;Eine enge Passform im Taillen-Satin-Korsett verwandelt sich sanft in den mittelglatten Tüllrock, der mit einem langen, breiten Zug verziert ist. Die Spitze des Kleides ist mit einem Spitze Tuch, bestickt mit Perlen, Perlen und Pailletten bedeckt. Die mittlere Hülse und ein kleiner Ausschnittausschnitt konzentrieren Aufmerksamkeit auf dünne Handgelenke, Schultern und Ansatz.&lt;/p&gt;\r\n\r\n&lt;p&gt;Zest der Dekoration ist Volumenblumen, die handgemachte Stickerei mit Kornen und Perlen einschließen. Zarte Blüten bedecken das gesamte Korsett, die Ober- und Unterseite des Rockes. Zusätzlich entlang des unteren Teils gibt es Einsätze mit der gleichen Verwendung von Sträußen.&lt;/p&gt;\r\n\r\n&lt;p&gt;Exklusive Brautkleider &quot;Nimfa&quot; betonen Braut \'soleness und Schönheit, so dass sie wie Königinnen an ihrem besonderen Tag fühlen.&lt;/p&gt;\r\n', '', '', '');
INSERT INTO `ocksena_product_description` (`product_id`, `language_id`, `name`, `description`, `meta_description`, `meta_keyword`, `tag`) VALUES ('50', '3', 'Amazonka', '&lt;p&gt;Der Hochzeitssalon «Ksena» bietet klassische Brautkleider, die Verlobte in schöne Prinzessinnen auf dem wichtigsten Fest ihres Lebens verwandeln werden. Das Modell des Kleides «Amazonka» - isattire in einem Ballsaal-Stil in einer weißen Farbe.&lt;/p&gt;\r\n\r\n&lt;p&gt;Die offene Oberseite Enframes und visuell schafft die Linie der Schultern und Arme länger, die das Bild offen, zuversichtlich und effektiv macht. Das herzförmige sinnliche Oberteil wird das Volumen und die Linie der Brüste der Frau gewinnbringend akzentuieren.&lt;/p&gt;\r\n\r\n&lt;p&gt;Das wulstige handgefertigte Korsett, das sich zu einem opulenten Rock verwandelt, verleiht der Taille einen besonderen Stress und macht sie besonders elegant. Ein Volumen luftigen Rock aus ein paar Tüll Gewebe sieht teuer und hat eine erstaunliche Plüsch Zug, der das Bild wunderschön und festlich machen wird.&lt;/p&gt;\r\n\r\n&lt;p&gt;Auf dem bedeutendsten Tag des Lebens ist es für die Verlobte sehr wichtig, in ihr charmant zu sein. «Amazonka» unterstreicht die Eleganz der Figur, Weiblichkeit und Anmut.&lt;/p&gt;\r\n', '', '', '');
INSERT INTO `ocksena_product_description` (`product_id`, `language_id`, `name`, `description`, `meta_description`, `meta_keyword`, `tag`) VALUES ('51', '3', 'Perla', '&lt;p&gt;Exklusive Brautkleider sind in der Kollektion 2015 durch den Hochzeitssalon «Ksena» vertreten.&lt;/p&gt;\r\n\r\n&lt;p&gt;Das Kleid «Perla» - ist ein Juwel dieser Modellreihe.&lt;/p&gt;\r\n\r\n&lt;p&gt;Ein schneeweisses Kleid mit opulentem Rock, offenem Rücken und kleinem Zug zieht sofort die Aufmerksamkeit der Leute auf sich. Diese Hochzeit maßgeschneiderte Kleid wird Mädchen begeistern, die träumen, sich wie eine Prinzessin auf dem ersten Ball zu fühlen.&lt;/p&gt;\r\n\r\n&lt;p&gt;Das Kleid hat einen klassischen Ausschnitt Kleidungsstück mit einer engen Passform in der Taille Korsett und opulenten mehrschichtigen Rock. Das herzförmige Mieder betont die Brüste der Frau auf eine gute Art und Weise. An der Spitze des Korsetts verwandelt sich das Tuch in ein klares Netz, dessen Kanten mit Perlen geschmückt sind.&lt;/p&gt;\r\n\r\n&lt;p&gt;Das Kleid «Perla» wird mit Schulterriemen, ohne Ärmel mit einem bateau Halsausschnitt gemacht. Das ganze Korsett ist mit komplizierten Mustern aus Perlen mit Einbeziehung von Edelsteinen bedeckt.&lt;/p&gt;\r\n\r\n&lt;p&gt;Ein besonderer Reiz dieses Brautkleides - ist der Rücken: hinter dem Korsett hat einen tiefen V-förmigen Ausschnitt, der mit Netz und einem kleinen Zug geschlossen ist. Auf der Rückseite das Kleid Reißverschlüsse mit Knöpfen, die eine durchgehende Linie, die einen zusätzlichen Akzent schafft bildet, zieht Blicke auf den Rücken.&lt;/p&gt;\r\n\r\n&lt;p&gt;Eine große Menge von halbtransparenten Schichten aus Tüll ohne zusätzliche Dekoration gibt notwendige Pomp und Schwerelosigkeit für das Kleid.&lt;/p&gt;\r\n\r\n&lt;p&gt;Dieses Kleid passt zu den Besitzern von anmutigen Rücken und Mädchen, deren Charakter einen Teil des Abenteurertums hat. Ein eleganter und bescheidener Klassiker des Cut-Outs auf der einen Seite und verlockendes Rätsel auf der anderen - das ist eine Wahl von zierlichen und stilvollen Verlobten.&lt;/p&gt;\r\n', '', '', '');
INSERT INTO `ocksena_product_description` (`product_id`, `language_id`, `name`, `description`, `meta_description`, `meta_keyword`, `tag`) VALUES ('52', '3', 'Mishel', '&lt;p&gt;Im Hochzeitssalon «Ksena» Sie können ein Hochzeitskleid «Mishel» kaufen. Representattire hat einen wunderbaren äußeren Blick und wird in jede Hochzeit passen, nachdem Sie die Braut, die immer in Erinnerung bleiben wird.&lt;/p&gt;\r\n\r\n&lt;p&gt;&amp;nbsp;A-Linie Kleid &quot;Michel&quot; ist in einer milchigen Farbe gemacht. Das Hauptmerkmal der Schnitt eines solchen Brautkleid ist, dass auffallend schmalen Top nicht verengen, sondern visuell erstreckt sich die Figur der Braut.&lt;/p&gt;\r\n\r\n&lt;p&gt;Das herzförmige Oberteil wird einen hellen Akzent im Dekolleté-Bereich machen, und ein ärmelloses offenes Oberteil wird die anmutigen Arme und Schultern der Braut betonen. Mit Steinen bestickt und mit handgesticktem Korsett verziert, verwandelt sich das Korsett anmutig in einen Mittelprachtrock aus Tüll.&lt;/p&gt;\r\n\r\n&lt;p&gt;Handmade Stickerei ist ein interessantes Dekor für Rock, die Anmut dem Bild geben wird. Trim Stickerei ist perfekt kombiniert mit einem glatten Schnitt, mit Stress auf die Eleganz der Braut Figur, fügte hinzu, ihre Weiblichkeit und Sinnlichkeit. Solche Art von Brautkleidern tragen schöne Prinzessinnen von Hollywood-Filme, also warum nicht Sie wählen A-Linie das Kleid für Ihre eigene Feier?&lt;/p&gt;\r\n\r\n&lt;p&gt;Die Kombination aller Elemente der Hochzeit Dekorationen schafft eine wahre Harmonie in das Bild der Braut, die besonders wichtig ist bei einer Hochzeitsfeier. Der Hochzeitssalon «Ksena» gibt Ihnen die Möglichkeit, ein Hochzeitskleid dieser Art von Modell kaufen oder haben es maßgeschneidert.&lt;/p&gt;\r\n', '', '', '');
INSERT INTO `ocksena_product_description` (`product_id`, `language_id`, `name`, `description`, `meta_description`, `meta_keyword`, `tag`) VALUES ('54', '4', 'Nicol', '&lt;p&gt;Вибір весільної сукні не терпить квапливості. У головний день життя кожної нареченої все повинно бути ідеально, а головне - вона сама повинна відчувати себе чарівною.&lt;/p&gt;\r\n\r\n&lt;p&gt;У своїй колекції салон весільних суконь &quot;Ксена&quot; представляє плаття моделі &quot;Nicol&quot;, яке подарує відчуття привабливості будь-якій дівчині. Це святкове вбрання втілення краси і ніжності стане прикрасою нареченої.&lt;/p&gt;\r\n\r\n&lt;p&gt;Верх сукні відкритий і акцентує увагу на зоні декольте, лінії шиї і плечей і підкреслює їх витонченість. Відкритий ліф сукні декорований ручною вишивкою і бісером, що безумовно приверне увагу до образу нареченої.&lt;/p&gt;\r\n\r\n&lt;p&gt;Корсет приталений і ідеально гармонує з пишною багатошаровою спідницею з фатину. Ззаду спідниця плавно переходить в шикарний шлейф, що надає образу легкості і грації. Низ і верх спідниці декорований широкими вставками мережива вручну обшитим бісером, що додає вбранню елегантності та вишуканості.&lt;/p&gt;\r\n\r\n&lt;p&gt;Салон весільних суконь &quot;Ксена&quot; надає Вам можливість купити плаття &quot;Nicol&quot; або вибрати інші ексклюзивні весільні сукні для Вашого особливого дня. Ми з радістю допоможемо Вам перетворити Ваше свято в казку!&lt;/p&gt;\r\n', '', '', '');
INSERT INTO `ocksena_product_description` (`product_id`, `language_id`, `name`, `description`, `meta_description`, `meta_keyword`, `tag`) VALUES ('54', '2', 'Nicol', '&lt;p&gt;Выбор подвенечного платья не терпит суеты. В главный день жизни каждой невесты всё должно быть идеально, а главное - она сама должна чувствовать себя очаровательной.&amp;nbsp;&lt;/p&gt;\r\n\r\n&lt;p&gt;В своей коллекции салон свадебных платьев &quot;Ксена&quot; представляет платье модели &quot;Nicol&quot;, которое подарит ощущение неотразимости и привлекательности любой девушке. Это праздничное облачение воплощение красоты и нежности станет украшением невесты.&lt;/p&gt;\r\n\r\n&lt;p&gt;Верх платья открытый и акцентирует внимание на зоне декольте, линии шеи и плеч и подчеркивает их утонченность. Открытый лиф платья декорирован ручной вышивкой и бисером, что безусловно привлечет внимание к образу невесты.&lt;/p&gt;\r\n\r\n&lt;p&gt;Корсет приталенный и идеально гармонирует с пышной многослойной юбкой из фатина. Сзади юбка плавно переходит в шикарный шлейф, что придает образу легкости и грации. Низ и верх юбки декорирован широкими вставками кружева вручную обшитым бисером, что добавляет наряду элегантности и изысканности.&lt;/p&gt;\r\n\r\n&lt;p&gt;Салон свадебных платьев &quot;Ксена&quot; предоставляет Вам возможность купить платье &quot;Nicol&quot; либо выбрать другие эксклюзивные свадебные платья для Вашего особенного дня. Мы с радостью поможем Вам превратить Ваш праздник в сказку!&lt;/p&gt;\r\n', '', '', '');
INSERT INTO `ocksena_product_description` (`product_id`, `language_id`, `name`, `description`, `meta_description`, `meta_keyword`, `tag`) VALUES ('53', '4', 'Caramel', '&lt;p&gt;Салон весільних суконь &quot;Ксена&quot; пропонує Вашій увазі ексклюзивні весільні сукні колекції 2016 року. У цій лінійці ви зможете знайти шикарні весільні сукні, в яких Ви не просто будете добре виглядати, в них Ви відчуєте себе королевою - красивою, вишуканою і бажаною.&lt;/p&gt;\r\n\r\n&lt;p&gt;Сукня моделі &quot;Caramel&quot; ідеальний варіант для дівчат, які шукають класичну&amp;nbsp;вінчальну сукню з характером і родзинкою. Ця&amp;nbsp;весільна&amp;nbsp;сукня&amp;nbsp;на замовлення відповідає всім цим вимогам і навіть більше.&lt;/p&gt;\r\n\r\n&lt;p&gt;Перша особливість сукні - кольорове рішення. Дизайнери використовували поєднання білого і карамельного. Такий не дуже сильний контраст виглядає ніжно. Саме те, що потрібно щоб гості подумали: «ах, як незвично і красиво» і точно запам\'ятали Вас і Ваше весілля.&lt;/p&gt;\r\n\r\n&lt;p&gt;Додаткову увагу Вам і Вашому&amp;nbsp;вбранню&amp;nbsp;забезпечує наступний дизайнерський акцент - мереживо ручної роботи. Його використовують для обробки низу спідниці і корсета.&lt;/p&gt;\r\n\r\n&lt;p&gt;Пишна спідниця карамельного кольору внизу прикрашена широкою смугою мережива з незвичайним малюнком. А невеликий шлейф додає всьому образу королівської величі. Легкі тканини, використані для пошиття спідниці, спадають гарними складками, додаючи потрібного об\'єму, при цьому, не обтяжуючи всю сукню.&lt;/p&gt;\r\n\r\n&lt;p&gt;Корсет цієї моделі заслуговує на окрему увагу - закритий, приталений з елегантним вирізом-човником, він підкреслює всю красу і жіночність нареченої. Весь корсет і довгі рукави прикрашені білим мереживом.&lt;/p&gt;\r\n\r\n&lt;p&gt;Завершує все&amp;nbsp;це&amp;nbsp;незвичайне&amp;nbsp;вбрання&amp;nbsp;невеликий бантик, виконаний у двох кольорах. Така маленька грайлива нотка у&amp;nbsp;цій&amp;nbsp;елегантій, дорогій&amp;nbsp;і просто неперевершеній сукні.&lt;/p&gt;\r\n', '', '', '');
INSERT INTO `ocksena_product_description` (`product_id`, `language_id`, `name`, `description`, `meta_description`, `meta_keyword`, `tag`) VALUES ('53', '2', 'Caramel', '&lt;p&gt;Салон свадебных платьев &quot;Ксена&quot; предлагает Вашему вниманию эксклюзивные свадебные платья коллекции 2016 года. В этой линейке вы сможете найти шикарные свадебные платья, в которых Вы не просто будете хорошо выглядеть, в них Вы почувствуете себя королевой – красивой, изысканной и желанной.&lt;/p&gt;\r\n\r\n&lt;p&gt;Платье модели &quot;Caramel&quot; идеальный вариант &amp;nbsp;для девушек, которые ищут классическое подвенечное платье с характером и изюминкой. Это свадебное платье на заказ отвечает всем этим требованиям и даже больше.&amp;nbsp;&lt;/p&gt;\r\n\r\n&lt;p&gt;Первая особенность платья – цветовое решение. Дизайнеры использовали сочетание белого и карамельного. Такой не слишком сильный контраст выглядит нежно, а не кричаще. Именно то, что нужно чтобы гости подумали: «ах, как необычно и красиво» и точно запомнили Вас и Вашу свадьбу.&amp;nbsp;&lt;/p&gt;\r\n\r\n&lt;p&gt;Дополнительное внимание Вам и Вашему наряду обеспечивает следующий дизайнерский акцент – кружево ручной работы. Его используют для отделки низа юбки и корсета.&amp;nbsp;&lt;/p&gt;\r\n\r\n&lt;p&gt;Пышная юбка карамельного цвета понизу украшена широкой полосой кружева с необычным рисунком. А небольшой шлейф добавляет всему образу королевского величия. Легкие ткани, использованные для пошива юбки, спадают красивыми складками, добавляя нужного объёма, при этом, не утяжеляя все платье.&amp;nbsp;&lt;/p&gt;\r\n\r\n&lt;p&gt;Корсет этой модели заслуживает отдельного внимания – закрытый, приталенный с элегантным вырезом-лодочкой, он подчеркивает всю красоту и женственность невесты. Весь корсет и длинные рукава украшены белым кружевом.&amp;nbsp;&lt;/p&gt;\r\n\r\n&lt;p&gt;Завершает весь этот необычный наряд небольшой бантик, выполненный в двух цветах. Такая маленькая игривая нотка в этом элегантном, дорогом и просто сногсшибательном платье.&amp;nbsp;&lt;/p&gt;\r\n', '', '', '');
INSERT INTO `ocksena_product_description` (`product_id`, `language_id`, `name`, `description`, `meta_description`, `meta_keyword`, `tag`) VALUES ('50', '1', 'Amazonka', '&lt;p&gt;The wedding salon «Ksena» offers classy bridal dresses which will turn fiancées into beautiful princesses on the most important feast of their life. The model of the dress «Amazonka»- isattire in a ballroom style in a white colour.&lt;/p&gt;\r\n\r\n&lt;p&gt;The open top enframes and visually creates the line of the shoulders and arms longer which makes the image open, confident and effective. The heart-shaped sensual bodice will profitably accent the volume and the line of the woman’s breasts.&lt;/p&gt;\r\n\r\n&lt;p&gt;The beaded handmade corset, which turns into an opulent skirt, nicely lays stress on the waist making it especially elegant. A volume airy skirt made of a few tissues of tulle looks expensive and has an amazing plush train that will make the image gorgeous and festive.&amp;nbsp;&lt;/p&gt;\r\n\r\n&lt;p&gt;On the most significant day of the life it is very important for the fiancée to be confident in her charming. «Amazonka»will emphasize the elegance of the figure, femininity and gracefulness.&lt;/p&gt;\r\n', '', '', '');
INSERT INTO `ocksena_product_description` (`product_id`, `language_id`, `name`, `description`, `meta_description`, `meta_keyword`, `tag`) VALUES ('55', '3', 'Blanka', '&lt;p&gt;Die Hochzeit kundenspezifisches Kleid &quot;Blanca&quot; wird für Bräute durch Hochzeitssalon &quot;KSENA angeboten.&quot; Es ist gorgeous Beispiel von Eleganz und Stil.&lt;/p&gt;\r\n\r\n&lt;p&gt;Ein weißes Kleid, mit traditionellen Ballsaal Silhouette, ausgestattetes Satin-Mieder und üppigen Rock aus Tüll ist ideal für Frauen mit jeder Art von Figur.&lt;/p&gt;\r\n\r\n&lt;p&gt;Harte Korsett hilft, die Taille enger zu machen und einen Akzent auf die Ordentlichkeit der Figur. Der Hauptfokus des Kleides wird zu seiner Oberseite gemacht. Das ganze Korsett ist mit dünnen Maschen bedeckt, bestickt mit Perlen und Steinen. Die Schultern sind mit breiten Riemen bedeckt; Ein bateau Halsausschnitt visuell macht Hals länger. Auf der Rückseite werden die breiten Riemen schmaler und bilden einen schönen Ausschnitt, der sich in die Schnürung verwandelt.&lt;/p&gt;\r\n\r\n&lt;p&gt;Rock besteht aus vielen dünnen Schichten aus Tüll und dem Euro-Gitter. Splendor der unteren macht einen zusätzlichen Akzent auf die Braut Figur. Ein kleiner Zug gibt eine Art von Lizenzgebühren für den gesamten Look.&lt;br /&gt;\r\nExklusive Brautkleider, die Youa Salon &quot;KSENA&quot; anbieten, wird Ihnen helfen, Ihren individuellen Look zu kreieren und sich wie eine Königin in Ihrem Urlaub zu fühlen.&lt;/p&gt;\r\n', '', '', '');
INSERT INTO `ocksena_product_description` (`product_id`, `language_id`, `name`, `description`, `meta_description`, `meta_keyword`, `tag`) VALUES ('55', '1', 'Blanka', '&lt;p&gt;The wedding custom-designed dress&quot;Blanca&quot; is offered for brides by wedding salon &quot;KSENA.&quot; It’s gorgeous example of elegance and style.&amp;nbsp;&lt;/p&gt;\r\n\r\n&lt;p&gt;A white dress, with traditional ballroom silhouette, fitted satin bodice and lush skirt made of tulle is ideal for women with any type of figure.&amp;nbsp;&lt;/p&gt;\r\n\r\n&lt;p&gt;Hard corset helps to make the waist more narrow and make an accent on the neatness of figure. The main focus of the dress is made to its top. The whole corset is covered with thin mesh, embroidered with beads and stones. The shoulders are covered with wide straps; a bateau neck cutout visually makes neck longer. On the back the broad straps are getting narrower, creating a beautiful neckline, which turns into the lacing.&amp;nbsp;&lt;/p&gt;\r\n\r\n&lt;p&gt;Skirt consists of many thin layers of tulle and the euro-grid. Splendor of bottom makes an additional accent on the bride’s figure. A small train gives a manner of royalty to the whole look.&amp;nbsp;&lt;br /&gt;\r\nExclusive wedding dresses that offer Youa salon &quot;KSENA,&quot; will help You to create Your individual look and feel like a queen on Your holiday.&lt;/p&gt;\r\n', '', '', '');
INSERT INTO `ocksena_product_description` (`product_id`, `language_id`, `name`, `description`, `meta_description`, `meta_keyword`, `tag`) VALUES ('55', '2', 'Blanka', '&lt;p&gt;Свадебное платье на заказ модели “Blanka” предлагает невестам салон свадебных платьев “Ксена”. Этот подвенечный наряд прекрасный образец элегантности и стиля.&lt;/p&gt;\r\n\r\n&lt;p&gt;Белое платье традиционного бального силуэта с приталенным атласным лифом и пышной фатиновой юбкой идеальный вариант для девушек с любым типом фигуры. &amp;nbsp;&lt;/p&gt;\r\n\r\n&lt;p&gt;Жесткий корсет модели “Blanka” помогает сделать талию уже и подчеркнуть изящность фигуры. Главный акцент в платье сделан именно на верх. Весь корсет обтянут тонкой сеткой, которая расшита бисером и камнями. Плечи прикрыты широкими бретельками, вырез лодочкой визуально удлиняет линию шеи. Сзади широкие лямки сужаются, создавая красивый вырез, переходящий в шнуровку.&lt;/p&gt;\r\n\r\n&lt;p&gt;Юбка платья состоит из большого числа тонких слоев фатина и евро-сетки. Пышность низа дополнительно акцентирует внимание на хрупкости фигуры невесты. Небольшой шлейф добавляет королевского величия всему образу.&lt;/p&gt;\r\n\r\n&lt;p&gt;Эксклюзивные свадебные платья, которые предлагает Вашему вниманию салон свадебных платьев “Ксена”, &amp;nbsp;помогут Вам создать свой индивидуальный образ и почувствовать себя королевой на Вашем празднике.&lt;/p&gt;\r\n', '', '', '');
INSERT INTO `ocksena_product_description` (`product_id`, `language_id`, `name`, `description`, `meta_description`, `meta_keyword`, `tag`) VALUES ('57', '1', 'Nimfa', '&lt;p&gt;The wedding salon «Ksena» has prepared an exclusive offer for brides – a tailored wedding dress &quot;Nimfa&quot;.&lt;/p&gt;\r\n\r\n&lt;p&gt;This wedding dress amazes all brides with its magnificence and refinement. An exquisite A-line emphasizes bride’s fragility and elegance. Snow-white dress reminds the innocence and tenderness of a girl who is dressed in it. A thin satin belt visually makes the waist narrower and subtler.&lt;/p&gt;\r\n\r\n&lt;p&gt;A close-fitting in the waist satin corset smoothly turns into the middle-lush tulle skirt, which is decorated with a long, wide train. The top of the dress is covered with a lace cloth, embroidered with pearls, beads and sequins. The medium-length sleeve and a smallbateau neck cutout focus attention on a thin wrists, shoulders and neck.&lt;/p&gt;\r\n\r\n&lt;p&gt;Zest of the decoration is volume flowers which include handmade embroidery with beads and pearls. Delicate blossoms cover the whole corset, the top and the bottom of the skirt. Additionally along the lower portion there are inserts with the same using of bouquets.&lt;/p&gt;\r\n\r\n&lt;p&gt;Exclusive wedding dresses &quot;Nimfa&quot; emphasize brides’soleness and beauty, making them feel like queens on their special day.&lt;/p&gt;\r\n', '', '', '');
INSERT INTO `ocksena_product_description` (`product_id`, `language_id`, `name`, `description`, `meta_description`, `meta_keyword`, `tag`) VALUES ('56', '1', 'Camelia', '&lt;p&gt;Luxurious wedding dresses from salon &quot;KSENA&quot; make a rich range, from which you can choose the wedding dress for every taste and budget.&amp;nbsp;&lt;/p&gt;\r\n\r\n&lt;p&gt;Model &quot;Camelia&quot; shows modesty, innocence and tenderness embodied in the form, fabrics and decor. The classic of the wedding fashion is ballroom silhouette, which adorns any figure, making it feminine and delicate.&amp;nbsp;&lt;/p&gt;\r\n\r\n&lt;p&gt;The snow-white purity of corset is emphasized with trim of delicate lace, cased with beads and pearls. Beautiful figured cutout attracts the gazes to the bare graceful neck and thin shoulders. Lace sleeves only reinforce the impression and focus the attention on slightly dropped waist line.&amp;nbsp;&lt;/p&gt;\r\n\r\n&lt;p&gt;The wedding custom-designed dress&quot;Camelia&quot; differs with a very lush skirt with a train of medium length. A huge number of layers of tulle and matte hard euro-grid provide a chic volume.&amp;nbsp;&lt;/p&gt;\r\n\r\n&lt;p&gt;The wedding salon&quot;KSENA&quot; offers brides a huge number of gorgeous wedding dresses that will make their look irresistible and impressive.&lt;/p&gt;\r\n', '', '', '');
INSERT INTO `ocksena_product_description` (`product_id`, `language_id`, `name`, `description`, `meta_description`, `meta_keyword`, `tag`) VALUES ('56', '2', 'Camelia', '&lt;p&gt;Шикарные свадебные платья от салона &quot;Ксена&quot; составляют богатый модельный ряд, из которого можно выбрать подвенечный наряд на любой вкус и кошелек.&lt;/p&gt;\r\n\r\n&lt;p&gt;Модель &quot;Camelia&quot; это скромность, невинность и нежность, воплощенные в форме, ткани и декоре. Классика свадебной моды – бальный силуэт, украшает любую фигуру, делая её женственной и хрупкой.&lt;/p&gt;\r\n\r\n&lt;p&gt;Белоснежная чистота корсета подчеркнута отделкой из нежного кружева, обшитого бисером и жемчугом. Красивый фигурный вырез, привлекает взгляды к оголенной изящной шее и тонким плечам. Кружевные рукава только усиливают впечатление и акцентируют внимание на приспущенной линии корсета.&lt;/p&gt;\r\n\r\n&lt;p&gt;Свадебное платье на заказ модели &quot;Camelia&quot; отличается очень пышной юбкой с шлейфом средней длины. Огромное количество слоев фатина и матовой жесткой евро-сетки обеспечивают шикарный объем.&lt;/p&gt;\r\n\r\n&lt;p&gt;Салон свадебных платьев “Ксена” предлагает невестам на выбор шикарные свадебные платья, которые сделают их образ неотразимым и впечатляющим.&lt;/p&gt;\r\n', '', '', '');
INSERT INTO `ocksena_product_description` (`product_id`, `language_id`, `name`, `description`, `meta_description`, `meta_keyword`, `tag`) VALUES ('56', '4', 'Camelia', '&lt;p&gt;Шикарні весільні сукні від салону &quot;Ксена&quot; складають багатий модельний ряд, з якого можна вибрати вінчальне вбрання на будь-який смак і гаманець.&lt;/p&gt;\r\n\r\n&lt;p&gt;Модель &quot;Camelia&quot; це скромність, невинність і ніжність, втілені в формі, тканини і декорі. Класика весільної моди - бальний силует, прикрашає будь-яку фігуру, роблячи її жіночною і крихкою.&lt;/p&gt;\r\n\r\n&lt;p&gt;Білосніжна чистота корсета підкреслена обробкою з ніжного мережива, обшитого бісером і перлами. Гарний фігурний виріз, привертає погляди до оголеної витонченої шиї і тонким плечам. Мереживні рукава тільки підсилюють враження і акцентують увагу на приспущеній&amp;nbsp;лінії корсета.&lt;/p&gt;\r\n\r\n&lt;p&gt;Весільна сукня на замовлення моделі &quot;Camelia&quot; відрізняється дуже пишною спідницею з шлейфом середньої довжини. Величезна кількість шарів фатину і матовою жорсткої євро-сітки забезпечують шикарний об\'єм.&lt;/p&gt;\r\n\r\n&lt;p&gt;Салон весільних суконь &quot;Ксена&quot; пропонує нареченим на вибір шикарні весільні сукні, які зроблять їх образ чарівним і вражаючим.&lt;/p&gt;\r\n', '', '', '');
INSERT INTO `ocksena_product_description` (`product_id`, `language_id`, `name`, `description`, `meta_description`, `meta_keyword`, `tag`) VALUES ('55', '4', 'Blanka', '&lt;p&gt;Весільна сукня на замовлення моделі &quot;Blanka&quot; пропонує нареченим салон весільних суконь &quot;Ксена&quot;. Цей вінчальне&amp;nbsp;вбрання прекрасний зразок елегантності і стилю.&lt;/p&gt;\r\n\r\n&lt;p&gt;Біла &lt;span style=&quot;font-size: 13px;&quot;&gt;сукня&amp;nbsp;&lt;/span&gt;традиційного бального силуету з приталеним атласним ліфом і пишною фатіновой спідницею ідеальний варіант для дівчат з будь-яким типом фігури.&lt;/p&gt;\r\n\r\n&lt;p&gt;Жорсткий корсет моделі &quot;Blanka&quot; допомагає зробити талію вужчою&amp;nbsp;і підкреслити витонченість фігури. Головний акцент в &lt;span style=&quot;font-size: 13px;&quot;&gt;сукні&amp;nbsp;&lt;/span&gt;зроблений саме на верх. Весь корсет обтягнутий тонкою сіткою, яка розшита бісером і камінням. Плечі прикриті широкими бретельками, виріз човником візуально подовжує лінію шиї. Ззаду широкі лямки звужуються, створюючи красивий виріз, що переходить в шнурівку.&lt;/p&gt;\r\n\r\n&lt;p&gt;Спідниця сукні складається з великого числа тонких шарів фатину і євро-сітки. Пишність низу додатково акцентує увагу на крихкості фігури нареченої. Невеликий шлейф додає королівської величі всьому образу.&lt;/p&gt;\r\n\r\n&lt;p&gt;Ексклюзивні весільні сукні, які пропонує Вашій увазі салон весільних суконь &quot;Ксена&quot;, допоможуть Вам створити свій індивідуальний образ і відчути себе королевою на Вашому святі.&lt;/p&gt;\r\n', '', '', '');
INSERT INTO `ocksena_product_description` (`product_id`, `language_id`, `name`, `description`, `meta_description`, `meta_keyword`, `tag`) VALUES ('57', '4', 'Nimfa', '&lt;p&gt;Салон весільних суконь &quot;Ксена&quot; підготував для наречених ексклюзивну&amp;nbsp;пропозицію&amp;nbsp;- весільну сукню на замовлення &quot;Nimfa&quot;.&lt;/p&gt;\r\n\r\n&lt;p&gt;Цей вінчальний наряд вражає пишністю і вишуканістю. Витончений А-силует підкреслює крихкість і витонченість нареченої. Білосніжність сукні нагадує про невинність і ніжність&amp;nbsp;дівчини, одягненої в нього. Тонкий поясок з атласу візуально робить талію вужчою і витонченішою.&lt;/p&gt;\r\n\r\n&lt;p&gt;Приталений атласний корсет плавно переходить в фатінову&amp;nbsp;спідницю середньої пишності, прикрашену ззаду довгим широким шлейфом. Верх сукні покритий мереживною тканиною, вручну обшитий&amp;nbsp;перлинами, бісером і паєтками. Рукав середньої довжини і невеликий виріз човником акцентують увагу на тонких зап\'ястях, плечах і шиї.&lt;/p&gt;\r\n\r\n&lt;p&gt;Родзинкою декору виступають об\'ємні накладні квіти з вишивкою ручної роботи, з використанням бісеру та перлів. Ніжні суцвіття покривають весь корсет, верх і низ спідниці. Додатково по нижній частині зроблені вставки з використанням таких же букетів.&lt;/p&gt;\r\n\r\n&lt;p&gt;Ексклюзивні весільні сукні моделі &quot;Nimfa&quot; підкреслюють винятковість і красу наречених, дозволяючи відчути себе королевами в їх особливий день.&lt;/p&gt;\r\n', '', '', '');
INSERT INTO `ocksena_product_description` (`product_id`, `language_id`, `name`, `description`, `meta_description`, `meta_keyword`, `tag`) VALUES ('57', '2', 'Nimfa', '&lt;p&gt;Салон свадебных платьев &quot;Ксена&quot; подготовил для невест эксклюзивное предложение – свадебное платье на заказ &quot;Nimfa&quot;.&lt;/p&gt;\r\n\r\n&lt;p&gt;Этот подвенечный наряд поражает великолепием и изысканностью. Утонченный А-силуэт подчеркивает хрупкость и изящность невесты. Белоснежность платья напоминает о невинности и нежности девушки, облаченной в него. Тонкий поясок из атласа зрительно делает талию уже и утонченнее.&lt;/p&gt;\r\n\r\n&lt;p&gt;Приталенный атласный корсет плавно переходит в фатиновую юбку средней пышности, украшенную сзади длинным широким шлейфом. Верх платья покрыт кружевной тканью, вручную обшитой жемчужинами, бисером и паетками. Рукав средней длины и небольшой вырез лодочкой акцентируют внимание на тонких запястьях, плечах и шее.&lt;/p&gt;\r\n\r\n&lt;p&gt;Изюминкой декора выступают объемные накладные цветы с вышивкой ручной работы, с использованием бисера и жемчуга. Нежные соцветия покрывают весь корсет, верх и низ юбки. Дополнительно по нижней части сделаны вставки с использованием таких же букетов.&lt;/p&gt;\r\n\r\n&lt;p&gt;Эксклюзивные свадебные платья модели &quot;Nimfa&quot; подчеркивают исключительность и красоту невест, позволяя почувствовать себя королевами в их особенный день.&lt;/p&gt;\r\n', '', '', '');
INSERT INTO `ocksena_product_description` (`product_id`, `language_id`, `name`, `description`, `meta_description`, `meta_keyword`, `tag`) VALUES ('53', '1', 'Caramel', '&lt;p&gt;A wedding salon &quot;Ksena&quot; offers an exclusive 2016’s collection of wedding dresses. In this range you will find posh wedding dresses in which you will not only look good, they will make you feel like a queen - beautiful, elegant and desirable.&lt;/p&gt;\r\n\r\n&lt;p&gt;&quot;Caramel&quot; dress is ideal variant for girls who are looking for classic wedding attire. This tailored wedding dress fits all these requirements and even more.&lt;/p&gt;\r\n\r\n&lt;p&gt;The first feature of the dress – is the color score. Designers have used a combination of white and caramel colours. Such not too strong contrast looks gentle, not flashy. It is quite the thing to make guests think: &quot;Oh, how unusual and beautiful it is&quot; and precisely remember You and your wedding.&lt;/p&gt;\r\n\r\n&lt;p&gt;Additional attention to You and Your attire provides the following designer accent –a handmade lace. It is used to trim the bottom of the skirt and corset.&lt;/p&gt;\r\n\r\n&lt;p&gt;A lush caramel skirt closer to the ground is decorated with a broad stripe of lace with an unusual pattern. A small train adds to a whole image a royal greatness. Lightweight cloths, which are used for sewing the skirt, subside with beautiful folds, adding a desired volume, not weighing the whole dress.&lt;/p&gt;\r\n\r\n&lt;p&gt;Corset of this model deserves a special attention - closed, close-fitting in the waist with an elegant bateau neck cutout. It emphasizes the bride’s beauty and femininity. The whole corset and long sleeves are decorated with a white lace.&lt;/p&gt;\r\n\r\n&lt;p&gt;A small bow, which is made in two colours, completes this unusual attire. Such a little playful overtone in this elegant, expensive and stunning dress.&lt;/p&gt;\r\n', '', '', '');
INSERT INTO `ocksena_product_description` (`product_id`, `language_id`, `name`, `description`, `meta_description`, `meta_keyword`, `tag`) VALUES ('54', '1', 'Nicol', '&lt;p&gt;You do not have to choose your wedding dress in a hurry. On the main day of every bride’s life everything should be perfect, and the most important - she should feel charming.&lt;/p&gt;\r\n\r\n&lt;p&gt;There is a dress &quot;Nicol&quot; in the collection of the wedding dresses in salon &quot;Ksena&quot;, which will give a sense of irresistibility and attractiveness to any girl. This festive dress, which is the embodiment of beauty and tenderness, will decorate the bride.&lt;/p&gt;\r\n\r\n&lt;p&gt;The top of the dress is open and focuses attention on the bride’s decollete zone, neck and shoulder line; it emphasizes their refinement. The open bodice is decorated with handmade embroidery and beading that will attract attention to the bride’s image.&lt;/p&gt;\r\n\r\n&lt;p&gt;The corset is close-fitting in the waist and is in perfect harmony with the lush multi-layered skirt made of tulle. Behind &amp;nbsp;the skirt smoothly turns into a chic trail that gives the image lightness and grace. The bottom and the top of the skirt are decorated with wide handmade lace which is trimmed with beads, that gives the attire elegance and daintiness.&lt;/p&gt;\r\n\r\n&lt;p&gt;The wedding salon «Ksena»gives You an opportunity to buy a &quot;Nicol&quot; dress or to select another exclusive wedding dresses for your special day. We will be happy to help you to turn your holiday into a fairy tale!&lt;/p&gt;\r\n', '', '', '');
INSERT INTO `ocksena_product_description` (`product_id`, `language_id`, `name`, `description`, `meta_description`, `meta_keyword`, `tag`) VALUES ('50', '2', 'Amazonka', '&lt;p&gt;Салон свадебных платьев &quot;Ксена&quot; предлагает &amp;nbsp;шикарные свадебные платья, которые превратят невест в прекрасных принцесс на главном празднике их жизни. Модель платья &quot;Amazonka&quot; – это наряд бального фасона в белом цвете.&lt;/p&gt;\r\n\r\n&lt;p&gt;Открытый верх обрамляет и визуально удлиняет линию плеч и рук, делая образ открытым, уверенным и эффектным. Чувственный &amp;nbsp;лиф в форме «сердца» выгодно подчеркнёт объём и линию груди.&lt;/p&gt;\r\n\r\n&lt;p&gt;Вышитый бисером корсет ручной работы переходящий в пышную юбку деликатно подчеркивает талию, делая ее особенно изящной. Объёмная воздушная юбка из нескольких слоёв фатина смотрится дорого и имеет потрясающе шикарный шлейф, который в свою очередь придаст образу великолепия и торжественности.&lt;/p&gt;\r\n\r\n&lt;p&gt;В самый важный день жизни для невесты важно быть уверенной в своей очаровательности, &quot;Amazonka&quot; позволит подчеркнуть изящество фигуры, женственность и грациозность.&lt;/p&gt;\r\n', '', '', '');
INSERT INTO `ocksena_product_description` (`product_id`, `language_id`, `name`, `description`, `meta_description`, `meta_keyword`, `tag`) VALUES ('50', '4', 'Amazonka', '&lt;p&gt;Салон весільних суконь &quot;Ксена&quot; пропонує шикарні весільні сукні, які перетворять наречених в прекрасних принцес на головному святі їхнього життя. Модель сукні &quot;Amazonka&quot; - це наряд бального фасону в білому кольорі.&lt;/p&gt;\r\n\r\n&lt;p&gt;Відкритий верх обрамляє і візуально подовжує лінію плечей і рук, роблячи образ вiдкритий, упевнений і ефектним. Чуттєвий ліф в формі «серця» вигідно підкреслить обсяг і лінію грудей.&lt;/p&gt;\r\n\r\n&lt;p&gt;Вишитий бісером корсет ручної роботи переходить в пишну спідницю делікатно підкреслює талію, роблячи її особливо витонченої. Об\'ємна повітряна спідниця з декількох шарів фатину виглядає дорого і має приголомшливо шикарний шлейф, який в свою чергу додасть образу пишноти й урочистості.&lt;/p&gt;\r\n\r\n&lt;p&gt;У найважливіший день життя для нареченої важливо бути впевненою в своїй чарівності, &quot;Amazonka&quot; дозволить підкреслити витонченість фігури, жіночність і граціозність.&lt;/p&gt;\r\n', '', '', '');
INSERT INTO `ocksena_product_description` (`product_id`, `language_id`, `name`, `description`, `meta_description`, `meta_keyword`, `tag`) VALUES ('51', '2', 'Perla', '&lt;p&gt;Эксклюзивные свадебные платья представляет в коллекции 2015 года салон свадебных платьев «Ксена».&lt;/p&gt;\r\n\r\n&lt;p&gt;Платье «Perla»- жемчужина этого модельного ряда.&lt;/p&gt;\r\n\r\n&lt;p&gt;Белоснежное платье с пышной юбкой, открытой спиной и небольшим шлейфом мгновенно притягивает к себе взгляд. Это свадебное платье на заказ заинтересует девушку, которая мечтает почувствовать себя принцессой на первом балу.&lt;/p&gt;\r\n\r\n&lt;p&gt;Платье имеет классический крой с приталенным жестким корсетом и пышной многослойной юбкой. Лиф в форме сердца хорошо подчеркивает грудь. Вверху корсета ткань переходит в прозрачную сетку, края которой отделаны жемчужинами.&lt;/p&gt;\r\n\r\n&lt;p&gt;Платье «Perla» на бретельках, без рукавов с вырезом лодочкой. Весь корсет покрыт замысловатыми узорами из жемчуга с вкраплениями камней.&lt;/p&gt;\r\n\r\n&lt;p&gt;Изюминка этого подвенечного наряда - спинка: сзади корсет имеет глубокий V-образный вырез закрытый сеткой и небольшой шлейф. Платье сзади застегивается на пуговицы, формирующие сплошную линию, что создает дополнительный акцент, притягивая взоры к спине.&lt;/p&gt;\r\n\r\n&lt;p&gt;Большое количество полупрозрачных слоев фатина без дополнительного декора придает платью необходимую пышность и невесомость.&lt;/p&gt;\r\n\r\n&lt;p&gt;Такое платье подойдет обладательницам изящной спинки и девушкам с долей авантюризма в характере. Элегантная и достаточно скромная классика кроя с одной стороны и соблазнительная загадка с другой – вот выбор смелых и стильных невест.&lt;/p&gt;\r\n', '', '', '');
INSERT INTO `ocksena_product_description` (`product_id`, `language_id`, `name`, `description`, `meta_description`, `meta_keyword`, `tag`) VALUES ('51', '4', 'Perla', '&lt;p&gt;Ексклюзивні весільні сукні представляє в колекції 2015 року салон весільних суконь «Ксена».&lt;/p&gt;\r\n\r\n&lt;p&gt;Сукня «Perla» - перлина цього модельного ряду.&lt;/p&gt;\r\n\r\n&lt;p&gt;Білосніжна сукня з пишною спідницею, відкритою спиною і невеликим шлейфом миттєво притягує до себе погляд. Ця&amp;nbsp;весільна&amp;nbsp;сукня&amp;nbsp;на замовлення зацікавить дівчину, яка мріє відчути себе принцесою на першому балу.&lt;/p&gt;\r\n\r\n&lt;p&gt;Сукня має класичний крій з приталеним жорстким корсетом і пишною багатошаровою спідницею. Ліф в формі серця добре підкреслює груди. Вгорі корсета тканина&amp;nbsp;переходить в прозору сітку, краї якої оброблені перлинами.&lt;/p&gt;\r\n\r\n&lt;p&gt;Сукня «Perla» на бретельках, без рукавів з вирізом човником. Весь корсет покритий хитромудрими візерунками з перлів з вкрапленнями каменів.&lt;/p&gt;\r\n\r\n&lt;p&gt;Родзинка цього вінчального вбрання - спинка: ззаду корсет має глибокий V-подібний виріз закритий сіткою і невеликий шлейф. Сукня ззаду застібається на гудзики, що формують суцільну лінію, що створює додатковий акцент, притягаючи погляди до спини.&lt;/p&gt;\r\n\r\n&lt;p&gt;Велика кількість напівпрозорих шарів фатину без додаткового декору додає сукні необхідну пишність і невагомість.&lt;/p&gt;\r\n\r\n&lt;p&gt;Таке плаття підійде власницям витонченої спинки і дівчатам з часткою авантюризму в характері. Елегантна і досить скромна класика крою з одного боку і спокуслива загадка з іншого - ось вибір сміливих і стильних наречених.&lt;/p&gt;\r\n', '', '', '');
INSERT INTO `ocksena_product_description` (`product_id`, `language_id`, `name`, `description`, `meta_description`, `meta_keyword`, `tag`) VALUES ('52', '4', 'Mishel', '&lt;p&gt;У весільному салоні &quot;Ксена&quot; Ви можете купити весільне плаття моделі &quot;Mishel&quot;. Представлене вбрання володіє просто дивовижним зовнішнім виглядом і елегантно впишеться в будь-яке весілля, зробивши Вас нареченою, яку запам\'ятають назавжди.&lt;/p&gt;\r\n\r\n&lt;p&gt;Сукня &quot;Mishel&quot; А-силуету, виконане в молочному кольорі. Головна особливість крою такого весільного вбрання полягає в тому, що вузький верх &amp;nbsp;не здавлює, але візуально витягує фігуру нареченої.&lt;/p&gt;\r\n\r\n&lt;p&gt;Ліф в формі «сердечка» зробить яскравий акцент на зоні декольте, а відкритий верх без рукава підкреслить витончені руки і плечі нареченої. Розшитий камінням і декорований ручною вишивкою корсет граціозно переходить в фатінову спідницю середньої пишності.&lt;/p&gt;\r\n\r\n&lt;p&gt;Цікавим декором спідниці служить вишивка ручної роботи, яка додасть образу граціозності. Акуратна вишивка чудово поєднується з плавним кроєм, підкреслюючи витонченість фігури нареченої, додаючи їй жіночності і чуттєвості. У такій сукні йдуть до вівтаря принцеси з найкрасивіших голлівудських фільмів, так чому б не вибрати наряд А-силует для свого торжества?&lt;/p&gt;\r\n\r\n&lt;p&gt;Поєднання всіх елементів весільного вбрання створює справжню гармонію в образі нареченої, що особливо важливо на весільному торжестві. Салон весільних суконь &quot;Ксена&quot; надає Вам можливість купити весільне плаття цієї моделі або пошити його на замовлення.&lt;/p&gt;\r\n', '', '', '');
INSERT INTO `ocksena_product_description` (`product_id`, `language_id`, `name`, `description`, `meta_description`, `meta_keyword`, `tag`) VALUES ('52', '2', 'Mishel', '&lt;p&gt;В свадебном салоне “Ксена” Вы можете купить свадебное платье модели &quot;Mishel&quot;. Представленный наряд обладает просто изумительным внешним видом и элегантно впишется в любую свадьбу, сделав Вас невестой, которую запомнят навсегда.&lt;/p&gt;\r\n\r\n&lt;p&gt;Платье &quot;Mishel&quot; А-силуэта, выполнено в молочном цвете. Главная особенность кроя такого свадебного наряда заключается в том, что поразительно узкий верх не сдавливает, но визуально вытягивает фигуру невесты.&lt;/p&gt;\r\n\r\n&lt;p&gt;Лиф в форме «сердечка» сделает яркий акцент на зоне декольте, а открытый верх без рукава подчеркнёт изящные руки и плечи невесты. Расшитый камнями и декорирован ручной вышивкой корсет грациозно переходит в фатиновую юбку средней пышности.&lt;/p&gt;\r\n\r\n&lt;p&gt;Интересным декором юбки служит вышивка ручной работы, которая придаст образу грациозности. Аккуратная вышивка превосходно сочетается с плавным кроем, подчеркивая изящество фигуры невесты, добавляя ей женственности и чувственности. В таком платье идут к алтарю принцессы из красивых голливудских фильмов, так почему бы не выбрать наряд А-силуэт для собственного торжества?&lt;/p&gt;\r\n\r\n&lt;p&gt;Сочетание всех элементов свадебного убранства создает настоящую гармонию в образе невесты, что особенно важно на свадебном торжестве. Салон свадебных платьев “Ксена” предоставляет Вам возможность купить свадебное платье этой модели либо пошить его на заказ.&lt;/p&gt;\r\n', '', '', '');
INSERT INTO `ocksena_product_description` (`product_id`, `language_id`, `name`, `description`, `meta_description`, `meta_keyword`, `tag`) VALUES ('60', '2', 'Olivia', '&lt;p&gt;Каждая невеста мечтает выглядеть в день свадьбы неотразимой, загадочной и стильной королевой. Эксклюзивные свадебные платья от салона &quot;Ксена&quot; – идеальный выбор для девушек, которые ищут свой неповторимый образ.&lt;/p&gt;\r\n\r\n&lt;p&gt;Свадебное платье на заказ модели &quot;Olivia&quot; именно тот вариант, который поможет любой невесте воплотить свои мечты о прекрасном подвенечном наряде.&lt;/p&gt;\r\n\r\n&lt;p&gt;Эта модель классического бального типа с пышной многослойной юбкой и приталенным корсетом как нельзя лучше подчеркнет все достоинства фигуры. А декоративная отделка сделает весь образ изысканным, добавив стиля и шика.&lt;/p&gt;\r\n\r\n&lt;p&gt;Атласный корсет с лифом в форме сердечка покрыт тонкой нежной сеткой. Особенность этого платья – отделка. Дизайнеры использовали тонкое кордовое кружево, вручную обшитое паетками, бисером и жемчугом. Крупными цветами, небольшими соцветиями, веточками и завитками обшит весь корсет, линия выреза, спинка и рукава платья.&lt;/p&gt;\r\n\r\n&lt;p&gt;Для юбки мастера использовали огромное количество слоев фатина. Украшением для нее служат небольшие вставки расшитого кружева &amp;nbsp;по верху и удлиненный шлейф.&lt;/p&gt;\r\n\r\n&lt;p&gt;Заказав подвенечный наряд модели &quot;Olivia&quot;, который предлагает свои клиентам салон свадебных платьев &quot;Ксена&quot; Вы будете уверены в том, что в такой важный для Вас день Вы будете выглядеть неповторимо, и сразите всех гостей своей красотой.&lt;/p&gt;\r\n', '', '', '');
INSERT INTO `ocksena_product_description` (`product_id`, `language_id`, `name`, `description`, `meta_description`, `meta_keyword`, `tag`) VALUES ('60', '4', 'Olivia', '&lt;p&gt;Кожна наречена мріє виглядати в день весілля чарівною, загадковою і стильною королевою. Ексклюзивні весільні сукні від салону &quot;Ксена&quot; - ідеальний вибір для дівчат, які шукають свій неповторний образ.&lt;/p&gt;\r\n\r\n&lt;p&gt;Весільна сукня на замовлення моделі &quot;Olivia&quot; саме той варіант, який допоможе будь-якій нареченій втілити свої мрії про прекрасне шлюбне&amp;nbsp;вбрання.&lt;/p&gt;\r\n\r\n&lt;p&gt;Ця модель класичного бального типу з пишною багатошаровою спідницею і приталеним корсетом якнайкраще підкреслить всі достоїнства фігури. А декоративне оздоблення зробить весь образ вишуканим, додавши стилю і шику.&lt;/p&gt;\r\n\r\n&lt;p&gt;Атласний корсет з ліфом в формі сердечка покритий тонкою ніжною сіткою. Особливість цієї&amp;nbsp;сукні - обробка. Дизайнери використовували тонке кордове мереживо, вручну обшите паєтками, бісером і перлами. Великими квітами, невеликими суцвіттями, гілочками і завитками обшитий весь корсет, лінія вирізу, спинка і рукави сукні.&lt;/p&gt;\r\n\r\n&lt;p&gt;Для спідниці майстри використовували величезну кількість шарів фатину. Окрасою для неї служать невеликі вставки розшитого мережива по верху і подовжений шлейф.&lt;/p&gt;\r\n\r\n&lt;p&gt;Замовивши вінчальне вбрання моделі &quot;Olivia&quot;, яке пропонує своїм клієнтам салон весільних суконь &quot;Ксена&quot; Ви будете впевнені в тому, що в такий важливий для Вас день Ви будете виглядати неповторно, і уб\'єте всіх гостей своєю красою.&lt;/p&gt;\r\n', '', '', '');
INSERT INTO `ocksena_product_description` (`product_id`, `language_id`, `name`, `description`, `meta_description`, `meta_keyword`, `tag`) VALUES ('60', '3', 'Olivia', '&lt;p&gt;Jede Braut will an ihrem Hochzeitstag unwiderstehliche, mysteriöse und stilvolle Königin aussehen. Exklusive Brautkleider aus dem Salon &quot;Ksena&quot; ist eine perfekte Wahl für Frauen, die ein einzigartiges Bild suchen.&lt;/p&gt;\r\n\r\n&lt;p&gt;Ein maßgeschneidertes Hochzeitskleid &quot;Olivia&quot; ist die sehr Option, die jede Braut helfen, ihre Träume von einem schönen Brautkleid zu verwirklichen&lt;/p&gt;\r\n\r\n&lt;p&gt;Dieses klassische Ball-Modell mit einem mehrschichtigen üppigen Rock und eng anliegend in der Taille Korsett wird Akzent auf alle Würde der Figur. Und dekorative Ordnung wird das ganze Bild verfeinert, indem Stil und Chic.&lt;/p&gt;\r\n\r\n&lt;p&gt;Ein Satin-Korsett zusammen mit herzförmigen Mieder ist mit dünnen weichen Netz. Die Besonderheit dieses Kleides ist seine Besatzung. Designer haben eine dünne Schnur Spitze, hand-trimmed mit Pailletten, Perlen und Perlen verwendet. Das gesamte Korsett, Ausschnitt, Rücken und Ärmel sind mit großen Blüten, kleinen Blütenständen, Zweigen und Locken beschnitten.&lt;/p&gt;\r\n\r\n&lt;p&gt;Masters haben eine riesige Anzahl von Tüll-Schichten für den Rock verwendet. Seine Verzierungen sind kleine gestickte Spitzeneinsätze auf die Oberseite und ein verlängerter Zug.&lt;/p&gt;\r\n\r\n&lt;p&gt;Nachdem Sie das Hochzeitskleid &quot;Olivia&quot; bestellt haben, das den Kunden im Salon der Brautkleider &quot;Ksena&quot; angeboten wird, werden Sie sicher sein, dass Sie an einem so wichtigen Tag für Sie aussehen und alle Gäste staunen werden Durch Ihre Schönheit.&lt;/p&gt;\r\n', '', '', '');
INSERT INTO `ocksena_product_description` (`product_id`, `language_id`, `name`, `description`, `meta_description`, `meta_keyword`, `tag`) VALUES ('60', '1', 'Olivia', '&lt;p&gt;Every bride wants to look irresistible, mysterious and stylish queen on her wedding day. Exclusive wedding dresses from salon &quot;Ksena&quot; is a perfect choice for women who are looking for a unique image.&lt;/p&gt;\r\n\r\n&lt;p&gt;A tailored wedding dress &quot;Olivia&quot; is the very option that will help any bride to realize her dreams of a beautiful wedding dress&lt;/p&gt;\r\n\r\n&lt;p&gt;This classic ball-type model with a multi-layered lush skirt and close-fitting in the waist corset will make accent on all the dignities of the figure. And decorative trim will make the whole image refined, adding style and chic.&lt;/p&gt;\r\n\r\n&lt;p&gt;A satin corset along with heart-shaped bodice is covered with thin soft netting. The peculiarity of this dress is its trimming. Designers have used a thin cord lace, hand-trimmed with sequins, beads and pearls. The whole corset, cutout’s line, back and sleeves are trimmed with large flowers, small inflorescences, twigs and curls.&lt;/p&gt;\r\n\r\n&lt;p&gt;Masters have used a huge number of tulle’s layers for the skirt. Its decorations are small embroidered lace’s inserts on the top and a lengthened train.&lt;/p&gt;\r\n\r\n&lt;p&gt;Having ordered the wedding dress &quot;Olivia&quot;, which is offered &amp;nbsp;to customers by salon of the wedding dresses &quot;Ksena&quot;, You will be assured that on such an important day for You, You will look one and only and all the guests will be amazed by Your beauty.&lt;/p&gt;\r\n', '', '', '');
INSERT INTO `ocksena_product_description` (`product_id`, `language_id`, `name`, `description`, `meta_description`, `meta_keyword`, `tag`) VALUES ('61', '2', 'Сarmen', '&lt;p&gt;Выбор подвенечного наряда важный момент, в котором лучше обращаться к профессионалам. Салон свадебных платьев &quot;Ксена&quot; то место где Вы сможете подобрать для себя идеальное свадебное платье на заказ. Широкая линейка моделей угодит любому вкусу и требованиям.&lt;/p&gt;\r\n\r\n&lt;p&gt;Свадебное платье на заказ модели &quot;Carmen&quot; гармонично сочетает в себе классику бального силуэта и современные тенденции декора.&lt;/p&gt;\r\n\r\n&lt;p&gt;При разработке модели дизайнеры сделали главный акцент на отделке верха. Атласный приталенный корсет покрыт нежным, тонким кружевом, которое додает всему образу аристократичности. Мастера вручную расшили всю поверхность бисером, паетками и жемчужинами сотворив причудливые красивые узоры. Дополнительное внимание притягивают приспущенный на плечи фигурный вырез и короткие рукавчики, позволяя жениху вдоволь любоваться на изящную шею избранницы.&lt;/p&gt;\r\n\r\n&lt;p&gt;Юбка платья грамотно дополняет весь образ. Пышная, благодаря большому количеству слоев фатина она не создает впечатления громоздкости, наоборот выглядит как воздушное облако. Усиливает эффект невесомости небольшой легкий шлейф.Завершающим штрихом выступает тонкий пояс расшитый камнями, подчеркивающий хрупкость и нежность невесты.&lt;/p&gt;\r\n\r\n&lt;p&gt;Эксклюзивные свадебные платья от салона &quot;Ксена&quot; помогут воплотить в жизнь Ваш идеальный образ. Наши платья акцентируют внимание на Вашей исключительности, грации и красоте.&lt;/p&gt;\r\n', '', '', '');
INSERT INTO `ocksena_product_description` (`product_id`, `language_id`, `name`, `description`, `meta_description`, `meta_keyword`, `tag`) VALUES ('61', '4', 'Сarmen', '&lt;p&gt;Вибір вінчального вбрання важливий момент, в якому краще звертатися до професіоналів. Салон весільних суконь &quot;Ксена&quot; це місце де Ви зможете підібрати для себе ідеальне весільну сукню на замовлення. Широка лінійка моделей догодить будь-якому смаку і вимогам.&lt;/p&gt;\r\n\r\n&lt;p&gt;Весільна сукня на замовлення моделі &quot;Carmen&quot; гармонійно поєднує в собі класику бального силуету і сучасні тенденції декору.&lt;/p&gt;\r\n\r\n&lt;p&gt;При розробці моделі дизайнери зробили головний акцент на обробці верху. Атласний приталений корсет покритий ніжним, тонким мереживом, яке додає всьому образу аристократичності. Майстри вручну розшили всю поверхню бісером, паєтками та перлинами створивши красиві візерунки. Додаткову увагу притягують приспущений на плечі фігурний виріз і короткі рукавчики, дозволяючи нареченому вдосталь милуватися на витончену шию обраниці.&lt;/p&gt;\r\n\r\n&lt;p&gt;Спідниця сукні грамотно доповнює весь образ. Пишна, завдяки великій кількості шарів фатину вона не створює враження громіздкості, навпаки виглядає як повітряна&amp;nbsp;хмаринка. Підсилює ефект невагомості невеликий легкий шлейф. Завершальним&amp;nbsp;штрихом виступає тонкий пояс розшитий камінням, що підкреслює крихкість і ніжність нареченої.&lt;/p&gt;\r\n\r\n&lt;p&gt;Ексклюзивні весільні сукні від салону &quot;Ксена&quot; допоможуть втілити в життя Ваш ідеальний образ. Наші сукні акцентують увагу на Вашій винятковості, грації та красі.&lt;/p&gt;\r\n', '', '', '');
INSERT INTO `ocksena_product_description` (`product_id`, `language_id`, `name`, `description`, `meta_description`, `meta_keyword`, `tag`) VALUES ('61', '3', 'Сarmen', '&lt;p&gt;Eine Auswahl an einem Hochzeitskleid ist ein wichtiger Moment, der besser ist, mit den Profis vorbereitet werden.Der Hochzeitssalon &quot;Ksena&quot; ist der Ort, wo Sie ein perfektes Kleid nach Maß zu wählen. Eine breite Strecke der Modelle gefallenany Geschmack und Anforderungen.&lt;/p&gt;\r\n\r\n&lt;p&gt;Eine Hochzeit maßgeschneiderte Kleid &quot;Carmen&quot; kombiniert die klassische Ballsaal Silhouette und moderne Dekor-Trends.&lt;/p&gt;\r\n\r\n&lt;p&gt;Die Designer haben den Schwerpunkt auf die Beschneidung der Spitze. Ein Satin eng anliegend in der Taille Korsett ist mit einer weichen, zarten Spitze, die das Bild ein Blick von Aristokratie. Masters haben die ganze Oberfläche mit Perlen, Pailletten und Perlen bestickt, schöne Muster erstellt. Eine zusätzliche Aufmerksamkeit wird durch halbmastigen figürlichen Ausschnitt auf den Schultern und kurzen Handschuhen, die Bräutigam, um die Braut den sauberen Hals zu bewundern locken angezogen.&lt;/p&gt;\r\n\r\n&lt;p&gt;Rock richtig ergänzt das ganze Bild. Lush aufgrund der großen Menge von Tüll-Schichten der Rock sieht nicht umständlich, aber im Gegenteil-es sieht aus wie eine leichte Wolke. Ein kleiner leichter Zug erhöht die Wirkung der Schwerelosigkeit. Dünne Gürtel mit Steinen bestickt, die die Zerbrechlichkeit und Zärtlichkeit der Braut unterstreicht, ist ein Finishing-Merkmal.&lt;/p&gt;\r\n\r\n&lt;p&gt;Exklusive Brautkleider aus dem Salon &quot;Ksena&quot; wird Ihnen helfen, Ihr Idealbild zu verwirklichen. Unsere Kleider legen Stress auf Ihre Exklusivität, Anmut und Schönheit.&lt;/p&gt;\r\n', '', '', '');
INSERT INTO `ocksena_product_description` (`product_id`, `language_id`, `name`, `description`, `meta_description`, `meta_keyword`, `tag`) VALUES ('61', '1', 'Сarmen', '&lt;p&gt;A choice of a wedding dress is an important moment which is better to be prepared with the professionals.The wedding salon &quot;Ksena&quot; is the very place where you can choose a perfect made-to-order dress. A wide range of models will pleaseany taste and requirements.&lt;/p&gt;\r\n\r\n&lt;p&gt;A wedding tailored dress &quot;Carmen&quot; combines the classic ballroom silhouette and modern decor trends.&lt;/p&gt;\r\n\r\n&lt;p&gt;The designers have made the main focus on the top’s trimming. A satin close-fitting in the waist corset is covered with soft, delicate lace that gives the image a look of aristocracy. Masters have embroidered the entire surface with beads, sequins and pearls, having created beautiful patterns. An additional attention is attracted by half-masted figured cutout on the shoulders and short gloves that allows groom to admire his bride’s neat neck.&lt;/p&gt;\r\n\r\n&lt;p&gt;Skirt properly complements the whole image. Lush due to the big amount of tulle’s layers the skirt does not look cumbersome, but on the contrary- it looks like a lightweight cloud. A small light train increases the effect of weightlessness. Thin belt embroidered with stones, which underlines bride’s fragility and tenderness, is a finishing trait.&lt;/p&gt;\r\n\r\n&lt;p&gt;Exclusive wedding dresses from salon &quot;Ksena&quot; will help You to realize Your ideal image. Our dresses lay stress on Your exclusivity, grace and beauty.&lt;/p&gt;\r\n', '', '', '');
INSERT INTO `ocksena_product_description` (`product_id`, `language_id`, `name`, `description`, `meta_description`, `meta_keyword`, `tag`) VALUES ('62', '2', 'Diva', '&lt;p&gt;Шикарные свадебные платья разработал для своих клиентов салон свадебных платьев &quot;Ксена&quot;. Свадебное платье на заказ модели &quot;Diva&quot; поможет любой невесте почувствовать себя величественной королевой, сражающей всех своим великолепным видом.&lt;/p&gt;\r\n\r\n&lt;p&gt;Платье &quot;Diva&quot; классического бального кроя, с корсетом подчеркивающим талию и бюст и объемной юбкой с небольшим шлейфом является прекрасным образцом традиционной свадебной моды.&lt;/p&gt;\r\n\r\n&lt;p&gt;Верх платья украшен тонкой сеткой расшитой вручную камнями, паетками и бисером. Замысловатые узоры складываются в красивую картинку притягивающую взгляд. Небольшой вырез лодочкой акцентирует внимание на изящной шее и красивых плечах невесты.&lt;/p&gt;\r\n\r\n&lt;p&gt;Платье без рукавов, что позволяет обратить все внимание на тонкие нежные ручки и пальчики, на одном из которых будет красоваться обручальное кольцо.&lt;/p&gt;\r\n\r\n&lt;p&gt;Спинка платья имеет интересную форму, наверху две широкие лямки закреплены на пуговичку, а снизу остается открытая часть демонстрирующая красивую спинку невесты.&lt;/p&gt;\r\n\r\n&lt;p&gt;Свадебное платье на заказ от ТМ &quot;Ксена&quot; это Ваш залог хорошего настроения и прекрасного внешнего вида в такой важный для Вас день.&lt;/p&gt;\r\n', '', '', '');
INSERT INTO `ocksena_product_description` (`product_id`, `language_id`, `name`, `description`, `meta_description`, `meta_keyword`, `tag`) VALUES ('62', '4', 'Diva', '&lt;p&gt;Шикарні весільні сукні розробив для своїх клієнтів салон весільних суконь &quot;Ксена&quot;. Весільна сукня на замовлення моделі &quot;Diva&quot; допоможе будь-якій нареченій відчути себе величною королевою, що вбиває всіх своїм чудовим виглядом.&lt;/p&gt;\r\n\r\n&lt;p&gt;Сукня &quot;Diva&quot; класичного бального крою, з корсетом підкреслює талію і бюст і об\'ємною спідницею з невеликим шлейфом є ​​прекрасним зразком традиційної весільної моди.&lt;/p&gt;\r\n\r\n&lt;p&gt;Верх сукні прикрашений тонкою&amp;nbsp;сіткою розшитою&amp;nbsp;вручну камінням, паєтками та бісером. Хитромудрі візерунки, що складаються в красиву картинку притягують&amp;nbsp;погляд. Невеликий виріз човником акцентує увагу на витонченій шиї і красивих плечах нареченої.&lt;/p&gt;\r\n\r\n&lt;p&gt;Сукня без рукавів, що дозволяє звернути всю увагу на тонкі ніжні ручки і пальчики, на одному з яких буде красуватися обручка.&lt;/p&gt;\r\n\r\n&lt;p&gt;Спинка сукні має цікаву форму, нагорі дві широкі лямки закріплені на гудзик, а знизу залишається відкрита частина демонструє гарну спинку нареченої.&lt;/p&gt;\r\n\r\n&lt;p&gt;Весільна сукня на замовлення від ТМ &quot;Ксена&quot; це запорука&lt;span style=&quot;font-size: 13px;&quot;&gt;&amp;nbsp;Вашого&lt;/span&gt;&amp;nbsp;гарного настрою і прекрасного зовнішнього вигляду в такий важливий для Вас день.&lt;/p&gt;\r\n', '', '', '');
INSERT INTO `ocksena_product_description` (`product_id`, `language_id`, `name`, `description`, `meta_description`, `meta_keyword`, `tag`) VALUES ('62', '1', 'Diva', '&lt;p&gt;The wedding salon «Ksena» has created luxurious wedding dresses for its customers. Made-to-order wedding gown «Diva» will help any bride to feel herself like a majestic queen, who amazes everyone by her magnificent look.&amp;nbsp;&lt;/p&gt;\r\n\r\n&lt;p&gt;Dress «Diva», which is made of a classic ballroom cutout, with a corset that lays stress on the waist and woman’s breast and with a full skirt including a small train is a perfect example of traditional wedding fashion.&amp;nbsp;&lt;/p&gt;\r\n\r\n&lt;p&gt;The top of the dress is decorated with thin netting which is embroidered by hand with stones, sequins and beads. Intricate patterns create a pretty picture that catches attention. A small boat neckline emphasizes the bride’s elegant neck and shoulders.&amp;nbsp;&lt;/p&gt;\r\n\r\n&lt;p&gt;This is a sleeveless dress that allows setting eyes on the subtle delicate hands and fingers, one of which will have an engagement ring.&amp;nbsp;&lt;/p&gt;\r\n\r\n&lt;p&gt;The back of the dress has an interesting shape; on the top there are two wide straps that are fastened with a small button. On the underside there remains an open part, which shows bride’s beautiful back.&amp;nbsp;&lt;/p&gt;\r\n\r\n&lt;p&gt;The tailored wedding dress from TM «Ksena» is your guarantee of good mood and gorgeous appearance on such an important day for you.&amp;nbsp;&lt;/p&gt;\r\n', '', '', '');
INSERT INTO `ocksena_product_description` (`product_id`, `language_id`, `name`, `description`, `meta_description`, `meta_keyword`, `tag`) VALUES ('62', '3', 'Diva', '&lt;p&gt;Der Hochzeitssalon «Ksena» hat luxuriöse Brautkleider für seine Kunden geschaffen. Nach Maß Hochzeitskleid «Diva» hilft jeder Braut, sich wie eine majestätische Königin zu fühlen, die jeder durch ihren ausgezeichneten Blick wundern.&lt;/p&gt;\r\n\r\n&lt;p&gt;Kleid &quot;Diva&quot;, das aus einem klassischen Ballsaalausschnitt besteht, mit einem Korsett, das Stress auf die Taille und die Brust der Frau legt und mit einem vollen Rock mit einem kleinen Zug ist ein perfektes Beispiel für traditionelle Brautmode.&lt;/p&gt;\r\n\r\n&lt;p&gt;Die Spitze des Kleides ist mit dünnen Netzen, die von Hand mit Steinen, Pailletten und Perlen bestickt ist. Verwickelte Muster schaffen ein hübsches Bild, das Aufmerksamkeit erregt. Ein kleiner Bootausschnitt unterstreicht den eleganten Hals und die Schultern der Braut.&lt;/p&gt;\r\n\r\n&lt;p&gt;Dies ist ein ärmelloses Kleid, das Einstellung der Augen auf die subtile zarte Hände und Finger, von denen eine Verlobungsring haben wird ermöglicht.&lt;/p&gt;\r\n\r\n&lt;p&gt;Die Rückseite des Kleides hat eine interessante Form; Auf der Oberseite gibt es zwei breite Riemen, die mit einem kleinen Knopf befestigt werden. Auf der Unterseite bleibt ein offener Teil, der den schönen Rücken der Braut zeigt.&lt;/p&gt;\r\n\r\n&lt;p&gt;Das maßgeschneiderte Brautkleid von TM «Ksena» ist Ihre Garantie für eine gute Stimmung und ein herrliches Aussehen an einem so wichtigen Tag für Sie.&lt;/p&gt;\r\n', '', '', '');
INSERT INTO `ocksena_product_description` (`product_id`, `language_id`, `name`, `description`, `meta_description`, `meta_keyword`, `tag`) VALUES ('63', '2', 'Francheska', '&lt;p&gt;Невеста – главная героиня свадебного дня, и выглядеть она должна великолепно. Шикарные свадебные платья , которые представляет в линейке 2016 года салон свадебных платьев &quot;Ксена&quot;, помогут создать девушкам неповторимый, запоминающейся образ.&lt;/p&gt;\r\n\r\n&lt;p&gt;Модель &quot;Francheska&quot; идеально подойдет девушкам, которые хотят подчеркнуть свою нежность, невинность и скромность.&lt;/p&gt;\r\n\r\n&lt;p&gt;Белоснежность платья, минимум декоративных элементов, пышность юбки и красивые изгибы корсета – скромная никогда не выходящая из моды классика. Это платье тонко подчеркивает красоту самой невесты, не перенимая на себя взгляды всех присутствующих на свадьбе.&lt;/p&gt;\r\n\r\n&lt;p&gt;Юбка выглядит практически невесомой благодаря тонкому фатину, из которого она пошита. Украшением для нее служит красивый широкий шлейф, придающий всему образу определенного величия.&lt;/p&gt;\r\n\r\n&lt;p&gt;Корсет платья короткий и открывает вид на красивую линию плеч и декольте. Верх сделан в форме сердечка и прекрасно подчеркивает и поддерживает грудь. Корсет задекорирован драпировкой из ткани.&lt;/p&gt;\r\n\r\n&lt;p&gt;Изюминки этому элегантному, скромному образу придает небольшой цветной пояс из ленты. Также по желанию невесты его можно выполнить в любом цвете, задекорировать кружевом и обшить камнями, паетками, бисером или жемчугом.&lt;/p&gt;\r\n\r\n&lt;p&gt;Свадебное платье на заказ &quot;Francheska&quot; воплощение стиля, элегантности и скромности для &amp;nbsp;тех, кто хочет почувствовать себя королевой.&lt;/p&gt;\r\n', '', '', '');
INSERT INTO `ocksena_product_description` (`product_id`, `language_id`, `name`, `description`, `meta_description`, `meta_keyword`, `tag`) VALUES ('63', '4', 'Francheska', '&lt;p&gt;Наречена - головна героїня весільного дня, і виглядати вона повинна чудово. Шикарні весільні сукні, які представляє в лінійці 2016 року салон весільних суконь &quot;Ксена&quot;, допоможуть створити дівчатам неповторний, що запам\'ятовується образ.&lt;/p&gt;\r\n\r\n&lt;p&gt;Модель &quot;Francheska&quot; ідеально підійде дівчатам, які хочуть підкреслити свою ніжність, невинність і скромність.&lt;/p&gt;\r\n\r\n&lt;p&gt;Білосніжність сукні, мінімум декоративних елементів, пишність спідниці і красиві вигини корсета - скромна &lt;span style=&quot;font-size: 13px;&quot;&gt;класика, що&lt;/span&gt;&amp;nbsp;ніколи не виходить з моди. Ця&amp;nbsp;сукня тонко підкреслює красу самої нареченої, не переймаючи на себе погляди всіх присутніх на весіллі.&lt;/p&gt;\r\n\r\n&lt;p&gt;Спідниця виглядає практично невагомою завдяки тонкому фатину, з якого вона пошита. Окрасою для неї служить гарний широкий шлейф, що надає всьому образу певної&amp;nbsp;величі.&lt;/p&gt;\r\n\r\n&lt;p&gt;Корсет сукні короткий і відкриває вид на красиву лінію плечей і декольте. Верх зроблений у формі сердечка і прекрасно підкреслює і підтримує груди. Корсет задекорований драпіровкою з тканини.&lt;/p&gt;\r\n\r\n&lt;p&gt;Родзинку&amp;nbsp;цьому&amp;nbsp;елегантному, скромному образу надає невеликий кольоровий пояс зі стрічки. Також за бажанням нареченої його можна виконати в будь-якому кольорі, задекорувати мереживом і обшити камінням, паєтками, бісером або перлами.&lt;/p&gt;\r\n\r\n&lt;p&gt;Весільна сукня на замовлення &quot;Francheska&quot; втілення стилю, елегантності і скромності для тих, хто хоче відчути себе королевою.&lt;/p&gt;\r\n', '', '', '');
INSERT INTO `ocksena_product_description` (`product_id`, `language_id`, `name`, `description`, `meta_description`, `meta_keyword`, `tag`) VALUES ('63', '3', 'Francheska', '&lt;p&gt;Eine Braut ist die Hauptheldin des Hochzeitstages, und sie muss wunderschön aussehen. Schicke Brautkleider der Kollektion 2016, die den Hochzeitssalon &quot;Ksena&quot; anbieten, helfen Mädchen, ein einzigartiges und unvergessliches Bild zu schaffen.&lt;/p&gt;\r\n\r\n&lt;p&gt;Modell &quot;Francheska&quot; ist ideal für Mädchen, die ihre Zärtlichkeit, Unschuld und Bescheidenheit betonen wollen.&lt;/p&gt;\r\n\r\n&lt;p&gt;Dress Schneewittchen, minimale dekorative Elemente, Pomp des Rockes und schöne Kurven eines Korsetts ist ein bescheidener Klassiker, der nie aus der Mode gehen wird. Dieses Kleid zart betont die Braut Schönheit und nicht übernehmen die Blicke aller Gäste der Hochzeit.&lt;/p&gt;\r\n\r\n&lt;p&gt;Rock sieht fast schwerelos aufgrund der feinen Tüll, von denen es genäht wird. Eine erstaunliche breite Zug ist seine Dekoration, die gewisse Größe für den gesamten Look gibt.&lt;/p&gt;\r\n\r\n&lt;p&gt;Kurzes Korsett lindert die schöne Schultern und Dekolletee. Eine herzförmige Spitze unterstreicht die Brust perfekt. Korsett ist mit Stoffvorhang verziert.&lt;/p&gt;\r\n\r\n&lt;p&gt;Eine Ehrlichkeit zu diesem eleganten und bescheidenen Kleid legt einen kleinen farbigen Taillenbund aus Band. Auch auf Wunsch der Braut kann dieser Gürtel in jeder Farbe hergestellt werden, mit Spitzen verziert und mit Steinen, Pailletten, Perlen oder Perlen vernäht.&lt;/p&gt;\r\n\r\n&lt;p&gt;Das maßgeschneiderte Brautkleid &quot;Francheska&quot; ist eine Verkörperung von Stil, Eleganz und Bescheidenheit für diejenigen, die sich wie Königinnen fühlen wollen.&lt;/p&gt;\r\n', '', '', '');
INSERT INTO `ocksena_product_description` (`product_id`, `language_id`, `name`, `description`, `meta_description`, `meta_keyword`, `tag`) VALUES ('63', '1', 'Francheska', '&lt;p&gt;A bride is the main heroine of the wedding day, and she has to look gorgeously. Chic wedding dresses of 2016’s collection that offer the wedding salon &quot;Ksena&quot; will help girls to create a unique and memorable image.&amp;nbsp;&lt;/p&gt;\r\n\r\n&lt;p&gt;Model &quot;Francheska&quot; is ideal for girls who want to emphasize their tenderness, innocence and modesty.&amp;nbsp;&lt;/p&gt;\r\n\r\n&lt;p&gt;Dress’s snow-whiteness, minimum of decorative elements, pomp of the skirt and beautiful curves of a corset is a modest classic, which will never go out of vogue. This dress delicately emphasizes the bride’s beauty and doesn`t take over the gazes of all guests of the wedding.&amp;nbsp;&lt;/p&gt;\r\n\r\n&lt;p&gt;Skirt looks almost weightless due to the fine tulle of which it is sewed. An amazing wide train is its decoration that gives certain greatness to the entire look.&amp;nbsp;&lt;/p&gt;\r\n\r\n&lt;p&gt;Short corset unmuffles the beautiful line of shoulders and décolleté. A heart-shaped top perfectly emphasizes and retains the breast. Corset is decorated with fabric’s drapery.&amp;nbsp;&lt;/p&gt;\r\n\r\n&lt;p&gt;A zest to this elegant and modest dress attaches a small coloured waistband made of ribbon. Also on the bride’s request this belt can be made in any colour, decorated with lace and sewed round with stones, sequins, beads or pearls.&amp;nbsp;&lt;/p&gt;\r\n\r\n&lt;p&gt;The tailored wedding dress &quot;Francheska&quot; is an embodiment of style, elegance and modesty for those who want to feel themselves like queens.&lt;/p&gt;\r\n', '', '', '');
INSERT INTO `ocksena_product_description` (`product_id`, `language_id`, `name`, `description`, `meta_description`, `meta_keyword`, `tag`) VALUES ('64', '1', 'Nika', '&lt;p&gt;For supporters of the elegant simplicity and eternal classic the wedding salon «Ksena» offers such model of the wedding gowns as «Nika».&lt;/p&gt;\r\n\r\n&lt;p&gt;This tailored wedding dress will conquer You by its traditional ballroom form and tender unobtrusive decoration.&lt;/p&gt;\r\n\r\n&lt;p&gt;Close-fitting in the waist open corset with heart-shaped décolleté attracts attention to the fragile bride’s figure, elegant line of shoulders and neck. Corset’s decorative trimming is made of lace which is embroidered by hand with beads and pearls.&lt;/p&gt;\r\n\r\n&lt;p&gt;&amp;nbsp;A full skirt makes the whole image lightweight and imponderable which gives the impression that bride is robed into an airy cloud. A thin placer of pearls and beads on the top of the skirt and a small train are the finishing details in this charming ensemble.&lt;/p&gt;\r\n\r\n&lt;p&gt;Exclusive wedding dresses which offers salon «Ksena» - is a great possibility to make Your look the very same as You dreamed.&lt;/p&gt;\r\n', '', '', '');
INSERT INTO `ocksena_product_description` (`product_id`, `language_id`, `name`, `description`, `meta_description`, `meta_keyword`, `tag`) VALUES ('64', '2', 'Nika', '&lt;p&gt;Для сторонников элегантной простоты и вечной классики салон свадебных платьев &quot;Ксена&quot; предлагает модель &quot;Nika&quot;.&lt;/p&gt;\r\n\r\n&lt;p&gt;Это свадебное платье на заказ покорит Вас своей традиционной бальной формой и нежным ненавязчивым декором.&lt;/p&gt;\r\n\r\n&lt;p&gt;Приталенный открытый корсет с декольте в форме сердечка обращает взоры на хрупкую фигуру невесты, изящную линию плеч и шеи. Декоративная отделка корсета выполнена из кружева, вручную расшитого бисером и жемчугом.&lt;/p&gt;\r\n\r\n&lt;p&gt;Пышная юбка делает весь образ легким и невесомым, создавая впечатление, что невеста облачена в воздушное облако. Тонкая россыпь жемчуга и бисера по верху юбки и небольшой шлейф выступают завершающей ноткой в этом очаровательном ансамбле.&lt;/p&gt;\r\n\r\n&lt;p&gt;Эксклюзивные свадебные платья которые предлагает салон свадебных платьев &quot;Ксена&quot; - Ваша возможность сделать свой образ точно, таким как Вы мечтали.&lt;/p&gt;\r\n', '', '', '');
INSERT INTO `ocksena_product_description` (`product_id`, `language_id`, `name`, `description`, `meta_description`, `meta_keyword`, `tag`) VALUES ('64', '4', 'Nika', '&lt;p&gt;Для прихильників елегантної простоти і вічної класики салон весільних суконь &quot;Ксена&quot; пропонує модель &quot;Nika&quot;.&lt;/p&gt;\r\n\r\n&lt;p&gt;Ця&amp;nbsp;весільна&amp;nbsp;сукня на замовлення підкорить Вас своєю традиційною бальною формою і ніжним ненав\'язливим декором.&lt;/p&gt;\r\n\r\n&lt;p&gt;Приталений відкритий корсет з декольте у формі сердечка звертає погляди на тендітну фігуру нареченої, витончену лінію плечей і шиї. Декоративне оздоблення корсета виконана з мережива, вручну розшитого бісером і перлами.&lt;/p&gt;\r\n\r\n&lt;p&gt;Пишна спідниця робить весь образ легким і невагомим, створюючи враження, що наречена одягнена в повітряну&amp;nbsp;хмарку. Тонка розсип перлів і бісеру по верху спідниці і невеликий шлейф виступають завершальною&amp;nbsp;ноткою в цьому чарівному ансамблі.&lt;/p&gt;\r\n\r\n&lt;p&gt;Ексклюзивні весільні сукні які пропонує салон весільних суконь &quot;Ксена&quot; - Ваша можливість зробити свій образ точно, таким як Ви мріяли.&lt;/p&gt;\r\n', '', '', '');
INSERT INTO `ocksena_product_description` (`product_id`, `language_id`, `name`, `description`, `meta_description`, `meta_keyword`, `tag`) VALUES ('64', '3', 'Nika', '&lt;p&gt;Für Unterstützer der eleganten Einfachheit und des ewigen Klassikers bietet der Hochzeitssalon «Ksena» ein solches Modell der Brautkleider wie «Nika» an.&lt;/p&gt;\r\n\r\n&lt;p&gt;Dieses maßgeschneiderte Hochzeitskleid wird Sie durch seine traditionelle Ballsaalform und zarte unaufdringliche Dekoration erobern.&lt;/p&gt;\r\n\r\n&lt;p&gt;Eng anliegend in der Taille offen Korsett mit herzförmigen Dekolleté zieht die Aufmerksamkeit auf die fragile Braut Figur, elegante Linie von Schultern und Hals. Korsetts dekorative Beschnitt ist aus Spitze, die von Hand mit Perlen und Perlen bestickt ist gemacht.&lt;/p&gt;\r\n\r\n&lt;p&gt;&amp;nbsp; Ein voller Rock macht das ganze Bild leicht und imponderable, die den Eindruck erweckt, dass Braut in eine luftige Wolke gekleidet ist. Ein schmaler Perlen- und Perlenring auf der Oberseite des Rockes und ein kleiner Zug sind die letzten Details in diesem charmanten Ensemble.&lt;/p&gt;\r\n\r\n&lt;p&gt;Exklusive Brautkleider, die Salon bietet «Ksena» - ist eine großartige Möglichkeit, um Ihren Blick der selben wie Sie geträumt.&lt;/p&gt;\r\n', '', '', '');
INSERT INTO `ocksena_product_description` (`product_id`, `language_id`, `name`, `description`, `meta_description`, `meta_keyword`, `tag`) VALUES ('65', '2', 'Lolita', '&lt;p&gt;Каждая невеста мечтает в день свадьбы выглядеть неповторимо и волшебно. Эксклюзивные свадебные платья от салона &quot;Ксена&quot; - Ваш главный помощник в этом.&lt;/p&gt;\r\n\r\n&lt;p&gt;Свадебное платье на заказ модели &quot;Lolita&quot; – Ваша возможности почувствовать себя сказочной героиней, очаровательной нимфой, которая одним видом может вскружить голову.&lt;/p&gt;\r\n\r\n&lt;p&gt;Это свадебное платье на заказ сочетает в себе утонченность и экстравагантность благодаря своей оригинальной форме – «рыбка» или «русалка». Такой подвенечный наряд – выбор смелых невест, которые хотят запомниться всем гостям и получить несчетное количество восторженных взглядов и комплиментов.&lt;/p&gt;\r\n\r\n&lt;p&gt;Верх платья представляет собой удлиненный до колен, приталенный корсет, который прекрасно подчеркивает изящность и хрупкость фигуры. От колен начинается пышная широкая юбка.&lt;/p&gt;\r\n\r\n&lt;p&gt;Весь корсет, низ и верх юбки украшены кордовым кружевом вручную расшитым бисером и паетками. Красивая форма лифа – сердечко выгодно подчеркивает грудь.&lt;/p&gt;\r\n\r\n&lt;p&gt;Верх и рукава выполнены из тонкой сетки и задекорированы кружевом с добавлением бисера и паеток. Практически полностью оголенная, прикрытая только тонкой дымкой сетки и затейливым рисунком кружева спинка добавляет платью особого шика, великолепия и королевского величия.&lt;/p&gt;\r\n\r\n&lt;p&gt;Салон свадебных платьев &quot;Ксена&quot; предлагает Вам шикарные свадебные платья, в которых Вы будете выглядеть и чувствовать себя неотразимой и самой прекрасной.&lt;/p&gt;\r\n', '', '', '');
INSERT INTO `ocksena_product_description` (`product_id`, `language_id`, `name`, `description`, `meta_description`, `meta_keyword`, `tag`) VALUES ('65', '4', 'Lolita', '&lt;p&gt;Кожна наречена мріє в день весілля виглядати неповторно і чарівно. Ексклюзивні весільні сукні від салону &quot;Ксена&quot; - Ваш головний помічник у цьому.&lt;/p&gt;\r\n\r\n&lt;p&gt;Весільна сукня на замовлення моделі &quot;Lolita&quot; - Ваша можливість відчути себе казковою героїнею, чарівною німфою, яка одним видом може закрутити голову.&lt;/p&gt;\r\n\r\n&lt;p&gt;Ця весільна&amp;nbsp;сукня&amp;nbsp;на замовлення поєднує в собі витонченість і екстравагантність завдяки своїй оригінальній формі - «рибка» або «русалка». Такий вінчальний наряд - вибір сміливих наречених, які хочуть запам\'ятатися всім гостям і отримати незліченну кількість захоплених поглядів і компліментів.&lt;/p&gt;\r\n\r\n&lt;p&gt;Верх сукні являє собою подовжений до колін, приталений корсет, який прекрасно підкреслює витонченість фігури. Від колін починається пишна широка спідниця.&lt;/p&gt;\r\n\r\n&lt;p&gt;Весь корсет, низ і верх спідниці прикрашені кордових мереживом вручну розшитим бісером і паєтками. Красива форма ліфа - сердечко вигідно підкреслює груди.&lt;/p&gt;\r\n\r\n&lt;p&gt;Верх і рукава виконані з тонкої сітки і задекоровані&amp;nbsp;мереживом з додаванням бісеру та паєток. Практично повністю оголена, прикрита тільки тонким&amp;nbsp;серпанком сітки і вигадливим малюнком мережива спинка додає сукні особливого шику, пишноти і королівської величі.&lt;/p&gt;\r\n\r\n&lt;p&gt;Салон весільних суконь &quot;Ксена&quot; пропонує Вам шикарні весільні сукні, в яких Ви будете виглядати і відчувати себе чарівною і найпрекраснішою.&lt;/p&gt;\r\n', '', '', '');
INSERT INTO `ocksena_product_description` (`product_id`, `language_id`, `name`, `description`, `meta_description`, `meta_keyword`, `tag`) VALUES ('65', '3', 'Lolita', '&lt;p&gt;Jede Braut träumt zu sehen unnachahmlich und Fee an einem Hochzeitstag. Exklusive Brautkleider, die Hochzeitssalon bietet «Ksena» - ist Ihr Haupt-Assistent in ihm.&lt;/p&gt;\r\n\r\n&lt;p&gt;Nach Maß Hochzeitskleid Lolita - ist Ihre Gelegenheit, sich wie eine verträumte Heldin zu fühlen, reizend Nymphe, die gerade durch ihr Aussehen zum Kopf gehen kann.&lt;/p&gt;\r\n\r\n&lt;p&gt;Dieses maßgeschneiderte Kleid kombiniert Raffinesse und Extravaganz aufgrund seiner ursprünglichen Form - «Meerjungfrau». Solche Hochzeitskleidung ist eine Wahl der mutigen Bestechungsgelder, die von den Gästen erinnert werden möchten und erhalten eine unzählige Menge von begeisterten Blicken und Komplimente.&lt;/p&gt;\r\n\r\n&lt;p&gt;Die Spitze des Kleides präsentiert eine langgestreckte bis die Knie, eng anliegend in der Taille Korsett, das Eleganz und Zartheit der Figur betont. Von den Knien beginnt ein voller breiter Rock.&lt;/p&gt;\r\n\r\n&lt;p&gt;Das ganze Korsett, die Unterseite und die Oberseite des Rockes werden mit Schnurspitze verziert, die handgemachtes ist, das mit Kornen und Pailletten gestickt wird. Eine schöne Form des Mieders - ein Herz - gewinnbringend belastet die Brust der Frau.&lt;/p&gt;\r\n\r\n&lt;p&gt;Die Oberseite und die Hülsen werden vom dünnen Netz gebildet, das mit Spitze einschließlich der Zusatz der Korne und der Pailletten verziert wird. Fast kahl, nur mit dünnen Netz Dunst bedeckt und daedal Spitzenmuster zurück gibt dem Kleid einen besonderen Chic, Pracht und königliche Größe.&lt;/p&gt;\r\n\r\n&lt;p&gt;Der Hochzeitssalon «Ksena» bietet Ihnen posh Brautkleider, die Sie sehen und fühlen unwiderstehlich und schön.&lt;/p&gt;\r\n', '', '', '');
INSERT INTO `ocksena_product_description` (`product_id`, `language_id`, `name`, `description`, `meta_description`, `meta_keyword`, `tag`) VALUES ('65', '1', 'Lolita', '&lt;p&gt;Every bride dreams to look inimitable and fairy on a wedding day. Exclusive wedding dresses that offers wedding salon «Ksena» - is Your main assistant in it.&lt;/p&gt;\r\n\r\n&lt;p&gt;Made-to-order wedding dress Lolita – is Your opportunity to feel yourself like a dreamy heroine, charming nymph, who just by her appearance can go to the head.&lt;/p&gt;\r\n\r\n&lt;p&gt;This tailored dress combines refinement and extravagancy due to its original form – «mermaid». Such wedding attire is a choice of brave bribes, who want to be remembered by guests and get a countless amount of rapturous gazes and compliments.&lt;/p&gt;\r\n\r\n&lt;p&gt;The top of the dress presents an elongated to the knees, close-fitting in the waist corset that emphasizes elegance and delicacy of the figure. Of knees a full wide skirt begins.&lt;/p&gt;\r\n\r\n&lt;p&gt;The whole corset, the bottom and the top of the skirt are decorated with cord lace that is handmade embroidered with beads and sequins. A beautiful shape of the bodice – a heart – profitably lays stress on woman’s breast.&lt;/p&gt;\r\n\r\n&lt;p&gt;The top and sleeves are made of thin netting decorated with lace including the addition of the beads and sequins. Almost bare, covered just with thin netting’s haze and daedal lace’s pattern back gives the dress a special chic, magnificence and royal greatness.&lt;/p&gt;\r\n\r\n&lt;p&gt;The wedding salon «Ksena» offers You posh wedding gowns that will make You look and feel irresistible and beautiful.&lt;/p&gt;\r\n', '', '', '');


TRUNCATE TABLE `ocksena_product_discount`;



TRUNCATE TABLE `ocksena_product_filter`;



TRUNCATE TABLE `ocksena_product_image`;

INSERT INTO `ocksena_product_image` (`product_image_id`, `product_id`, `image`, `sort_order`) VALUES ('2485', '57', 'data/nimfa/nimfa-4.jpg', '0');
INSERT INTO `ocksena_product_image` (`product_image_id`, `product_id`, `image`, `sort_order`) VALUES ('2484', '57', 'data/nimfa/nimfa-3.jpg', '0');
INSERT INTO `ocksena_product_image` (`product_image_id`, `product_id`, `image`, `sort_order`) VALUES ('2483', '57', 'data/nimfa/nimfa-2.jpg', '0');
INSERT INTO `ocksena_product_image` (`product_image_id`, `product_id`, `image`, `sort_order`) VALUES ('2482', '57', 'data/nimfa/nimfa-1.jpg', '0');
INSERT INTO `ocksena_product_image` (`product_image_id`, `product_id`, `image`, `sort_order`) VALUES ('2470', '56', 'data/camelia/camelia-1.jpg', '0');
INSERT INTO `ocksena_product_image` (`product_image_id`, `product_id`, `image`, `sort_order`) VALUES ('2473', '53', 'data/caramel/3.jpg', '0');
INSERT INTO `ocksena_product_image` (`product_image_id`, `product_id`, `image`, `sort_order`) VALUES ('2472', '53', 'data/caramel/2.jpg', '0');
INSERT INTO `ocksena_product_image` (`product_image_id`, `product_id`, `image`, `sort_order`) VALUES ('2471', '53', 'data/caramel/1.jpg', '0');
INSERT INTO `ocksena_product_image` (`product_image_id`, `product_id`, `image`, `sort_order`) VALUES ('2469', '56', 'data/camelia/camelia-2.jpg', '0');
INSERT INTO `ocksena_product_image` (`product_image_id`, `product_id`, `image`, `sort_order`) VALUES ('2468', '56', 'data/camelia/camelia-3.jpg', '0');
INSERT INTO `ocksena_product_image` (`product_image_id`, `product_id`, `image`, `sort_order`) VALUES ('2467', '55', 'data/blanka/blanka-1.jpg', '0');
INSERT INTO `ocksena_product_image` (`product_image_id`, `product_id`, `image`, `sort_order`) VALUES ('2481', '54', 'data/nicol/nicol-4.jpg', '0');
INSERT INTO `ocksena_product_image` (`product_image_id`, `product_id`, `image`, `sort_order`) VALUES ('2480', '54', 'data/nicol/nicol-3.jpg', '0');
INSERT INTO `ocksena_product_image` (`product_image_id`, `product_id`, `image`, `sort_order`) VALUES ('2479', '54', 'data/nicol/nicol-2.jpg', '0');
INSERT INTO `ocksena_product_image` (`product_image_id`, `product_id`, `image`, `sort_order`) VALUES ('2478', '54', 'data/nicol/nicol-1.jpg', '0');
INSERT INTO `ocksena_product_image` (`product_image_id`, `product_id`, `image`, `sort_order`) VALUES ('2466', '55', 'data/blanka/blanka-2.jpg', '0');
INSERT INTO `ocksena_product_image` (`product_image_id`, `product_id`, `image`, `sort_order`) VALUES ('2465', '55', 'data/blanka/blanka-3.jpg', '0');
INSERT INTO `ocksena_product_image` (`product_image_id`, `product_id`, `image`, `sort_order`) VALUES ('2464', '55', 'data/blanka/blanka-4.jpg', '0');
INSERT INTO `ocksena_product_image` (`product_image_id`, `product_id`, `image`, `sort_order`) VALUES ('2459', '50', 'data/amazonka/amazonka-2.jpg', '0');
INSERT INTO `ocksena_product_image` (`product_image_id`, `product_id`, `image`, `sort_order`) VALUES ('2458', '50', 'data/amazonka/amazonka-3.jpg', '0');
INSERT INTO `ocksena_product_image` (`product_image_id`, `product_id`, `image`, `sort_order`) VALUES ('2457', '50', 'data/amazonka/amazonka-4.jpg', '0');
INSERT INTO `ocksena_product_image` (`product_image_id`, `product_id`, `image`, `sort_order`) VALUES ('2456', '50', 'data/amazonka/amazonka-5.jpg', '0');
INSERT INTO `ocksena_product_image` (`product_image_id`, `product_id`, `image`, `sort_order`) VALUES ('2489', '51', 'data/perla/perla-4.jpg', '0');
INSERT INTO `ocksena_product_image` (`product_image_id`, `product_id`, `image`, `sort_order`) VALUES ('2488', '51', 'data/perla/perla-3.jpg', '0');
INSERT INTO `ocksena_product_image` (`product_image_id`, `product_id`, `image`, `sort_order`) VALUES ('2487', '51', 'data/perla/perla-1.jpg', '0');
INSERT INTO `ocksena_product_image` (`product_image_id`, `product_id`, `image`, `sort_order`) VALUES ('2486', '51', 'data/perla/perla-2.jpg', '0');
INSERT INTO `ocksena_product_image` (`product_image_id`, `product_id`, `image`, `sort_order`) VALUES ('2477', '52', 'data/mishel/mishel-2.jpg', '0');
INSERT INTO `ocksena_product_image` (`product_image_id`, `product_id`, `image`, `sort_order`) VALUES ('2476', '52', 'data/mishel/mishel-1.jpg', '0');
INSERT INTO `ocksena_product_image` (`product_image_id`, `product_id`, `image`, `sort_order`) VALUES ('2475', '52', 'data/mishel/mishel-3.jpg', '0');
INSERT INTO `ocksena_product_image` (`product_image_id`, `product_id`, `image`, `sort_order`) VALUES ('2474', '52', 'data/mishel/mishel-4.jpg', '0');
INSERT INTO `ocksena_product_image` (`product_image_id`, `product_id`, `image`, `sort_order`) VALUES ('2544', '60', 'data/olivia/olivia-1.jpg', '0');
INSERT INTO `ocksena_product_image` (`product_image_id`, `product_id`, `image`, `sort_order`) VALUES ('2543', '60', 'data/olivia/olivia-2.jpg', '0');
INSERT INTO `ocksena_product_image` (`product_image_id`, `product_id`, `image`, `sort_order`) VALUES ('2542', '60', 'data/olivia/olivia-3.jpg', '0');
INSERT INTO `ocksena_product_image` (`product_image_id`, `product_id`, `image`, `sort_order`) VALUES ('2541', '60', 'data/olivia/olivia-4.jpg', '0');
INSERT INTO `ocksena_product_image` (`product_image_id`, `product_id`, `image`, `sort_order`) VALUES ('2548', '61', 'data/carmen/carmen-1.jpg', '0');
INSERT INTO `ocksena_product_image` (`product_image_id`, `product_id`, `image`, `sort_order`) VALUES ('2547', '61', 'data/carmen/carmen-2.jpg', '0');
INSERT INTO `ocksena_product_image` (`product_image_id`, `product_id`, `image`, `sort_order`) VALUES ('2546', '61', 'data/carmen/carmen-3.jpg', '0');
INSERT INTO `ocksena_product_image` (`product_image_id`, `product_id`, `image`, `sort_order`) VALUES ('2545', '61', 'data/carmen/carmen-4.jpg', '0');
INSERT INTO `ocksena_product_image` (`product_image_id`, `product_id`, `image`, `sort_order`) VALUES ('2552', '62', 'data/diva/diva-5.jpg', '0');
INSERT INTO `ocksena_product_image` (`product_image_id`, `product_id`, `image`, `sort_order`) VALUES ('2551', '62', 'data/diva/diva-4.jpg', '0');
INSERT INTO `ocksena_product_image` (`product_image_id`, `product_id`, `image`, `sort_order`) VALUES ('2550', '62', 'data/diva/diva-3.jpg', '0');
INSERT INTO `ocksena_product_image` (`product_image_id`, `product_id`, `image`, `sort_order`) VALUES ('2549', '62', 'data/diva/diva-2.jpg', '0');
INSERT INTO `ocksena_product_image` (`product_image_id`, `product_id`, `image`, `sort_order`) VALUES ('2556', '63', 'data/francheska/francheska-4.jpg', '0');
INSERT INTO `ocksena_product_image` (`product_image_id`, `product_id`, `image`, `sort_order`) VALUES ('2555', '63', 'data/francheska/francheska-3.jpg', '0');
INSERT INTO `ocksena_product_image` (`product_image_id`, `product_id`, `image`, `sort_order`) VALUES ('2554', '63', 'data/francheska/francheska-1.jpg', '0');
INSERT INTO `ocksena_product_image` (`product_image_id`, `product_id`, `image`, `sort_order`) VALUES ('2553', '63', 'data/francheska/francheska-2.jpg', '0');
INSERT INTO `ocksena_product_image` (`product_image_id`, `product_id`, `image`, `sort_order`) VALUES ('2560', '64', 'data/nika/nika-1.jpg', '0');
INSERT INTO `ocksena_product_image` (`product_image_id`, `product_id`, `image`, `sort_order`) VALUES ('2559', '64', 'data/nika/nika-2.jpg', '0');
INSERT INTO `ocksena_product_image` (`product_image_id`, `product_id`, `image`, `sort_order`) VALUES ('2557', '64', 'data/nika/nika-4.jpg', '0');
INSERT INTO `ocksena_product_image` (`product_image_id`, `product_id`, `image`, `sort_order`) VALUES ('2558', '64', 'data/nika/nika-3.jpg', '0');
INSERT INTO `ocksena_product_image` (`product_image_id`, `product_id`, `image`, `sort_order`) VALUES ('2563', '65', 'data/lolita/lolita-1.jpg', '0');
INSERT INTO `ocksena_product_image` (`product_image_id`, `product_id`, `image`, `sort_order`) VALUES ('2562', '65', 'data/lolita/lolita-2.jpg', '0');
INSERT INTO `ocksena_product_image` (`product_image_id`, `product_id`, `image`, `sort_order`) VALUES ('2561', '65', 'data/lolita/lolita-3.jpg', '0');


TRUNCATE TABLE `ocksena_product_option`;



TRUNCATE TABLE `ocksena_product_option_value`;



TRUNCATE TABLE `ocksena_product_profile`;



TRUNCATE TABLE `ocksena_product_recurring`;



TRUNCATE TABLE `ocksena_product_related`;



TRUNCATE TABLE `ocksena_product_reward`;

INSERT INTO `ocksena_product_reward` (`product_reward_id`, `product_id`, `customer_group_id`, `points`) VALUES ('591', '57', '1', '0');
INSERT INTO `ocksena_product_reward` (`product_reward_id`, `product_id`, `customer_group_id`, `points`) VALUES ('587', '56', '1', '0');
INSERT INTO `ocksena_product_reward` (`product_reward_id`, `product_id`, `customer_group_id`, `points`) VALUES ('590', '54', '1', '0');
INSERT INTO `ocksena_product_reward` (`product_reward_id`, `product_id`, `customer_group_id`, `points`) VALUES ('588', '53', '1', '0');
INSERT INTO `ocksena_product_reward` (`product_reward_id`, `product_id`, `customer_group_id`, `points`) VALUES ('586', '55', '1', '0');
INSERT INTO `ocksena_product_reward` (`product_reward_id`, `product_id`, `customer_group_id`, `points`) VALUES ('584', '50', '1', '0');
INSERT INTO `ocksena_product_reward` (`product_reward_id`, `product_id`, `customer_group_id`, `points`) VALUES ('592', '51', '1', '0');
INSERT INTO `ocksena_product_reward` (`product_reward_id`, `product_id`, `customer_group_id`, `points`) VALUES ('589', '52', '1', '0');
INSERT INTO `ocksena_product_reward` (`product_reward_id`, `product_id`, `customer_group_id`, `points`) VALUES ('606', '60', '1', '0');
INSERT INTO `ocksena_product_reward` (`product_reward_id`, `product_id`, `customer_group_id`, `points`) VALUES ('607', '61', '1', '0');
INSERT INTO `ocksena_product_reward` (`product_reward_id`, `product_id`, `customer_group_id`, `points`) VALUES ('608', '62', '1', '0');
INSERT INTO `ocksena_product_reward` (`product_reward_id`, `product_id`, `customer_group_id`, `points`) VALUES ('609', '63', '1', '0');
INSERT INTO `ocksena_product_reward` (`product_reward_id`, `product_id`, `customer_group_id`, `points`) VALUES ('610', '64', '1', '0');
INSERT INTO `ocksena_product_reward` (`product_reward_id`, `product_id`, `customer_group_id`, `points`) VALUES ('611', '65', '1', '0');


TRUNCATE TABLE `ocksena_product_special`;



TRUNCATE TABLE `ocksena_product_to_category`;

INSERT INTO `ocksena_product_to_category` (`product_id`, `category_id`) VALUES ('50', '59');
INSERT INTO `ocksena_product_to_category` (`product_id`, `category_id`) VALUES ('51', '59');
INSERT INTO `ocksena_product_to_category` (`product_id`, `category_id`) VALUES ('52', '59');
INSERT INTO `ocksena_product_to_category` (`product_id`, `category_id`) VALUES ('53', '59');
INSERT INTO `ocksena_product_to_category` (`product_id`, `category_id`) VALUES ('54', '59');
INSERT INTO `ocksena_product_to_category` (`product_id`, `category_id`) VALUES ('55', '59');
INSERT INTO `ocksena_product_to_category` (`product_id`, `category_id`) VALUES ('56', '59');
INSERT INTO `ocksena_product_to_category` (`product_id`, `category_id`) VALUES ('57', '59');
INSERT INTO `ocksena_product_to_category` (`product_id`, `category_id`) VALUES ('60', '59');
INSERT INTO `ocksena_product_to_category` (`product_id`, `category_id`) VALUES ('61', '59');
INSERT INTO `ocksena_product_to_category` (`product_id`, `category_id`) VALUES ('62', '59');
INSERT INTO `ocksena_product_to_category` (`product_id`, `category_id`) VALUES ('63', '59');
INSERT INTO `ocksena_product_to_category` (`product_id`, `category_id`) VALUES ('64', '59');
INSERT INTO `ocksena_product_to_category` (`product_id`, `category_id`) VALUES ('65', '59');


TRUNCATE TABLE `ocksena_product_to_download`;



TRUNCATE TABLE `ocksena_product_to_layout`;



TRUNCATE TABLE `ocksena_product_to_store`;

INSERT INTO `ocksena_product_to_store` (`product_id`, `store_id`) VALUES ('50', '0');
INSERT INTO `ocksena_product_to_store` (`product_id`, `store_id`) VALUES ('51', '0');
INSERT INTO `ocksena_product_to_store` (`product_id`, `store_id`) VALUES ('52', '0');
INSERT INTO `ocksena_product_to_store` (`product_id`, `store_id`) VALUES ('53', '0');
INSERT INTO `ocksena_product_to_store` (`product_id`, `store_id`) VALUES ('54', '0');
INSERT INTO `ocksena_product_to_store` (`product_id`, `store_id`) VALUES ('55', '0');
INSERT INTO `ocksena_product_to_store` (`product_id`, `store_id`) VALUES ('56', '0');
INSERT INTO `ocksena_product_to_store` (`product_id`, `store_id`) VALUES ('57', '0');
INSERT INTO `ocksena_product_to_store` (`product_id`, `store_id`) VALUES ('60', '0');
INSERT INTO `ocksena_product_to_store` (`product_id`, `store_id`) VALUES ('61', '0');
INSERT INTO `ocksena_product_to_store` (`product_id`, `store_id`) VALUES ('62', '0');
INSERT INTO `ocksena_product_to_store` (`product_id`, `store_id`) VALUES ('63', '0');
INSERT INTO `ocksena_product_to_store` (`product_id`, `store_id`) VALUES ('64', '0');
INSERT INTO `ocksena_product_to_store` (`product_id`, `store_id`) VALUES ('65', '0');


TRUNCATE TABLE `ocksena_profile`;



TRUNCATE TABLE `ocksena_profile_description`;



TRUNCATE TABLE `ocksena_return`;



TRUNCATE TABLE `ocksena_return_action`;

INSERT INTO `ocksena_return_action` (`return_action_id`, `language_id`, `name`) VALUES ('1', '1', 'Refunded');
INSERT INTO `ocksena_return_action` (`return_action_id`, `language_id`, `name`) VALUES ('2', '1', 'Credit Issued');
INSERT INTO `ocksena_return_action` (`return_action_id`, `language_id`, `name`) VALUES ('3', '1', 'Replacement Sent');
INSERT INTO `ocksena_return_action` (`return_action_id`, `language_id`, `name`) VALUES ('1', '2', 'Refunded');
INSERT INTO `ocksena_return_action` (`return_action_id`, `language_id`, `name`) VALUES ('2', '2', 'Credit Issued');
INSERT INTO `ocksena_return_action` (`return_action_id`, `language_id`, `name`) VALUES ('3', '2', 'Replacement Sent');
INSERT INTO `ocksena_return_action` (`return_action_id`, `language_id`, `name`) VALUES ('1', '3', 'Refunded');
INSERT INTO `ocksena_return_action` (`return_action_id`, `language_id`, `name`) VALUES ('2', '3', 'Credit Issued');
INSERT INTO `ocksena_return_action` (`return_action_id`, `language_id`, `name`) VALUES ('3', '3', 'Replacement Sent');
INSERT INTO `ocksena_return_action` (`return_action_id`, `language_id`, `name`) VALUES ('1', '4', 'Refunded');
INSERT INTO `ocksena_return_action` (`return_action_id`, `language_id`, `name`) VALUES ('2', '4', 'Credit Issued');
INSERT INTO `ocksena_return_action` (`return_action_id`, `language_id`, `name`) VALUES ('3', '4', 'Replacement Sent');


TRUNCATE TABLE `ocksena_return_history`;



TRUNCATE TABLE `ocksena_return_reason`;

INSERT INTO `ocksena_return_reason` (`return_reason_id`, `language_id`, `name`) VALUES ('1', '1', 'Dead On Arrival');
INSERT INTO `ocksena_return_reason` (`return_reason_id`, `language_id`, `name`) VALUES ('2', '1', 'Received Wrong Item');
INSERT INTO `ocksena_return_reason` (`return_reason_id`, `language_id`, `name`) VALUES ('3', '1', 'Order Error');
INSERT INTO `ocksena_return_reason` (`return_reason_id`, `language_id`, `name`) VALUES ('4', '1', 'Faulty, please supply details');
INSERT INTO `ocksena_return_reason` (`return_reason_id`, `language_id`, `name`) VALUES ('5', '1', 'Other, please supply details');
INSERT INTO `ocksena_return_reason` (`return_reason_id`, `language_id`, `name`) VALUES ('1', '2', 'Dead On Arrival');
INSERT INTO `ocksena_return_reason` (`return_reason_id`, `language_id`, `name`) VALUES ('2', '2', 'Received Wrong Item');
INSERT INTO `ocksena_return_reason` (`return_reason_id`, `language_id`, `name`) VALUES ('3', '2', 'Order Error');
INSERT INTO `ocksena_return_reason` (`return_reason_id`, `language_id`, `name`) VALUES ('4', '2', 'Faulty, please supply details');
INSERT INTO `ocksena_return_reason` (`return_reason_id`, `language_id`, `name`) VALUES ('5', '2', 'Other, please supply details');
INSERT INTO `ocksena_return_reason` (`return_reason_id`, `language_id`, `name`) VALUES ('1', '3', 'Dead On Arrival');
INSERT INTO `ocksena_return_reason` (`return_reason_id`, `language_id`, `name`) VALUES ('2', '3', 'Received Wrong Item');
INSERT INTO `ocksena_return_reason` (`return_reason_id`, `language_id`, `name`) VALUES ('3', '3', 'Order Error');
INSERT INTO `ocksena_return_reason` (`return_reason_id`, `language_id`, `name`) VALUES ('4', '3', 'Faulty, please supply details');
INSERT INTO `ocksena_return_reason` (`return_reason_id`, `language_id`, `name`) VALUES ('5', '3', 'Other, please supply details');
INSERT INTO `ocksena_return_reason` (`return_reason_id`, `language_id`, `name`) VALUES ('1', '4', 'Dead On Arrival');
INSERT INTO `ocksena_return_reason` (`return_reason_id`, `language_id`, `name`) VALUES ('2', '4', 'Received Wrong Item');
INSERT INTO `ocksena_return_reason` (`return_reason_id`, `language_id`, `name`) VALUES ('3', '4', 'Order Error');
INSERT INTO `ocksena_return_reason` (`return_reason_id`, `language_id`, `name`) VALUES ('4', '4', 'Faulty, please supply details');
INSERT INTO `ocksena_return_reason` (`return_reason_id`, `language_id`, `name`) VALUES ('5', '4', 'Other, please supply details');


TRUNCATE TABLE `ocksena_return_status`;

INSERT INTO `ocksena_return_status` (`return_status_id`, `language_id`, `name`) VALUES ('1', '1', 'Pending');
INSERT INTO `ocksena_return_status` (`return_status_id`, `language_id`, `name`) VALUES ('3', '1', 'Complete');
INSERT INTO `ocksena_return_status` (`return_status_id`, `language_id`, `name`) VALUES ('2', '1', 'Awaiting Products');
INSERT INTO `ocksena_return_status` (`return_status_id`, `language_id`, `name`) VALUES ('1', '2', 'Pending');
INSERT INTO `ocksena_return_status` (`return_status_id`, `language_id`, `name`) VALUES ('3', '2', 'Complete');
INSERT INTO `ocksena_return_status` (`return_status_id`, `language_id`, `name`) VALUES ('2', '2', 'Awaiting Products');
INSERT INTO `ocksena_return_status` (`return_status_id`, `language_id`, `name`) VALUES ('1', '3', 'Pending');
INSERT INTO `ocksena_return_status` (`return_status_id`, `language_id`, `name`) VALUES ('3', '3', 'Complete');
INSERT INTO `ocksena_return_status` (`return_status_id`, `language_id`, `name`) VALUES ('2', '3', 'Awaiting Products');
INSERT INTO `ocksena_return_status` (`return_status_id`, `language_id`, `name`) VALUES ('1', '4', 'Pending');
INSERT INTO `ocksena_return_status` (`return_status_id`, `language_id`, `name`) VALUES ('3', '4', 'Complete');
INSERT INTO `ocksena_return_status` (`return_status_id`, `language_id`, `name`) VALUES ('2', '4', 'Awaiting Products');


TRUNCATE TABLE `ocksena_review`;



TRUNCATE TABLE `ocksena_setting`;

INSERT INTO `ocksena_setting` (`setting_id`, `store_id`, `group`, `key`, `value`, `serialized`) VALUES ('1', '0', 'shipping', 'shipping_sort_order', '3', '0');
INSERT INTO `ocksena_setting` (`setting_id`, `store_id`, `group`, `key`, `value`, `serialized`) VALUES ('2', '0', 'sub_total', 'sub_total_sort_order', '1', '0');
INSERT INTO `ocksena_setting` (`setting_id`, `store_id`, `group`, `key`, `value`, `serialized`) VALUES ('3', '0', 'sub_total', 'sub_total_status', '1', '0');
INSERT INTO `ocksena_setting` (`setting_id`, `store_id`, `group`, `key`, `value`, `serialized`) VALUES ('4', '0', 'tax', 'tax_status', '1', '0');
INSERT INTO `ocksena_setting` (`setting_id`, `store_id`, `group`, `key`, `value`, `serialized`) VALUES ('5', '0', 'total', 'total_sort_order', '9', '0');
INSERT INTO `ocksena_setting` (`setting_id`, `store_id`, `group`, `key`, `value`, `serialized`) VALUES ('6', '0', 'total', 'total_status', '1', '0');
INSERT INTO `ocksena_setting` (`setting_id`, `store_id`, `group`, `key`, `value`, `serialized`) VALUES ('7', '0', 'tax', 'tax_sort_order', '5', '0');
INSERT INTO `ocksena_setting` (`setting_id`, `store_id`, `group`, `key`, `value`, `serialized`) VALUES ('8', '0', 'free_checkout', 'free_checkout_sort_order', '1', '0');
INSERT INTO `ocksena_setting` (`setting_id`, `store_id`, `group`, `key`, `value`, `serialized`) VALUES ('9', '0', 'cod', 'cod_sort_order', '5', '0');
INSERT INTO `ocksena_setting` (`setting_id`, `store_id`, `group`, `key`, `value`, `serialized`) VALUES ('10', '0', 'cod', 'cod_total', '0.01', '0');
INSERT INTO `ocksena_setting` (`setting_id`, `store_id`, `group`, `key`, `value`, `serialized`) VALUES ('11', '0', 'cod', 'cod_order_status_id', '1', '0');
INSERT INTO `ocksena_setting` (`setting_id`, `store_id`, `group`, `key`, `value`, `serialized`) VALUES ('12', '0', 'cod', 'cod_geo_zone_id', '0', '0');
INSERT INTO `ocksena_setting` (`setting_id`, `store_id`, `group`, `key`, `value`, `serialized`) VALUES ('13', '0', 'cod', 'cod_status', '1', '0');
INSERT INTO `ocksena_setting` (`setting_id`, `store_id`, `group`, `key`, `value`, `serialized`) VALUES ('14', '0', 'shipping', 'shipping_status', '1', '0');
INSERT INTO `ocksena_setting` (`setting_id`, `store_id`, `group`, `key`, `value`, `serialized`) VALUES ('15', '0', 'shipping', 'shipping_estimator', '1', '0');
INSERT INTO `ocksena_setting` (`setting_id`, `store_id`, `group`, `key`, `value`, `serialized`) VALUES ('27', '0', 'coupon', 'coupon_sort_order', '4', '0');
INSERT INTO `ocksena_setting` (`setting_id`, `store_id`, `group`, `key`, `value`, `serialized`) VALUES ('28', '0', 'coupon', 'coupon_status', '1', '0');
INSERT INTO `ocksena_setting` (`setting_id`, `store_id`, `group`, `key`, `value`, `serialized`) VALUES ('34', '0', 'flat', 'flat_sort_order', '1', '0');
INSERT INTO `ocksena_setting` (`setting_id`, `store_id`, `group`, `key`, `value`, `serialized`) VALUES ('35', '0', 'flat', 'flat_status', '1', '0');
INSERT INTO `ocksena_setting` (`setting_id`, `store_id`, `group`, `key`, `value`, `serialized`) VALUES ('36', '0', 'flat', 'flat_geo_zone_id', '0', '0');
INSERT INTO `ocksena_setting` (`setting_id`, `store_id`, `group`, `key`, `value`, `serialized`) VALUES ('37', '0', 'flat', 'flat_tax_class_id', '9', '0');
INSERT INTO `ocksena_setting` (`setting_id`, `store_id`, `group`, `key`, `value`, `serialized`) VALUES ('41', '0', 'flat', 'flat_cost', '5.00', '0');
INSERT INTO `ocksena_setting` (`setting_id`, `store_id`, `group`, `key`, `value`, `serialized`) VALUES ('42', '0', 'credit', 'credit_sort_order', '7', '0');
INSERT INTO `ocksena_setting` (`setting_id`, `store_id`, `group`, `key`, `value`, `serialized`) VALUES ('43', '0', 'credit', 'credit_status', '1', '0');
INSERT INTO `ocksena_setting` (`setting_id`, `store_id`, `group`, `key`, `value`, `serialized`) VALUES ('53', '0', 'reward', 'reward_sort_order', '2', '0');
INSERT INTO `ocksena_setting` (`setting_id`, `store_id`, `group`, `key`, `value`, `serialized`) VALUES ('54', '0', 'reward', 'reward_status', '1', '0');
INSERT INTO `ocksena_setting` (`setting_id`, `store_id`, `group`, `key`, `value`, `serialized`) VALUES ('1305', '0', 'config', 'config_file_extension_allowed', 'txt\r\npng\r\njpe\r\njpeg\r\njpg\r\ngif\r\nbmp\r\nico\r\ntiff\r\ntif\r\nsvg\r\nsvgz\r\nzip\r\nrar\r\nmsi\r\ncab\r\nmp3\r\nqt\r\nmov\r\npdf\r\npsd\r\nai\r\neps\r\nps\r\ndoc\r\nrtf\r\nxls\r\nppt\r\nodt\r\nods', '0');
INSERT INTO `ocksena_setting` (`setting_id`, `store_id`, `group`, `key`, `value`, `serialized`) VALUES ('1303', '0', 'config', 'config_robots', 'abot\r\ndbot\r\nebot\r\nhbot\r\nkbot\r\nlbot\r\nmbot\r\nnbot\r\nobot\r\npbot\r\nrbot\r\nsbot\r\ntbot\r\nvbot\r\nybot\r\nzbot\r\nbot.\r\nbot/\r\n_bot\r\n.bot\r\n/bot\r\n-bot\r\n:bot\r\n(bot\r\ncrawl\r\nslurp\r\nspider\r\nseek\r\naccoona\r\nacoon\r\nadressendeutschland\r\nah-ha.com\r\nahoy\r\naltavista\r\nananzi\r\nanthill\r\nappie\r\narachnophilia\r\narale\r\naraneo\r\naranha\r\narchitext\r\naretha\r\narks\r\nasterias\r\natlocal\r\natn\r\natomz\r\naugurfind\r\nbackrub\r\nbannana_bot\r\nbaypup\r\nbdfetch\r\nbig brother\r\nbiglotron\r\nbjaaland\r\nblackwidow\r\nblaiz\r\nblog\r\nblo.\r\nbloodhound\r\nboitho\r\nbooch\r\nbradley\r\nbutterfly\r\ncalif\r\ncassandra\r\nccubee\r\ncfetch\r\ncharlotte\r\nchurl\r\ncienciaficcion\r\ncmc\r\ncollective\r\ncomagent\r\ncombine\r\ncomputingsite\r\ncsci\r\ncurl\r\ncusco\r\ndaumoa\r\ndeepindex\r\ndelorie\r\ndepspid\r\ndeweb\r\ndie blinde kuh\r\ndigger\r\nditto\r\ndmoz\r\ndocomo\r\ndownload express\r\ndtaagent\r\ndwcp\r\nebiness\r\nebingbong\r\ne-collector\r\nejupiter\r\nemacs-w3 search engine\r\nesther\r\nevliya celebi\r\nezresult\r\nfalcon\r\nfelix ide\r\nferret\r\nfetchrover\r\nfido\r\nfindlinks\r\nfireball\r\nfish search\r\nfouineur\r\nfunnelweb\r\ngazz\r\ngcreep\r\ngenieknows\r\ngetterroboplus\r\ngeturl\r\nglx\r\ngoforit\r\ngolem\r\ngrabber\r\ngrapnel\r\ngralon\r\ngriffon\r\ngromit\r\ngrub\r\ngulliver\r\nhamahakki\r\nharvest\r\nhavindex\r\nhelix\r\nheritrix\r\nhku www octopus\r\nhomerweb\r\nhtdig\r\nhtml index\r\nhtml_analyzer\r\nhtmlgobble\r\nhubater\r\nhyper-decontextualizer\r\nia_archiver\r\nibm_planetwide\r\nichiro\r\niconsurf\r\niltrovatore\r\nimage.kapsi.net\r\nimagelock\r\nincywincy\r\nindexer\r\ninfobee\r\ninformant\r\ningrid\r\ninktomisearch.com\r\ninspector web\r\nintelliagent\r\ninternet shinchakubin\r\nip3000\r\niron33\r\nisraeli-search\r\nivia\r\njack\r\njakarta\r\njavabee\r\njetbot\r\njumpstation\r\nkatipo\r\nkdd-explorer\r\nkilroy\r\nknowledge\r\nkototoi\r\nkretrieve\r\nlabelgrabber\r\nlachesis\r\nlarbin\r\nlegs\r\nlibwww\r\nlinkalarm\r\nlink validator\r\nlinkscan\r\nlockon\r\nlwp\r\nlycos\r\nmagpie\r\nmantraagent\r\nmapoftheinternet\r\nmarvin/\r\nmattie\r\nmediafox\r\nmediapartners\r\nmercator\r\nmerzscope\r\nmicrosoft url control\r\nminirank\r\nmiva\r\nmj12\r\nmnogosearch\r\nmoget\r\nmonster\r\nmoose\r\nmotor\r\nmultitext\r\nmuncher\r\nmuscatferret\r\nmwd.search\r\nmyweb\r\nnajdi\r\nnameprotect\r\nnationaldirectory\r\nnazilla\r\nncsa beta\r\nnec-meshexplorer\r\nnederland.zoek\r\nnetcarta webmap engine\r\nnetmechanic\r\nnetresearchserver\r\nnetscoop\r\nnewscan-online\r\nnhse\r\nnokia6682/\r\nnomad\r\nnoyona\r\nnutch\r\nnzexplorer\r\nobjectssearch\r\noccam\r\nomni\r\nopen text\r\nopenfind\r\nopenintelligencedata\r\norb search\r\nosis-project\r\npack rat\r\npageboy\r\npagebull\r\npage_verifier\r\npanscient\r\nparasite\r\npartnersite\r\npatric\r\npear.\r\npegasus\r\nperegrinator\r\npgp key agent\r\nphantom\r\nphpdig\r\npicosearch\r\npiltdownman\r\npimptrain\r\npinpoint\r\npioneer\r\npiranha\r\nplumtreewebaccessor\r\npogodak\r\npoirot\r\npompos\r\npoppelsdorf\r\npoppi\r\npopular iconoclast\r\npsycheclone\r\npublisher\r\npython\r\nrambler\r\nraven search\r\nroach\r\nroad runner\r\nroadhouse\r\nrobbie\r\nrobofox\r\nrobozilla\r\nrules\r\nsalty\r\nsbider\r\nscooter\r\nscoutjet\r\nscrubby\r\nsearch.\r\nsearchprocess\r\nsemanticdiscovery\r\nsenrigan\r\nsg-scout\r\nshai\'hulud\r\nshark\r\nshopwiki\r\nsidewinder\r\nsift\r\nsilk\r\nsimmany\r\nsite searcher\r\nsite valet\r\nsitetech-rover\r\nskymob.com\r\nsleek\r\nsmartwit\r\nsna-\r\nsnappy\r\nsnooper\r\nsohu\r\nspeedfind\r\nsphere\r\nsphider\r\nspinner\r\nspyder\r\nsteeler/\r\nsuke\r\nsuntek\r\nsupersnooper\r\nsurfnomore\r\nsven\r\nsygol\r\nszukacz\r\ntach black widow\r\ntarantula\r\ntempleton\r\n/teoma\r\nt-h-u-n-d-e-r-s-t-o-n-e\r\ntheophrastus\r\ntitan\r\ntitin\r\ntkwww\r\ntoutatis\r\nt-rex\r\ntutorgig\r\ntwiceler\r\ntwisted\r\nucsd\r\nudmsearch\r\nurl check\r\nupdated\r\nvagabondo\r\nvalkyrie\r\nverticrawl\r\nvictoria\r\nvision-search\r\nvolcano\r\nvoyager/\r\nvoyager-hc\r\nw3c_validator\r\nw3m2\r\nw3mir\r\nwalker\r\nwallpaper\r\nwanderer\r\nwauuu\r\nwavefire\r\nweb core\r\nweb hopper\r\nweb wombat\r\nwebbandit\r\nwebcatcher\r\nwebcopy\r\nwebfoot\r\nweblayers\r\nweblinker\r\nweblog monitor\r\nwebmirror\r\nwebmonkey\r\nwebquest\r\nwebreaper\r\nwebsitepulse\r\nwebsnarf\r\nwebstolperer\r\nwebvac\r\nwebwalk\r\nwebwatch\r\nwebwombat\r\nwebzinger\r\nwhizbang\r\nwhowhere\r\nwild ferret\r\nworldlight\r\nwwwc\r\nwwwster\r\nxenu\r\nxget\r\nxift\r\nxirq\r\nyandex\r\nyanga\r\nyeti\r\nyodao\r\nzao\r\nzippp\r\nzyborg', '0');
INSERT INTO `ocksena_setting` (`setting_id`, `store_id`, `group`, `key`, `value`, `serialized`) VALUES ('1306', '0', 'config', 'config_file_mime_allowed', 'text/plain\r\nimage/png\r\nimage/jpeg\r\nimage/jpeg\r\nimage/jpeg\r\nimage/gif\r\nimage/bmp\r\nimage/vnd.microsoft.icon\r\nimage/tiff\r\nimage/tiff\r\nimage/svg+xml\r\nimage/svg+xml\r\napplication/zip\r\napplication/x-rar-compressed\r\napplication/x-msdownload\r\napplication/vnd.ms-cab-compressed\r\naudio/mpeg\r\nvideo/quicktime\r\nvideo/quicktime\r\napplication/pdf\r\nimage/vnd.adobe.photoshop\r\napplication/postscript\r\napplication/postscript\r\napplication/postscript\r\napplication/msword\r\napplication/rtf\r\napplication/vnd.ms-excel\r\napplication/vnd.ms-powerpoint\r\napplication/vnd.oasis.opendocument.text\r\napplication/vnd.oasis.opendocument.spreadsheet', '0');
INSERT INTO `ocksena_setting` (`setting_id`, `store_id`, `group`, `key`, `value`, `serialized`) VALUES ('1304', '0', 'config', 'config_seo_url', '0', '0');
INSERT INTO `ocksena_setting` (`setting_id`, `store_id`, `group`, `key`, `value`, `serialized`) VALUES ('94', '0', 'voucher', 'voucher_sort_order', '8', '0');
INSERT INTO `ocksena_setting` (`setting_id`, `store_id`, `group`, `key`, `value`, `serialized`) VALUES ('95', '0', 'voucher', 'voucher_status', '1', '0');
INSERT INTO `ocksena_setting` (`setting_id`, `store_id`, `group`, `key`, `value`, `serialized`) VALUES ('103', '0', 'free_checkout', 'free_checkout_status', '1', '0');
INSERT INTO `ocksena_setting` (`setting_id`, `store_id`, `group`, `key`, `value`, `serialized`) VALUES ('104', '0', 'free_checkout', 'free_checkout_order_status_id', '1', '0');
INSERT INTO `ocksena_setting` (`setting_id`, `store_id`, `group`, `key`, `value`, `serialized`) VALUES ('349', '0', 'slideshow', 'slideshow_module', 'a:1:{i:0;a:7:{s:9:"banner_id";s:1:"9";s:5:"width";s:3:"600";s:6:"height";s:3:"400";s:9:"layout_id";s:1:"1";s:8:"position";s:11:"content_top";s:6:"status";s:1:"1";s:10:"sort_order";s:1:"1";}}', '1');
INSERT INTO `ocksena_setting` (`setting_id`, `store_id`, `group`, `key`, `value`, `serialized`) VALUES ('904', '0', 'welcome', 'welcome_module', 'a:1:{i:1;a:5:{s:11:"description";a:4:{i:3;s:5793:"&lt;center style=&quot;box-sizing: border-box; color: rgb(0, 0, 0); font-family: MyriadProCondRegular, sans-serif, arial; font-size: 21px;&quot;&gt;\r\n&lt;h1 style=&quot;font-weight: lighter; box-sizing: border-box; margin: 0.67em 0px;&quot;&gt;Wir wissen, wo Sie Ihr Traum Brautkleid kaufen können&lt;/h1&gt;\r\n&lt;/center&gt;\r\n\r\n&lt;p style=&quot;box-sizing: border-box; font-family: Open Sans, sans-serif, arial; font-size: 18px; color: rgb(0, 0, 0); text-align: justify;&quot;&gt;Hochzeit - ist ein Wort, aber wie viele Emotionen es trägt. Und Liebe und Hoffnung und Glück, aber außer solchen angenehmen Gefühlen, die Jungvermählten und ihre Familien haben, nennt es Unruhe, Angst und Stress. Dies ist eine gemeinsame Situation; Nach allem, um einen Hochzeitstag mit Schönheit und positiven Emotionen erinnert werden die wichtigsten Teilnehmer müssen hart arbeiten mehr als einen Monat, um alles auf einem hohen Niveau zu organisieren. Zivil-Zeremonie und Restaurant, Einladung der Gäste, Ringe und Autos, Blumen und Dekoration und viele andere Dinge, die in Haupt-Helden Liste sind.&lt;/p&gt;\r\n\r\n&lt;p style=&quot;box-sizing: border-box; font-family: Open Sans, sans-serif, arial; font-size: 18px; color: rgb(0, 0, 0); text-align: justify;&quot;&gt;Aber das erste Bild, das in Braut den Kopf erscheint, nachdem sie einen Vorschlag von ihrem zukünftigen Ehemann gehört hat, ist oft nicht einmal die Antwort, sondern das Brautkleid. Wie viele Mädchen träumen von ihrer Hochzeit seit ihrer Kindheit und luxuriöse Kleidung spielt eine wichtige Rolle in diesen Träumereien. Also, am nächsten Tag Bräute suchen nach Orten, wo sie einen Traum kaufen können Hochzeitskleid.&lt;/p&gt;\r\n\r\n&lt;p style=&quot;box-sizing: border-box; font-family: Open Sans, sans-serif, arial; font-size: 18px; color: rgb(0, 0, 0); text-align: justify;&quot;&gt;Viele wissen genau, eine Silhouette und eine Farbe und was dekorative Elemente müssen, die macht Kaufen das Brautkleidviel einfacher. Jemand Träume über Kleid wie Schauspielerinnen und Sänger haben, jemand zieht Vintage-Modelle, schafft man eine individuelle Hochzeitskleid für sich. Wie die Praxis zeigt - Ein Hochzeitskleid kaufen Ist nicht einfach, wenn Sie nicht über Ihr Ideal gehen. Das ist kein alltägliches Kleid; Es ist für einen besonderen Tag und es muss exklusiv sein. Und um die Kleidung, die Sie nicht nur in Gestalt und Farbe, sondern wird Sie eine und einzige und faszinierende Königin von Ihrem Hauptball wird eine Hilfe von Spezialisten und ein paar Versuche-on.&lt;/p&gt;\r\n\r\n&lt;p style=&quot;box-sizing: border-box; font-family: Open Sans, sans-serif, arial; font-size: 18px; color: rgb(0, 0, 0); text-align: justify;&quot;&gt;Um eine große Auswahl an Modellen und eine Beratung eines erfahrenen Spezialisten zu bekommen, genügt es zu besuchen Ein Hochzeitssalon «Ksena».Hier kann man nicht nur Kaufen ein Brautkleid, Sondern auch einen Traum finden.&lt;/p&gt;\r\n\r\n&lt;p style=&quot;box-sizing: border-box; font-family: Open Sans, sans-serif, arial; font-size: 18px; color: rgb(0, 0, 0); text-align: justify;&quot;&gt;Der Hochzeitssalon «Ksena» ist nicht nur eine Boutique; Es ist ein kompletter Komplex, in dem wir Ihnen helfen können, das folgende aufzuheben:&lt;/p&gt;\r\n\r\n&lt;p style=&quot;box-sizing: border-box; font-family: Open Sans, sans-serif, arial; font-size: 18px; color: rgb(0, 0, 0); text-align: justify;&quot;&gt;Die profitabelste Silhouette für Ihre Figur.&lt;br /&gt;\r\nEine Farbe, die Sie schlanker macht und Ihre Schönheit hervorhebt.&lt;br /&gt;\r\nKleidung, die eine sehr Wirkung, die Sie benötigen hinzufügen.&lt;br /&gt;\r\nDekorative Elemente je nach Eindruck, den Sie auf Ihre Gäste machen wollen.&lt;br /&gt;\r\nDer Hochzeitssalon «Ksena» ist Schönheit, Kunstfertigkeit und Sauberkeit, die die anspruchsvollsten und verführerischsten Bräute fancy fangen wird.&lt;/p&gt;\r\n\r\n&lt;p style=&quot;box-sizing: border-box; font-family: Open Sans, sans-serif, arial; font-size: 18px; color: rgb(0, 0, 0); text-align: justify;&quot;&gt;Wenn Sie träumen Ein Hochzeitskleid kaufen In dem Sie sich am wohlwollendsten fühlen werden - besuchen Sie den Hochzeitssalon «Ksena» und Sie erhalten die Verarbeitung der Entwürfe, die Kreativität der Designer und die Koordination aller Prozesse der Produktion. Wir arbeiten, damit innerhalb der kürzest möglichen Zeit Youcould finda Hochzeitskleid, dessen Preis für Ihre Geldbeutel und die Qualität für Ihre Augen angenehm sein wird.&lt;/p&gt;\r\n\r\n&lt;p style=&quot;box-sizing: border-box; font-family: Open Sans, sans-serif, arial; font-size: 18px; color: rgb(0, 0, 0); text-align: justify;&quot;&gt;Eine Reihe von Modellen umfasst alle möglichen Varianten und die Möglichkeit, Ihr eigenes Design zu erstellen. Verschiedene Tücher und ihre Farbbewertung helfen, die beste Variante für Sie zu wählen. Für Kleider Dekoration verwenden unsere Herren Perlen, Perlen und diverse Edelsteine. Ein charakteristisches Merkmal unserer Kleider ist eine handgemachte Spitze und Stickerei.&lt;/p&gt;\r\n\r\n&lt;p style=&quot;box-sizing: border-box; font-family: Open Sans, sans-serif, arial; font-size: 18px; color: rgb(0, 0, 0); text-align: justify;&quot;&gt;Der Hochzeitssalon «Ksena»bietet an Hochzeitskleider deren Preis Wunder als Großhandel Käufer und diejenigen, die gekommen, um nur ein Exemplar kaufen. Wir interessieren uns, dass die Qualität unserer Artikel auf einem hohen Niveau ist, aber versuchen, Kleider anzugeben, deren Preis die meisten passen wird.&lt;/p&gt;\r\n\r\n&lt;p style=&quot;box-sizing: border-box; font-family: Open Sans, sans-serif, arial; font-size: 18px; color: rgb(0, 0, 0); text-align: justify;&quot;&gt;Brautkleider aus dem Salon «Ksena» - ist die beste Korrelation von Qualität, Stil und Kosten.&lt;/p&gt;\r\n";i:1;s:5431:"&lt;center style=&quot;box-sizing: border-box; color: rgb(0, 0, 0); font-family: MyriadProCondRegular, sans-serif, arial; font-size: 21px;&quot;&gt;\r\n&lt;h1 style=&quot;box-sizing: border-box; margin: 0.67em 0px; font-weight: lighter;&quot;&gt;We know where You can buy Your dream wedding dress&lt;/h1&gt;\r\n&lt;/center&gt;\r\n\r\n&lt;p style=&quot;box-sizing: border-box; font-family: Open Sans, sans-serif, arial; font-size: 18px; color: rgb(0, 0, 0); text-align: justify;&quot;&gt;Wedding – is one word but how many emotions it carries. And love, and hope, and happiness, however except such pleasant feelings that have newlyweds and their families it calls unrest, anxiety and stress. This is a common situation; after all to make a wedding day to be remembered with beauty and positive emotions main participants will have to work hard more than one month to organise everything at a high level. Civil ceremony and restaurant, guests’ invitation, rings and cars, flowers and decoration and many other things that are in main heroes’ list.&lt;/p&gt;\r\n\r\n&lt;p style=&quot;box-sizing: border-box; font-family: Open Sans, sans-serif, arial; font-size: 18px; color: rgb(0, 0, 0); text-align: justify;&quot;&gt;But the first picture that appears in bride’s head after she had heard a proposal from her future husband often isn’t even the answer but the wedding dress. As many girls dream about their wedding since childhood and luxurious attire plays an important part in these reveries. So, on the next day brides begin searching places where they can buy a dream wedding dress.&lt;/p&gt;\r\n\r\n&lt;p style=&quot;box-sizing: border-box; font-family: Open Sans, sans-serif, arial; font-size: 18px; color: rgb(0, 0, 0); text-align: justify;&quot;&gt;Many exactly know a silhouette and a colour and what decorative elements must be that makes buying the wedding dressmuch easier. Someone dreams about dress like actresses and singers have, somebody prefers vintage models, one creates an individual wedding gown for herself. As the practice shows – to buy a wedding dress isn’t easy if you don’t go beyond your ideal. This isn’t an everyday dress; it is for one special day and it must be exclusive. And in order to choose the attire that will fit You not only in figure and colour, but will make You one and only and fascinating queen of Your main ball will need a help of specialists and a few tries-on.&lt;/p&gt;\r\n\r\n&lt;p style=&quot;box-sizing: border-box; font-family: Open Sans, sans-serif, arial; font-size: 18px; color: rgb(0, 0, 0); text-align: justify;&quot;&gt;To get a big choice of models and a consultation of an experienced specialist it is enough to visit a wedding salon «Ksena».Here You can not only buy a wedding gown, but also find a dream.&lt;/p&gt;\r\n\r\n&lt;p style=&quot;box-sizing: border-box; font-family: Open Sans, sans-serif, arial; font-size: 18px; color: rgb(0, 0, 0); text-align: justify;&quot;&gt;The wedding salon «Ksena» isn’t just a boutique; it is an entire complex where we can help you to pick up the following:&lt;/p&gt;\r\n\r\n&lt;p style=&quot;box-sizing: border-box; font-family: Open Sans, sans-serif, arial; font-size: 18px; color: rgb(0, 0, 0); text-align: justify;&quot;&gt;The most profitable silhouette for Your figure.&lt;br /&gt;\r\nA colour that will make you slimmer and will emphasize Your beauty.&lt;br /&gt;\r\nCloths that will add a very effect that You need.&lt;br /&gt;\r\nDecorative elements depending on an impression that You want to make on Your guests.&lt;br /&gt;\r\nThe wedding salon «Ksena» is beauty, workmanship and neatness that will catch the most demanding and tempted brides’ fancy.&lt;/p&gt;\r\n\r\n&lt;p style=&quot;box-sizing: border-box; font-family: Open Sans, sans-serif, arial; font-size: 18px; color: rgb(0, 0, 0); text-align: justify;&quot;&gt;If You dream to buy a wedding dress in which You will feel yourself the most desirable – visit the wedding salon «Ksena» and You will get sewers’ workmanship, designers’ creativity and coordination of all processes of the production operations. We work in order that within the shortest possible period of time Youcould finda wedding dress whose price will be pleasant for Your purse and the quality for Your eyes.&lt;/p&gt;\r\n\r\n&lt;p style=&quot;box-sizing: border-box; font-family: Open Sans, sans-serif, arial; font-size: 18px; color: rgb(0, 0, 0); text-align: justify;&quot;&gt;A range of models encloses all possible variants and an opportunity to create Your own design. Various cloths and their colour score helps to choose the best variant for You. For dresses’ decoration our masters use pearls, beads and divers gems. A distinguishing feature of our gowns is a handmade lace and embroidery.&lt;/p&gt;\r\n\r\n&lt;p style=&quot;box-sizing: border-box; font-family: Open Sans, sans-serif, arial; font-size: 18px; color: rgb(0, 0, 0); text-align: justify;&quot;&gt;The wedding salon «Ksena»offers wedding dresses whose price wonders as wholesale buyers and those who have come to purchase only one copy. We care that the quality of our articles is at a high level, but try to suggest dresses whose price will fit the most.&lt;/p&gt;\r\n\r\n&lt;p style=&quot;box-sizing: border-box; font-family: Open Sans, sans-serif, arial; font-size: 18px; color: rgb(0, 0, 0); text-align: justify;&quot;&gt;Wedding dresses from thesalon «Ksena» - is the best correlation of quality, style and cost.&lt;/p&gt;\r\n";i:2;s:8655:"&lt;center style=&quot;box-sizing: border-box; color: rgb(0, 0, 0); font-family: MyriadProCondRegular, sans-serif, arial; font-size: 21px;&quot;&gt;\r\n&lt;h1 style=&quot;box-sizing: border-box; margin: 0.67em 0px; font-weight: lighter;&quot;&gt;Мы знаем где Вам купить свадебное платье Вашей мечты&lt;/h1&gt;\r\n&lt;/center&gt;\r\n\r\n&lt;p style=&quot;box-sizing: border-box; font-family: Open Sans, sans-serif, arial; font-size: 18px; color: rgb(0, 0, 0); text-align: justify;&quot;&gt;Свадьба – всего одно слово, а сколько эмоций оно в себе несет. И любовь, и надежду, и счастье, но кроме таких приятных ощущений у всех молодоженов и их близких оно вызывает волнение, тревогу и стресс. Такая ситуация вполне понятна, ведь чтобы день свадьбы запомнился красотой и положительными эмоциями главным участникам придется не один месяц потрудиться чтобы все организовать на высшем уровне. &amp;nbsp;Роспись и ресторан, приглашение гостей, кольца и машины, цветы и декор, и многое-многое другое в списке забот главных героев.&lt;/p&gt;\r\n\r\n&lt;p style=&quot;box-sizing: border-box; font-family: Open Sans, sans-serif, arial; font-size: 18px; color: rgb(0, 0, 0); text-align: justify;&quot;&gt;Но первой картинкой которая появляется &amp;nbsp;у невесты в голове после того как она услышала предложение от будущего мужа, часто является даже не ответ, а свадебное платье. Ведь большинство девушек еще с детства мечтают о своей свадьбе, и именно роскошный наряд играет важную роль, в этих грезах. Так что буквально на следующий день невесты начинать искать, где же купить свадебное платье своей мечты.&lt;/p&gt;\r\n\r\n&lt;p style=&quot;box-sizing: border-box; font-family: Open Sans, sans-serif, arial; font-size: 18px; color: rgb(0, 0, 0); text-align: justify;&quot;&gt;Многие уже точно знают и силуэт, и цвет, и какие декоративные элементы должны быть, что значительно упрощает задачу купить свадебное платье. Кто-то мечтает о платье как у известных актрис или певиц, кто-то отдает предпочтение винтажным моделям, а кто-то создает для себя индивидуальное свадебное платье. Но как показывает практика купить свадебное платье не так просто, если не выходить за рамки своего идеала. Ведь это не просто платье на каждый день, оно для одного исключительного дня и должно быть таким же исключительным. И чтобы подобрать наряд, который не просто будет Вам подходить по фигуре и цветотипу, а делать Вас неповторимой и обворожительной королевой Вашего главного бала, понадобиться помощь специалистов и несколько примерок.&lt;/p&gt;\r\n\r\n&lt;p style=&quot;box-sizing: border-box; font-family: Open Sans, sans-serif, arial; font-size: 18px; color: rgb(0, 0, 0); text-align: justify;&quot;&gt;Чтобы получить большой выбор моделей и консультацию опытного специалиста достаточно посетить салон свадебных платьев &quot;Ксена&quot;. Здесь Вы не просто сможете купить свадебное платье – Вы сможете приобрести мечту.&lt;/p&gt;\r\n\r\n&lt;p style=&quot;box-sizing: border-box; font-family: Open Sans, sans-serif, arial; font-size: 18px; color: rgb(0, 0, 0); text-align: justify;&quot;&gt;Салон свадебных платьев &quot;Ксена&quot; это не просто магазин, это целый комплекс, где Вам помогут подобрать:&lt;/p&gt;\r\n\r\n&lt;p style=&quot;box-sizing: border-box; font-family: Open Sans, sans-serif, arial; font-size: 18px; color: rgb(0, 0, 0); text-align: justify;&quot;&gt;Самый выгодный для Вашей фигуры силуэт.&lt;br /&gt;\r\nЦвет, который будет делать Вас стройнее и подчеркнет именно Вашу красоту.&lt;br /&gt;\r\nТкани, которые добавят именно тот эффект, который Вам нужен.&lt;br /&gt;\r\nДекоративные элементы, в зависимости от того впечатления которое Вы хотите произвести на гостей.&lt;br /&gt;\r\nСвадебный салон &quot;Ксена&quot; это красота, мастерство и аккуратность. Наши свадебные платья подойдут самым требовательным и искушенным невестам.&lt;/p&gt;\r\n\r\n&lt;p style=&quot;box-sizing: border-box; font-family: Open Sans, sans-serif, arial; font-size: 18px; color: rgb(0, 0, 0); text-align: justify;&quot;&gt;Мечтаете купить свадебное платье, одев которое Вы почувствуете себя самой желанной - посетите свадебный салон Ксена, и Вы получите мастерство швей, креативность дизайнеров и налаженность всех процессов производства. Мы работаем для того чтобы Вы могли в кратчайшие строки подобрать для себя свадебное платье цена, на которое будет приятной для Вашего кошелька, а качество для Ваших глаз.&amp;nbsp;&lt;/p&gt;\r\n\r\n&lt;p style=&quot;box-sizing: border-box; font-family: Open Sans, sans-serif, arial; font-size: 18px; color: rgb(0, 0, 0); text-align: justify;&quot;&gt;Модельный ряд салона включает в себя все возможные варианты плюс возможность создания собственного дизайна. Различные ткани и их цветовое решение позволяет подобрать лучшее решение для Вас. Для декора платьев наши мастера используют жемчуг, бисер и различные камни. Отличительной чертой наших свадебных платьев является вышивка и кружево ручной работы.&amp;nbsp;&lt;/p&gt;\r\n\r\n&lt;p style=&quot;box-sizing: border-box; font-family: Open Sans, sans-serif, arial; font-size: 18px; color: rgb(0, 0, 0); text-align: justify;&quot;&gt;Салон свадебных платьев &quot;Ксена&quot; предлагает свадебные платья цена, на которые приятно удивляет как оптовых покупателей, так и тех, кто пришел приобрести один экземпляр. Мы &amp;nbsp;заботимся о том, чтобы качество наших изделий было на самом высоком уровне, но стараемся предлагать свадебные платья цена, на которые доступна большинству.&lt;/p&gt;\r\n\r\n&lt;p style=&quot;box-sizing: border-box; font-family: Open Sans, sans-serif, arial; font-size: 18px; color: rgb(0, 0, 0); text-align: justify;&quot;&gt;Свадебные платья от салона Ксена это лучшее соотношение качества, стиля и стоимости.&amp;nbsp;&lt;/p&gt;\r\n";i:4;s:8276:"&lt;center style=&quot;box-sizing: border-box; color: rgb(0, 0, 0); font-family: MyriadProCondRegular, sans-serif, arial; font-size: 21px;&quot;&gt;\r\n&lt;h1 style=&quot;font-weight: lighter; box-sizing: border-box; margin: 0.67em 0px;&quot;&gt;Ми знаємо де Вам купити весільне плаття Вашої мрії&lt;/h1&gt;\r\n&lt;/center&gt;\r\n\r\n&lt;p style=&quot;box-sizing: border-box; font-family: Open Sans, sans-serif, arial; font-size: 18px; color: rgb(0, 0, 0); text-align: justify;&quot;&gt;Весілля - всього одне слово, а скільки емоцій воно в собі несе. І любов, і надію, і щастя, але крім таких приємних відчуттів у всіх молодят і їхніх близьких воно викликає хвилювання, тривогу і стрес. Така ситуація цілком зрозуміла, адже щоб день весілля запам\'ятався красою і позитивними емоціями головним учасникам доведеться не один місяць попрацювати щоб все організувати на вищому рівні. Розпис і ресторан, запрошення гостей, обручки і машини, квіти і декор, і багато-багато іншого в списку турбот головних героїв.&lt;/p&gt;\r\n\r\n&lt;p style=&quot;box-sizing: border-box; font-family: Open Sans, sans-serif, arial; font-size: 18px; color: rgb(0, 0, 0); text-align: justify;&quot;&gt;Але першою картинкою яка з\'являється у нареченої в голові після того як вона почула пропозицію від майбутнього чоловіка, часто є навіть не відповідь, а весільна сукня. Адже більшість дівчат ще з дитинства мріють про своє весілля, і розкішне вбрання відіграє важливу роль, в цих мріях. Так що буквально на наступний день наречена починає шукати, де ж купити весільну сукню своєї мрії.&lt;/p&gt;\r\n\r\n&lt;p style=&quot;box-sizing: border-box; font-family: Open Sans, sans-serif, arial; font-size: 18px; color: rgb(0, 0, 0); text-align: justify;&quot;&gt;Багато наречених вже точно знають і силует, і колір, і які декоративні елементи повинні бути, що значно спрощує завдання пошуку весільної сукні. Хтось мріє про сукню як у відомих актрис або співачок, хтось віддає перевагу вінтажним моделям, а хтось створює для себе індивідуальне весільну сукню. Але як показує практика купити весільну сукню не так просто, якщо не виходити за рамки свого ідеалу. Адже це не просто сукня на кожен день, воно для одного виняткового дня і має бути таким же винятковим. І щоб підібрати вбрання, яке не просто буде Вам підходити по фігурі і кольору, а робити Вас неповторною і чарівною королевою Вашого головного балу, знадобитися допомога фахівців і кілька примірок.&lt;/p&gt;\r\n\r\n&lt;p style=&quot;box-sizing: border-box; font-family: Open Sans, sans-serif, arial; font-size: 18px; color: rgb(0, 0, 0); text-align: justify;&quot;&gt;Щоб отримати великий вибір моделей і консультацію досвідченого фахівця досить відвідати салон весільних суконь &quot;Ксена&quot;. Тут Ви не просто зможете купити весільне плаття - Ви зможете придбати мрію.&lt;/p&gt;\r\n\r\n&lt;p style=&quot;box-sizing: border-box; font-family: Open Sans, sans-serif, arial; font-size: 18px; color: rgb(0, 0, 0); text-align: justify;&quot;&gt;Салон весільних суконь &quot;Ксена&quot; це не просто магазин, це цілий комплекс, де Вам допоможуть підібрати:&lt;/p&gt;\r\n\r\n&lt;p style=&quot;box-sizing: border-box; font-family: Open Sans, sans-serif, arial; font-size: 18px; color: rgb(0, 0, 0); text-align: justify;&quot;&gt;Найвигідніший для Вашої фігури силует.&lt;br /&gt;\r\nКолір, який буде робити Вас стрункішою і підкреслить саме Вашу красу.&lt;br /&gt;\r\nТканини, які додадуть саме той ефект, який Вам потрібен.&lt;br /&gt;\r\nДекоративні елементи, в залежності від того яке враження Ви хочете зробити на гостей.&lt;br /&gt;\r\nВесільний салон &quot;Ксена&quot; це краса, майстерність і акуратність. Наші весільні сукні підійдуть найвибагливішим нареченим.&lt;/p&gt;\r\n\r\n&lt;p style=&quot;box-sizing: border-box; font-family: Open Sans, sans-serif, arial; font-size: 18px; color: rgb(0, 0, 0); text-align: justify;&quot;&gt;Мрієте купити весільну сукню, одягнувши яку Ви відчуєте себе найбажанішою - відвідайте весільний салон Ксена, і Ви отримаєте майстерність швачок, креативність дизайнерів і налагодженість всіх процесів виробництва. Ми працюємо для того щоб Ви могли в найкоротші терміни підібрати для себе весільну сукню ціна, на яку буде приємною для Вашого гаманця, а якість для Ваших очей.&amp;nbsp;&lt;/p&gt;\r\n\r\n&lt;p style=&quot;box-sizing: border-box; font-family: Open Sans, sans-serif, arial; font-size: 18px; color: rgb(0, 0, 0); text-align: justify;&quot;&gt;Модельний ряд салону включає в себе всі можливі варіанти плюс можливість створення власного дизайну. Різні тканини і їх кольорове рішення дозволяє підібрати найкращий варіант для Вас. Для декору суконь наші майстри використовують перли, бісер і різні камені. Відмінною рисою наших весільних суконь є вишивка і мереживо ручної роботи.&amp;nbsp;&lt;/p&gt;\r\n\r\n&lt;p style=&quot;box-sizing: border-box; font-family: Open Sans, sans-serif, arial; font-size: 18px; color: rgb(0, 0, 0); text-align: justify;&quot;&gt;Салон весільних суконь &quot;Ксена&quot; пропонує весільні сукні ціна, на які приємно дивує як оптових покупців, так і тих, хто прийшов придбати один екземпляр. Ми &amp;nbsp;дбаємо про те, щоб якість наших виробів була на найвищому рівні, але намагаємося пропонувати весільні сукні ціна, на які доступна більшості.&lt;/p&gt;\r\n\r\n&lt;p style=&quot;box-sizing: border-box; font-family: Open Sans, sans-serif, arial; font-size: 18px; color: rgb(0, 0, 0); text-align: justify;&quot;&gt;Весільні сукні від салону Ксена це найкраще співвідношення якості, стилю і вартості.&amp;nbsp;&lt;/p&gt;\r\n";}s:9:"layout_id";s:1:"1";s:8:"position";s:14:"content_bottom";s:6:"status";s:1:"1";s:10:"sort_order";s:0:"";}}', '1');
INSERT INTO `ocksena_setting` (`setting_id`, `store_id`, `group`, `key`, `value`, `serialized`) VALUES ('1302', '0', 'config', 'config_shared', '0', '0');
INSERT INTO `ocksena_setting` (`setting_id`, `store_id`, `group`, `key`, `value`, `serialized`) VALUES ('1301', '0', 'config', 'config_secure', '0', '0');
INSERT INTO `ocksena_setting` (`setting_id`, `store_id`, `group`, `key`, `value`, `serialized`) VALUES ('1300', '0', 'config', 'config_fraud_status_id', '7', '0');
INSERT INTO `ocksena_setting` (`setting_id`, `store_id`, `group`, `key`, `value`, `serialized`) VALUES ('1299', '0', 'config', 'config_fraud_score', '', '0');
INSERT INTO `ocksena_setting` (`setting_id`, `store_id`, `group`, `key`, `value`, `serialized`) VALUES ('1298', '0', 'config', 'config_fraud_key', '', '0');
INSERT INTO `ocksena_setting` (`setting_id`, `store_id`, `group`, `key`, `value`, `serialized`) VALUES ('1297', '0', 'config', 'config_fraud_detection', '0', '0');
INSERT INTO `ocksena_setting` (`setting_id`, `store_id`, `group`, `key`, `value`, `serialized`) VALUES ('1296', '0', 'config', 'config_alert_emails', '', '0');
INSERT INTO `ocksena_setting` (`setting_id`, `store_id`, `group`, `key`, `value`, `serialized`) VALUES ('1295', '0', 'config', 'config_account_mail', '1', '0');
INSERT INTO `ocksena_setting` (`setting_id`, `store_id`, `group`, `key`, `value`, `serialized`) VALUES ('1294', '0', 'config', 'config_alert_mail', '1', '0');
INSERT INTO `ocksena_setting` (`setting_id`, `store_id`, `group`, `key`, `value`, `serialized`) VALUES ('1293', '0', 'config', 'config_smtp_timeout', '5', '0');
INSERT INTO `ocksena_setting` (`setting_id`, `store_id`, `group`, `key`, `value`, `serialized`) VALUES ('1292', '0', 'config', 'config_smtp_port', '25', '0');
INSERT INTO `ocksena_setting` (`setting_id`, `store_id`, `group`, `key`, `value`, `serialized`) VALUES ('1291', '0', 'config', 'config_smtp_password', '123qazQAZ', '0');
INSERT INTO `ocksena_setting` (`setting_id`, `store_id`, `group`, `key`, `value`, `serialized`) VALUES ('1290', '0', 'config', 'config_smtp_username', 'vberkoz', '0');
INSERT INTO `ocksena_setting` (`setting_id`, `store_id`, `group`, `key`, `value`, `serialized`) VALUES ('1289', '0', 'config', 'config_smtp_host', 'smtp.gmail.com', '0');
INSERT INTO `ocksena_setting` (`setting_id`, `store_id`, `group`, `key`, `value`, `serialized`) VALUES ('1288', '0', 'config', 'config_mail_parameter', 'vberkoz@gmail.com', '0');
INSERT INTO `ocksena_setting` (`setting_id`, `store_id`, `group`, `key`, `value`, `serialized`) VALUES ('1287', '0', 'config', 'config_mail_protocol', 'mail', '0');
INSERT INTO `ocksena_setting` (`setting_id`, `store_id`, `group`, `key`, `value`, `serialized`) VALUES ('1286', '0', 'config', 'config_ftp_status', '0', '0');
INSERT INTO `ocksena_setting` (`setting_id`, `store_id`, `group`, `key`, `value`, `serialized`) VALUES ('1285', '0', 'config', 'config_ftp_root', '', '0');
INSERT INTO `ocksena_setting` (`setting_id`, `store_id`, `group`, `key`, `value`, `serialized`) VALUES ('1284', '0', 'config', 'config_ftp_password', '', '0');
INSERT INTO `ocksena_setting` (`setting_id`, `store_id`, `group`, `key`, `value`, `serialized`) VALUES ('1283', '0', 'config', 'config_ftp_username', '', '0');
INSERT INTO `ocksena_setting` (`setting_id`, `store_id`, `group`, `key`, `value`, `serialized`) VALUES ('1282', '0', 'config', 'config_ftp_port', '21', '0');
INSERT INTO `ocksena_setting` (`setting_id`, `store_id`, `group`, `key`, `value`, `serialized`) VALUES ('1281', '0', 'config', 'config_ftp_host', 'oc1564', '0');
INSERT INTO `ocksena_setting` (`setting_id`, `store_id`, `group`, `key`, `value`, `serialized`) VALUES ('1280', '0', 'config', 'config_image_cart_height', '47', '0');
INSERT INTO `ocksena_setting` (`setting_id`, `store_id`, `group`, `key`, `value`, `serialized`) VALUES ('1279', '0', 'config', 'config_image_cart_width', '47', '0');
INSERT INTO `ocksena_setting` (`setting_id`, `store_id`, `group`, `key`, `value`, `serialized`) VALUES ('1278', '0', 'config', 'config_image_wishlist_height', '47', '0');
INSERT INTO `ocksena_setting` (`setting_id`, `store_id`, `group`, `key`, `value`, `serialized`) VALUES ('1277', '0', 'config', 'config_image_wishlist_width', '47', '0');
INSERT INTO `ocksena_setting` (`setting_id`, `store_id`, `group`, `key`, `value`, `serialized`) VALUES ('1276', '0', 'config', 'config_image_compare_height', '90', '0');
INSERT INTO `ocksena_setting` (`setting_id`, `store_id`, `group`, `key`, `value`, `serialized`) VALUES ('1275', '0', 'config', 'config_image_compare_width', '90', '0');
INSERT INTO `ocksena_setting` (`setting_id`, `store_id`, `group`, `key`, `value`, `serialized`) VALUES ('1273', '0', 'config', 'config_image_related_width', '80', '0');
INSERT INTO `ocksena_setting` (`setting_id`, `store_id`, `group`, `key`, `value`, `serialized`) VALUES ('1274', '0', 'config', 'config_image_related_height', '80', '0');
INSERT INTO `ocksena_setting` (`setting_id`, `store_id`, `group`, `key`, `value`, `serialized`) VALUES ('1272', '0', 'config', 'config_image_additional_height', '74', '0');
INSERT INTO `ocksena_setting` (`setting_id`, `store_id`, `group`, `key`, `value`, `serialized`) VALUES ('1271', '0', 'config', 'config_image_additional_width', '74', '0');
INSERT INTO `ocksena_setting` (`setting_id`, `store_id`, `group`, `key`, `value`, `serialized`) VALUES ('1270', '0', 'config', 'config_image_product_height', '80', '0');
INSERT INTO `ocksena_setting` (`setting_id`, `store_id`, `group`, `key`, `value`, `serialized`) VALUES ('1269', '0', 'config', 'config_image_product_width', '80', '0');
INSERT INTO `ocksena_setting` (`setting_id`, `store_id`, `group`, `key`, `value`, `serialized`) VALUES ('1268', '0', 'config', 'config_image_popup_height', '500', '0');
INSERT INTO `ocksena_setting` (`setting_id`, `store_id`, `group`, `key`, `value`, `serialized`) VALUES ('1267', '0', 'config', 'config_image_popup_width', '500', '0');
INSERT INTO `ocksena_setting` (`setting_id`, `store_id`, `group`, `key`, `value`, `serialized`) VALUES ('1266', '0', 'config', 'config_image_thumb_height', '228', '0');
INSERT INTO `ocksena_setting` (`setting_id`, `store_id`, `group`, `key`, `value`, `serialized`) VALUES ('1265', '0', 'config', 'config_image_thumb_width', '228', '0');
INSERT INTO `ocksena_setting` (`setting_id`, `store_id`, `group`, `key`, `value`, `serialized`) VALUES ('1264', '0', 'config', 'config_image_category_height', '80', '0');
INSERT INTO `ocksena_setting` (`setting_id`, `store_id`, `group`, `key`, `value`, `serialized`) VALUES ('1263', '0', 'config', 'config_image_category_width', '80', '0');
INSERT INTO `ocksena_setting` (`setting_id`, `store_id`, `group`, `key`, `value`, `serialized`) VALUES ('1261', '0', 'config', 'config_logo', 'data/logo.png', '0');
INSERT INTO `ocksena_setting` (`setting_id`, `store_id`, `group`, `key`, `value`, `serialized`) VALUES ('1262', '0', 'config', 'config_icon', 'data/cart.png', '0');
INSERT INTO `ocksena_setting` (`setting_id`, `store_id`, `group`, `key`, `value`, `serialized`) VALUES ('1260', '0', 'config', 'config_return_status_id', '2', '0');
INSERT INTO `ocksena_setting` (`setting_id`, `store_id`, `group`, `key`, `value`, `serialized`) VALUES ('1259', '0', 'config', 'config_return_id', '0', '0');
INSERT INTO `ocksena_setting` (`setting_id`, `store_id`, `group`, `key`, `value`, `serialized`) VALUES ('1258', '0', 'config', 'config_commission', '5', '0');
INSERT INTO `ocksena_setting` (`setting_id`, `store_id`, `group`, `key`, `value`, `serialized`) VALUES ('1257', '0', 'config', 'config_affiliate_id', '4', '0');
INSERT INTO `ocksena_setting` (`setting_id`, `store_id`, `group`, `key`, `value`, `serialized`) VALUES ('1255', '0', 'config', 'config_stock_checkout', '0', '0');
INSERT INTO `ocksena_setting` (`setting_id`, `store_id`, `group`, `key`, `value`, `serialized`) VALUES ('1256', '0', 'config', 'config_stock_status_id', '5', '0');
INSERT INTO `ocksena_setting` (`setting_id`, `store_id`, `group`, `key`, `value`, `serialized`) VALUES ('1254', '0', 'config', 'config_stock_warning', '0', '0');
INSERT INTO `ocksena_setting` (`setting_id`, `store_id`, `group`, `key`, `value`, `serialized`) VALUES ('1253', '0', 'config', 'config_stock_display', '0', '0');
INSERT INTO `ocksena_setting` (`setting_id`, `store_id`, `group`, `key`, `value`, `serialized`) VALUES ('1252', '0', 'config', 'config_complete_status_id', '5', '0');
INSERT INTO `ocksena_setting` (`setting_id`, `store_id`, `group`, `key`, `value`, `serialized`) VALUES ('1251', '0', 'config', 'config_order_status_id', '1', '0');
INSERT INTO `ocksena_setting` (`setting_id`, `store_id`, `group`, `key`, `value`, `serialized`) VALUES ('1250', '0', 'config', 'config_invoice_prefix', 'INV-2013-00', '0');
INSERT INTO `ocksena_setting` (`setting_id`, `store_id`, `group`, `key`, `value`, `serialized`) VALUES ('1248', '0', 'config', 'config_checkout_id', '5', '0');
INSERT INTO `ocksena_setting` (`setting_id`, `store_id`, `group`, `key`, `value`, `serialized`) VALUES ('1249', '0', 'config', 'config_order_edit', '100', '0');
INSERT INTO `ocksena_setting` (`setting_id`, `store_id`, `group`, `key`, `value`, `serialized`) VALUES ('1247', '0', 'config', 'config_guest_checkout', '1', '0');
INSERT INTO `ocksena_setting` (`setting_id`, `store_id`, `group`, `key`, `value`, `serialized`) VALUES ('1246', '0', 'config', 'config_cart_weight', '1', '0');
INSERT INTO `ocksena_setting` (`setting_id`, `store_id`, `group`, `key`, `value`, `serialized`) VALUES ('1245', '0', 'config', 'config_account_id', '3', '0');
INSERT INTO `ocksena_setting` (`setting_id`, `store_id`, `group`, `key`, `value`, `serialized`) VALUES ('1244', '0', 'config', 'config_customer_price', '0', '0');
INSERT INTO `ocksena_setting` (`setting_id`, `store_id`, `group`, `key`, `value`, `serialized`) VALUES ('1243', '0', 'config', 'config_customer_group_display', 'a:1:{i:0;s:1:"1";}', '1');
INSERT INTO `ocksena_setting` (`setting_id`, `store_id`, `group`, `key`, `value`, `serialized`) VALUES ('1242', '0', 'config', 'config_customer_group_id', '1', '0');
INSERT INTO `ocksena_setting` (`setting_id`, `store_id`, `group`, `key`, `value`, `serialized`) VALUES ('1240', '0', 'config', 'config_tax_customer', 'shipping', '0');
INSERT INTO `ocksena_setting` (`setting_id`, `store_id`, `group`, `key`, `value`, `serialized`) VALUES ('1241', '0', 'config', 'config_customer_online', '0', '0');
INSERT INTO `ocksena_setting` (`setting_id`, `store_id`, `group`, `key`, `value`, `serialized`) VALUES ('1239', '0', 'config', 'config_tax_default', 'shipping', '0');
INSERT INTO `ocksena_setting` (`setting_id`, `store_id`, `group`, `key`, `value`, `serialized`) VALUES ('1238', '0', 'config', 'config_vat', '0', '0');
INSERT INTO `ocksena_setting` (`setting_id`, `store_id`, `group`, `key`, `value`, `serialized`) VALUES ('1237', '0', 'config', 'config_tax', '1', '0');
INSERT INTO `ocksena_setting` (`setting_id`, `store_id`, `group`, `key`, `value`, `serialized`) VALUES ('1236', '0', 'config', 'config_voucher_max', '1000', '0');
INSERT INTO `ocksena_setting` (`setting_id`, `store_id`, `group`, `key`, `value`, `serialized`) VALUES ('1235', '0', 'config', 'config_voucher_min', '1', '0');
INSERT INTO `ocksena_setting` (`setting_id`, `store_id`, `group`, `key`, `value`, `serialized`) VALUES ('1234', '0', 'config', 'config_download', '1', '0');
INSERT INTO `ocksena_setting` (`setting_id`, `store_id`, `group`, `key`, `value`, `serialized`) VALUES ('1233', '0', 'config', 'config_review_status', '1', '0');
INSERT INTO `ocksena_setting` (`setting_id`, `store_id`, `group`, `key`, `value`, `serialized`) VALUES ('1232', '0', 'config', 'config_product_count', '1', '0');
INSERT INTO `ocksena_setting` (`setting_id`, `store_id`, `group`, `key`, `value`, `serialized`) VALUES ('1231', '0', 'config', 'config_admin_limit', '20', '0');
INSERT INTO `ocksena_setting` (`setting_id`, `store_id`, `group`, `key`, `value`, `serialized`) VALUES ('1230', '0', 'config', 'config_catalog_limit', '20', '0');
INSERT INTO `ocksena_setting` (`setting_id`, `store_id`, `group`, `key`, `value`, `serialized`) VALUES ('1229', '0', 'config', 'config_weight_class_id', '1', '0');
INSERT INTO `ocksena_setting` (`setting_id`, `store_id`, `group`, `key`, `value`, `serialized`) VALUES ('1228', '0', 'config', 'config_length_class_id', '1', '0');
INSERT INTO `ocksena_setting` (`setting_id`, `store_id`, `group`, `key`, `value`, `serialized`) VALUES ('1227', '0', 'config', 'config_currency_auto', '1', '0');
INSERT INTO `ocksena_setting` (`setting_id`, `store_id`, `group`, `key`, `value`, `serialized`) VALUES ('1226', '0', 'config', 'config_currency', 'USD', '0');
INSERT INTO `ocksena_setting` (`setting_id`, `store_id`, `group`, `key`, `value`, `serialized`) VALUES ('1225', '0', 'config', 'config_admin_language', 'ru', '0');
INSERT INTO `ocksena_setting` (`setting_id`, `store_id`, `group`, `key`, `value`, `serialized`) VALUES ('1224', '0', 'config', 'config_language', 'en', '0');
INSERT INTO `ocksena_setting` (`setting_id`, `store_id`, `group`, `key`, `value`, `serialized`) VALUES ('1223', '0', 'config', 'config_zone_id', '', '0');
INSERT INTO `ocksena_setting` (`setting_id`, `store_id`, `group`, `key`, `value`, `serialized`) VALUES ('1222', '0', 'config', 'config_country_id', '220', '0');
INSERT INTO `ocksena_setting` (`setting_id`, `store_id`, `group`, `key`, `value`, `serialized`) VALUES ('1220', '0', 'config', 'config_template', 'default', '0');
INSERT INTO `ocksena_setting` (`setting_id`, `store_id`, `group`, `key`, `value`, `serialized`) VALUES ('1221', '0', 'config', 'config_layout_id', '4', '0');
INSERT INTO `ocksena_setting` (`setting_id`, `store_id`, `group`, `key`, `value`, `serialized`) VALUES ('1219', '0', 'config', 'config_meta_description', 'Wedding salon «Ksena»', '0');
INSERT INTO `ocksena_setting` (`setting_id`, `store_id`, `group`, `key`, `value`, `serialized`) VALUES ('1216', '0', 'config', 'config_telephone', '+38(050)1050355', '0');
INSERT INTO `ocksena_setting` (`setting_id`, `store_id`, `group`, `key`, `value`, `serialized`) VALUES ('1217', '0', 'config', 'config_fax', '', '0');
INSERT INTO `ocksena_setting` (`setting_id`, `store_id`, `group`, `key`, `value`, `serialized`) VALUES ('1218', '0', 'config', 'config_title', 'Wedding salon «Ksena»', '0');
INSERT INTO `ocksena_setting` (`setting_id`, `store_id`, `group`, `key`, `value`, `serialized`) VALUES ('1215', '0', 'config', 'config_email', 'ws.ksena@mail.ru', '0');
INSERT INTO `ocksena_setting` (`setting_id`, `store_id`, `group`, `key`, `value`, `serialized`) VALUES ('1214', '0', 'config', 'config_address', 'Chernivtsi, st. Golovna 29', '0');
INSERT INTO `ocksena_setting` (`setting_id`, `store_id`, `group`, `key`, `value`, `serialized`) VALUES ('1213', '0', 'config', 'config_owner', 'Alexi Smith', '0');
INSERT INTO `ocksena_setting` (`setting_id`, `store_id`, `group`, `key`, `value`, `serialized`) VALUES ('1212', '0', 'config', 'config_name', 'Wedding salon «Ksena»', '0');
INSERT INTO `ocksena_setting` (`setting_id`, `store_id`, `group`, `key`, `value`, `serialized`) VALUES ('1307', '0', 'config', 'config_maintenance', '0', '0');
INSERT INTO `ocksena_setting` (`setting_id`, `store_id`, `group`, `key`, `value`, `serialized`) VALUES ('1308', '0', 'config', 'config_password', '1', '0');
INSERT INTO `ocksena_setting` (`setting_id`, `store_id`, `group`, `key`, `value`, `serialized`) VALUES ('1309', '0', 'config', 'config_encryption', '12b8c6e31eb0e6386f840ab5942f34dc', '0');
INSERT INTO `ocksena_setting` (`setting_id`, `store_id`, `group`, `key`, `value`, `serialized`) VALUES ('1310', '0', 'config', 'config_compression', '0', '0');
INSERT INTO `ocksena_setting` (`setting_id`, `store_id`, `group`, `key`, `value`, `serialized`) VALUES ('1311', '0', 'config', 'config_error_display', '1', '0');
INSERT INTO `ocksena_setting` (`setting_id`, `store_id`, `group`, `key`, `value`, `serialized`) VALUES ('1312', '0', 'config', 'config_error_log', '1', '0');
INSERT INTO `ocksena_setting` (`setting_id`, `store_id`, `group`, `key`, `value`, `serialized`) VALUES ('1313', '0', 'config', 'config_error_filename', 'error.txt', '0');
INSERT INTO `ocksena_setting` (`setting_id`, `store_id`, `group`, `key`, `value`, `serialized`) VALUES ('1314', '0', 'config', 'config_google_analytics', '', '0');


TRUNCATE TABLE `ocksena_stock_status`;

INSERT INTO `ocksena_stock_status` (`stock_status_id`, `language_id`, `name`) VALUES ('7', '1', 'In Stock');
INSERT INTO `ocksena_stock_status` (`stock_status_id`, `language_id`, `name`) VALUES ('8', '1', 'Pre-Order');
INSERT INTO `ocksena_stock_status` (`stock_status_id`, `language_id`, `name`) VALUES ('5', '1', 'Out Of Stock');
INSERT INTO `ocksena_stock_status` (`stock_status_id`, `language_id`, `name`) VALUES ('6', '1', '2 - 3 Days');
INSERT INTO `ocksena_stock_status` (`stock_status_id`, `language_id`, `name`) VALUES ('7', '2', 'In Stock');
INSERT INTO `ocksena_stock_status` (`stock_status_id`, `language_id`, `name`) VALUES ('8', '2', 'Pre-Order');
INSERT INTO `ocksena_stock_status` (`stock_status_id`, `language_id`, `name`) VALUES ('5', '2', 'Out Of Stock');
INSERT INTO `ocksena_stock_status` (`stock_status_id`, `language_id`, `name`) VALUES ('6', '2', '2 - 3 Days');
INSERT INTO `ocksena_stock_status` (`stock_status_id`, `language_id`, `name`) VALUES ('7', '3', 'In Stock');
INSERT INTO `ocksena_stock_status` (`stock_status_id`, `language_id`, `name`) VALUES ('8', '3', 'Pre-Order');
INSERT INTO `ocksena_stock_status` (`stock_status_id`, `language_id`, `name`) VALUES ('5', '3', 'Out Of Stock');
INSERT INTO `ocksena_stock_status` (`stock_status_id`, `language_id`, `name`) VALUES ('6', '3', '2 - 3 Days');
INSERT INTO `ocksena_stock_status` (`stock_status_id`, `language_id`, `name`) VALUES ('7', '4', 'In Stock');
INSERT INTO `ocksena_stock_status` (`stock_status_id`, `language_id`, `name`) VALUES ('8', '4', 'Pre-Order');
INSERT INTO `ocksena_stock_status` (`stock_status_id`, `language_id`, `name`) VALUES ('5', '4', 'Out Of Stock');
INSERT INTO `ocksena_stock_status` (`stock_status_id`, `language_id`, `name`) VALUES ('6', '4', '2 - 3 Days');


TRUNCATE TABLE `ocksena_store`;



TRUNCATE TABLE `ocksena_tax_class`;

INSERT INTO `ocksena_tax_class` (`tax_class_id`, `title`, `description`, `date_added`, `date_modified`) VALUES ('9', 'Taxable Goods', 'Taxed Stuff', '2009-01-06 23:21:53', '2011-09-23 14:07:50');
INSERT INTO `ocksena_tax_class` (`tax_class_id`, `title`, `description`, `date_added`, `date_modified`) VALUES ('10', 'Downloadable Products', 'Downloadable', '2011-09-21 22:19:39', '2011-09-22 10:27:36');


TRUNCATE TABLE `ocksena_tax_rate`;

INSERT INTO `ocksena_tax_rate` (`tax_rate_id`, `geo_zone_id`, `name`, `rate`, `type`, `date_added`, `date_modified`) VALUES ('86', '3', 'VAT (17.5%)', '17.5000', 'P', '2011-03-09 21:17:10', '2011-09-22 22:24:29');
INSERT INTO `ocksena_tax_rate` (`tax_rate_id`, `geo_zone_id`, `name`, `rate`, `type`, `date_added`, `date_modified`) VALUES ('87', '3', 'Eco Tax (-2.00)', '2.0000', 'F', '2011-09-21 21:49:23', '2011-09-23 00:40:19');


TRUNCATE TABLE `ocksena_tax_rate_to_customer_group`;

INSERT INTO `ocksena_tax_rate_to_customer_group` (`tax_rate_id`, `customer_group_id`) VALUES ('86', '1');
INSERT INTO `ocksena_tax_rate_to_customer_group` (`tax_rate_id`, `customer_group_id`) VALUES ('87', '1');


TRUNCATE TABLE `ocksena_tax_rule`;

INSERT INTO `ocksena_tax_rule` (`tax_rule_id`, `tax_class_id`, `tax_rate_id`, `based`, `priority`) VALUES ('121', '10', '86', 'payment', '1');
INSERT INTO `ocksena_tax_rule` (`tax_rule_id`, `tax_class_id`, `tax_rate_id`, `based`, `priority`) VALUES ('120', '10', '87', 'store', '0');
INSERT INTO `ocksena_tax_rule` (`tax_rule_id`, `tax_class_id`, `tax_rate_id`, `based`, `priority`) VALUES ('128', '9', '86', 'shipping', '1');
INSERT INTO `ocksena_tax_rule` (`tax_rule_id`, `tax_class_id`, `tax_rate_id`, `based`, `priority`) VALUES ('127', '9', '87', 'shipping', '2');


TRUNCATE TABLE `ocksena_url_alias`;

INSERT INTO `ocksena_url_alias` (`url_alias_id`, `query`, `keyword`) VALUES ('730', 'manufacturer_id=8', 'apple');
INSERT INTO `ocksena_url_alias` (`url_alias_id`, `query`, `keyword`) VALUES ('791', 'information_id=4', 'about_us');


TRUNCATE TABLE `ocksena_user`;

INSERT INTO `ocksena_user` (`user_id`, `user_group_id`, `username`, `password`, `salt`, `firstname`, `lastname`, `email`, `code`, `ip`, `status`, `date_added`) VALUES ('1', '1', 'admin', 'e7cf416b791b6046faae0b67fde873ad04b39679', '80f1556ff', '', '', 'admin@admin.ad', '', '195.200.244.108', '1', '2016-09-29 15:03:12');


TRUNCATE TABLE `ocksena_user_group`;

INSERT INTO `ocksena_user_group` (`user_group_id`, `name`, `permission`) VALUES ('1', 'Top Administrator', 'a:2:{s:6:"access";a:148:{i:0;s:17:"catalog/attribute";i:1;s:23:"catalog/attribute_group";i:2;s:16:"catalog/category";i:3;s:16:"catalog/download";i:4;s:14:"catalog/filter";i:5;s:19:"catalog/information";i:6;s:20:"catalog/manufacturer";i:7;s:14:"catalog/option";i:8;s:15:"catalog/product";i:9;s:15:"catalog/profile";i:10;s:14:"catalog/review";i:11;s:18:"common/filemanager";i:12;s:13:"design/banner";i:13;s:19:"design/custom_field";i:14;s:13:"design/layout";i:15;s:14:"extension/feed";i:16;s:17:"extension/manager";i:17;s:16:"extension/module";i:18;s:17:"extension/openbay";i:19;s:17:"extension/payment";i:20;s:18:"extension/shipping";i:21;s:15:"extension/total";i:22;s:16:"feed/google_base";i:23;s:19:"feed/google_sitemap";i:24;s:20:"localisation/country";i:25;s:21:"localisation/currency";i:26;s:21:"localisation/geo_zone";i:27;s:21:"localisation/language";i:28;s:25:"localisation/length_class";i:29;s:25:"localisation/order_status";i:30;s:26:"localisation/return_action";i:31;s:26:"localisation/return_reason";i:32;s:26:"localisation/return_status";i:33;s:25:"localisation/stock_status";i:34;s:22:"localisation/tax_class";i:35;s:21:"localisation/tax_rate";i:36;s:25:"localisation/weight_class";i:37;s:17:"localisation/zone";i:38;s:14:"module/account";i:39;s:16:"module/affiliate";i:40;s:29:"module/amazon_checkout_layout";i:41;s:13:"module/banner";i:42;s:17:"module/bestseller";i:43;s:15:"module/carousel";i:44;s:15:"module/category";i:45;s:18:"module/ebaydisplay";i:46;s:15:"module/featured";i:47;s:13:"module/filter";i:48;s:18:"module/google_talk";i:49;s:18:"module/information";i:50;s:13:"module/latest";i:51;s:17:"module/openbaypro";i:52;s:16:"module/pp_layout";i:53;s:16:"module/slideshow";i:54;s:14:"module/special";i:55;s:12:"module/store";i:56;s:14:"module/welcome";i:57;s:14:"openbay/amazon";i:58;s:22:"openbay/amazon_listing";i:59;s:22:"openbay/amazon_product";i:60;s:16:"openbay/amazonus";i:61;s:24:"openbay/amazonus_listing";i:62;s:24:"openbay/amazonus_product";i:63;s:20:"openbay/ebay_profile";i:64;s:21:"openbay/ebay_template";i:65;s:15:"openbay/openbay";i:66;s:23:"payment/amazon_checkout";i:67;s:24:"payment/authorizenet_aim";i:68;s:21:"payment/bank_transfer";i:69;s:14:"payment/cheque";i:70;s:11:"payment/cod";i:71;s:21:"payment/free_checkout";i:72;s:22:"payment/klarna_account";i:73;s:22:"payment/klarna_invoice";i:74;s:14:"payment/liqpay";i:75;s:20:"payment/moneybookers";i:76;s:14:"payment/nochex";i:77;s:15:"payment/paymate";i:78;s:16:"payment/paypoint";i:79;s:13:"payment/payza";i:80;s:26:"payment/perpetual_payments";i:81;s:18:"payment/pp_express";i:82;s:25:"payment/pp_payflow_iframe";i:83;s:14:"payment/pp_pro";i:84;s:21:"payment/pp_pro_iframe";i:85;s:17:"payment/pp_pro_pf";i:86;s:17:"payment/pp_pro_uk";i:87;s:19:"payment/pp_standard";i:88;s:15:"payment/sagepay";i:89;s:22:"payment/sagepay_direct";i:90;s:18:"payment/sagepay_us";i:91;s:19:"payment/twocheckout";i:92;s:28:"payment/web_payment_software";i:93;s:16:"payment/worldpay";i:94;s:27:"report/affiliate_commission";i:95;s:22:"report/customer_credit";i:96;s:22:"report/customer_online";i:97;s:21:"report/customer_order";i:98;s:22:"report/customer_reward";i:99;s:24:"report/product_purchased";i:100;s:21:"report/product_viewed";i:101;s:18:"report/sale_coupon";i:102;s:17:"report/sale_order";i:103;s:18:"report/sale_return";i:104;s:20:"report/sale_shipping";i:105;s:15:"report/sale_tax";i:106;s:14:"sale/affiliate";i:107;s:12:"sale/contact";i:108;s:11:"sale/coupon";i:109;s:13:"sale/customer";i:110;s:20:"sale/customer_ban_ip";i:111;s:19:"sale/customer_group";i:112;s:10:"sale/order";i:113;s:14:"sale/recurring";i:114;s:11:"sale/return";i:115;s:12:"sale/voucher";i:116;s:18:"sale/voucher_theme";i:117;s:15:"setting/setting";i:118;s:13:"setting/store";i:119;s:16:"shipping/auspost";i:120;s:17:"shipping/citylink";i:121;s:14:"shipping/fedex";i:122;s:13:"shipping/flat";i:123;s:13:"shipping/free";i:124;s:13:"shipping/item";i:125;s:23:"shipping/parcelforce_48";i:126;s:15:"shipping/pickup";i:127;s:19:"shipping/royal_mail";i:128;s:12:"shipping/ups";i:129;s:13:"shipping/usps";i:130;s:15:"shipping/weight";i:131;s:11:"tool/backup";i:132;s:14:"tool/error_log";i:133;s:12:"total/coupon";i:134;s:12:"total/credit";i:135;s:14:"total/handling";i:136;s:16:"total/klarna_fee";i:137;s:19:"total/low_order_fee";i:138;s:12:"total/reward";i:139;s:14:"total/shipping";i:140;s:15:"total/sub_total";i:141;s:9:"total/tax";i:142;s:11:"total/total";i:143;s:13:"total/voucher";i:144;s:9:"user/user";i:145;s:20:"user/user_permission";i:146;s:14:"module/myModul";i:147;s:14:"module/welcome";}s:6:"modify";a:148:{i:0;s:17:"catalog/attribute";i:1;s:23:"catalog/attribute_group";i:2;s:16:"catalog/category";i:3;s:16:"catalog/download";i:4;s:14:"catalog/filter";i:5;s:19:"catalog/information";i:6;s:20:"catalog/manufacturer";i:7;s:14:"catalog/option";i:8;s:15:"catalog/product";i:9;s:15:"catalog/profile";i:10;s:14:"catalog/review";i:11;s:18:"common/filemanager";i:12;s:13:"design/banner";i:13;s:19:"design/custom_field";i:14;s:13:"design/layout";i:15;s:14:"extension/feed";i:16;s:17:"extension/manager";i:17;s:16:"extension/module";i:18;s:17:"extension/openbay";i:19;s:17:"extension/payment";i:20;s:18:"extension/shipping";i:21;s:15:"extension/total";i:22;s:16:"feed/google_base";i:23;s:19:"feed/google_sitemap";i:24;s:20:"localisation/country";i:25;s:21:"localisation/currency";i:26;s:21:"localisation/geo_zone";i:27;s:21:"localisation/language";i:28;s:25:"localisation/length_class";i:29;s:25:"localisation/order_status";i:30;s:26:"localisation/return_action";i:31;s:26:"localisation/return_reason";i:32;s:26:"localisation/return_status";i:33;s:25:"localisation/stock_status";i:34;s:22:"localisation/tax_class";i:35;s:21:"localisation/tax_rate";i:36;s:25:"localisation/weight_class";i:37;s:17:"localisation/zone";i:38;s:14:"module/account";i:39;s:16:"module/affiliate";i:40;s:29:"module/amazon_checkout_layout";i:41;s:13:"module/banner";i:42;s:17:"module/bestseller";i:43;s:15:"module/carousel";i:44;s:15:"module/category";i:45;s:18:"module/ebaydisplay";i:46;s:15:"module/featured";i:47;s:13:"module/filter";i:48;s:18:"module/google_talk";i:49;s:18:"module/information";i:50;s:13:"module/latest";i:51;s:17:"module/openbaypro";i:52;s:16:"module/pp_layout";i:53;s:16:"module/slideshow";i:54;s:14:"module/special";i:55;s:12:"module/store";i:56;s:14:"module/welcome";i:57;s:14:"openbay/amazon";i:58;s:22:"openbay/amazon_listing";i:59;s:22:"openbay/amazon_product";i:60;s:16:"openbay/amazonus";i:61;s:24:"openbay/amazonus_listing";i:62;s:24:"openbay/amazonus_product";i:63;s:20:"openbay/ebay_profile";i:64;s:21:"openbay/ebay_template";i:65;s:15:"openbay/openbay";i:66;s:23:"payment/amazon_checkout";i:67;s:24:"payment/authorizenet_aim";i:68;s:21:"payment/bank_transfer";i:69;s:14:"payment/cheque";i:70;s:11:"payment/cod";i:71;s:21:"payment/free_checkout";i:72;s:22:"payment/klarna_account";i:73;s:22:"payment/klarna_invoice";i:74;s:14:"payment/liqpay";i:75;s:20:"payment/moneybookers";i:76;s:14:"payment/nochex";i:77;s:15:"payment/paymate";i:78;s:16:"payment/paypoint";i:79;s:13:"payment/payza";i:80;s:26:"payment/perpetual_payments";i:81;s:18:"payment/pp_express";i:82;s:25:"payment/pp_payflow_iframe";i:83;s:14:"payment/pp_pro";i:84;s:21:"payment/pp_pro_iframe";i:85;s:17:"payment/pp_pro_pf";i:86;s:17:"payment/pp_pro_uk";i:87;s:19:"payment/pp_standard";i:88;s:15:"payment/sagepay";i:89;s:22:"payment/sagepay_direct";i:90;s:18:"payment/sagepay_us";i:91;s:19:"payment/twocheckout";i:92;s:28:"payment/web_payment_software";i:93;s:16:"payment/worldpay";i:94;s:27:"report/affiliate_commission";i:95;s:22:"report/customer_credit";i:96;s:22:"report/customer_online";i:97;s:21:"report/customer_order";i:98;s:22:"report/customer_reward";i:99;s:24:"report/product_purchased";i:100;s:21:"report/product_viewed";i:101;s:18:"report/sale_coupon";i:102;s:17:"report/sale_order";i:103;s:18:"report/sale_return";i:104;s:20:"report/sale_shipping";i:105;s:15:"report/sale_tax";i:106;s:14:"sale/affiliate";i:107;s:12:"sale/contact";i:108;s:11:"sale/coupon";i:109;s:13:"sale/customer";i:110;s:20:"sale/customer_ban_ip";i:111;s:19:"sale/customer_group";i:112;s:10:"sale/order";i:113;s:14:"sale/recurring";i:114;s:11:"sale/return";i:115;s:12:"sale/voucher";i:116;s:18:"sale/voucher_theme";i:117;s:15:"setting/setting";i:118;s:13:"setting/store";i:119;s:16:"shipping/auspost";i:120;s:17:"shipping/citylink";i:121;s:14:"shipping/fedex";i:122;s:13:"shipping/flat";i:123;s:13:"shipping/free";i:124;s:13:"shipping/item";i:125;s:23:"shipping/parcelforce_48";i:126;s:15:"shipping/pickup";i:127;s:19:"shipping/royal_mail";i:128;s:12:"shipping/ups";i:129;s:13:"shipping/usps";i:130;s:15:"shipping/weight";i:131;s:11:"tool/backup";i:132;s:14:"tool/error_log";i:133;s:12:"total/coupon";i:134;s:12:"total/credit";i:135;s:14:"total/handling";i:136;s:16:"total/klarna_fee";i:137;s:19:"total/low_order_fee";i:138;s:12:"total/reward";i:139;s:14:"total/shipping";i:140;s:15:"total/sub_total";i:141;s:9:"total/tax";i:142;s:11:"total/total";i:143;s:13:"total/voucher";i:144;s:9:"user/user";i:145;s:20:"user/user_permission";i:146;s:14:"module/myModul";i:147;s:14:"module/welcome";}}');
INSERT INTO `ocksena_user_group` (`user_group_id`, `name`, `permission`) VALUES ('10', 'Demonstration', '');


TRUNCATE TABLE `ocksena_voucher`;



TRUNCATE TABLE `ocksena_voucher_history`;



TRUNCATE TABLE `ocksena_voucher_theme`;

INSERT INTO `ocksena_voucher_theme` (`voucher_theme_id`, `image`) VALUES ('8', 'data/demo/canon_eos_5d_2.jpg');
INSERT INTO `ocksena_voucher_theme` (`voucher_theme_id`, `image`) VALUES ('7', 'data/demo/gift-voucher-birthday.jpg');
INSERT INTO `ocksena_voucher_theme` (`voucher_theme_id`, `image`) VALUES ('6', 'data/demo/apple_logo.jpg');


TRUNCATE TABLE `ocksena_voucher_theme_description`;

INSERT INTO `ocksena_voucher_theme_description` (`voucher_theme_id`, `language_id`, `name`) VALUES ('6', '1', 'Christmas');
INSERT INTO `ocksena_voucher_theme_description` (`voucher_theme_id`, `language_id`, `name`) VALUES ('7', '1', 'Birthday');
INSERT INTO `ocksena_voucher_theme_description` (`voucher_theme_id`, `language_id`, `name`) VALUES ('8', '1', 'General');
INSERT INTO `ocksena_voucher_theme_description` (`voucher_theme_id`, `language_id`, `name`) VALUES ('6', '2', 'Christmas');
INSERT INTO `ocksena_voucher_theme_description` (`voucher_theme_id`, `language_id`, `name`) VALUES ('7', '2', 'Birthday');
INSERT INTO `ocksena_voucher_theme_description` (`voucher_theme_id`, `language_id`, `name`) VALUES ('8', '2', 'General');
INSERT INTO `ocksena_voucher_theme_description` (`voucher_theme_id`, `language_id`, `name`) VALUES ('6', '3', 'Christmas');
INSERT INTO `ocksena_voucher_theme_description` (`voucher_theme_id`, `language_id`, `name`) VALUES ('7', '3', 'Birthday');
INSERT INTO `ocksena_voucher_theme_description` (`voucher_theme_id`, `language_id`, `name`) VALUES ('8', '3', 'General');
INSERT INTO `ocksena_voucher_theme_description` (`voucher_theme_id`, `language_id`, `name`) VALUES ('6', '4', 'Christmas');
INSERT INTO `ocksena_voucher_theme_description` (`voucher_theme_id`, `language_id`, `name`) VALUES ('7', '4', 'Birthday');
INSERT INTO `ocksena_voucher_theme_description` (`voucher_theme_id`, `language_id`, `name`) VALUES ('8', '4', 'General');


TRUNCATE TABLE `ocksena_weight_class`;

INSERT INTO `ocksena_weight_class` (`weight_class_id`, `value`) VALUES ('1', '1.00000000');
INSERT INTO `ocksena_weight_class` (`weight_class_id`, `value`) VALUES ('2', '1000.00000000');
INSERT INTO `ocksena_weight_class` (`weight_class_id`, `value`) VALUES ('5', '2.20460000');
INSERT INTO `ocksena_weight_class` (`weight_class_id`, `value`) VALUES ('6', '35.27400000');


TRUNCATE TABLE `ocksena_weight_class_description`;

INSERT INTO `ocksena_weight_class_description` (`weight_class_id`, `language_id`, `title`, `unit`) VALUES ('1', '1', 'Kilogram', 'kg');
INSERT INTO `ocksena_weight_class_description` (`weight_class_id`, `language_id`, `title`, `unit`) VALUES ('2', '1', 'Gram', 'g');
INSERT INTO `ocksena_weight_class_description` (`weight_class_id`, `language_id`, `title`, `unit`) VALUES ('5', '1', 'Pound ', 'lb');
INSERT INTO `ocksena_weight_class_description` (`weight_class_id`, `language_id`, `title`, `unit`) VALUES ('6', '1', 'Ounce', 'oz');
INSERT INTO `ocksena_weight_class_description` (`weight_class_id`, `language_id`, `title`, `unit`) VALUES ('1', '2', 'Kilogram', 'kg');
INSERT INTO `ocksena_weight_class_description` (`weight_class_id`, `language_id`, `title`, `unit`) VALUES ('2', '2', 'Gram', 'g');
INSERT INTO `ocksena_weight_class_description` (`weight_class_id`, `language_id`, `title`, `unit`) VALUES ('5', '2', 'Pound ', 'lb');
INSERT INTO `ocksena_weight_class_description` (`weight_class_id`, `language_id`, `title`, `unit`) VALUES ('6', '2', 'Ounce', 'oz');
INSERT INTO `ocksena_weight_class_description` (`weight_class_id`, `language_id`, `title`, `unit`) VALUES ('1', '3', 'Kilogram', 'kg');
INSERT INTO `ocksena_weight_class_description` (`weight_class_id`, `language_id`, `title`, `unit`) VALUES ('2', '3', 'Gram', 'g');
INSERT INTO `ocksena_weight_class_description` (`weight_class_id`, `language_id`, `title`, `unit`) VALUES ('5', '3', 'Pound ', 'lb');
INSERT INTO `ocksena_weight_class_description` (`weight_class_id`, `language_id`, `title`, `unit`) VALUES ('6', '3', 'Ounce', 'oz');
INSERT INTO `ocksena_weight_class_description` (`weight_class_id`, `language_id`, `title`, `unit`) VALUES ('1', '4', 'Kilogram', 'kg');
INSERT INTO `ocksena_weight_class_description` (`weight_class_id`, `language_id`, `title`, `unit`) VALUES ('2', '4', 'Gram', 'g');
INSERT INTO `ocksena_weight_class_description` (`weight_class_id`, `language_id`, `title`, `unit`) VALUES ('5', '4', 'Pound ', 'lb');
INSERT INTO `ocksena_weight_class_description` (`weight_class_id`, `language_id`, `title`, `unit`) VALUES ('6', '4', 'Ounce', 'oz');


TRUNCATE TABLE `ocksena_zone`;

INSERT INTO `ocksena_zone` (`zone_id`, `country_id`, `name`, `code`, `status`) VALUES ('1', '1', 'Badakhshan', 'BDS', '1');
INSERT INTO `ocksena_zone` (`zone_id`, `country_id`, `name`, `code`, `status`) VALUES ('2', '1', 'Badghis', 'BDG', '1');
INSERT INTO `ocksena_zone` (`zone_id`, `country_id`, `name`, `code`, `status`) VALUES ('3', '1', 'Baghlan', 'BGL', '1');
INSERT INTO `ocksena_zone` (`zone_id`, `country_id`, `name`, `code`, `status`) VALUES ('4', '1', 'Balkh', 'BAL', '1');
INSERT INTO `ocksena_zone` (`zone_id`, `country_id`, `name`, `code`, `status`) VALUES ('5', '1', 'Bamian', 'BAM', '1');
INSERT INTO `ocksena_zone` (`zone_id`, `country_id`, `name`, `code`, `status`) VALUES ('6', '1', 'Farah', 'FRA', '1');
INSERT INTO `ocksena_zone` (`zone_id`, `country_id`, `name`, `code`, `status`) VALUES ('7', '1', 'Faryab', 'FYB', '1');
INSERT INTO `ocksena_zone` (`zone_id`, `country_id`, `name`, `code`, `status`) VALUES ('8', '1', 'Ghazni', 'GHA', '1');
INSERT INTO `ocksena_zone` (`zone_id`, `country_id`, `name`, `code`, `status`) VALUES ('9', '1', 'Ghowr', 'GHO', '1');
INSERT INTO `ocksena_zone` (`zone_id`, `country_id`, `name`, `code`, `status`) VALUES ('10', '1', 'Helmand', 'HEL', '1');
INSERT INTO `ocksena_zone` (`zone_id`, `country_id`, `name`, `code`, `status`) VALUES ('11', '1', 'Herat', 'HER', '1');
INSERT INTO `ocksena_zone` (`zone_id`, `country_id`, `name`, `code`, `status`) VALUES ('12', '1', 'Jowzjan', 'JOW', '1');
INSERT INTO `ocksena_zone` (`zone_id`, `country_id`, `name`, `code`, `status`) VALUES ('13', '1', 'Kabul', 'KAB', '1');
INSERT INTO `ocksena_zone` (`zone_id`, `country_id`, `name`, `code`, `status`) VALUES ('14', '1', 'Kandahar', 'KAN', '1');
INSERT INTO `ocksena_zone` (`zone_id`, `country_id`, `name`, `code`, `status`) VALUES ('15', '1', 'Kapisa', 'KAP', '1');
INSERT INTO `ocksena_zone` (`zone_id`, `country_id`, `name`, `code`, `status`) VALUES ('16', '1', 'Khost', 'KHO', '1');
INSERT INTO `ocksena_zone` (`zone_id`, `country_id`, `name`, `code`, `status`) VALUES ('17', '1', 'Konar', 'KNR', '1');
INSERT INTO `ocksena_zone` (`zone_id`, `country_id`, `name`, `code`, `status`) VALUES ('18', '1', 'Kondoz', 'KDZ', '1');
INSERT INTO `ocksena_zone` (`zone_id`, `country_id`, `name`, `code`, `status`) VALUES ('19', '1', 'Laghman', 'LAG', '1');
INSERT INTO `ocksena_zone` (`zone_id`, `country_id`, `name`, `code`, `status`) VALUES ('20', '1', 'Lowgar', 'LOW', '1');
INSERT INTO `ocksena_zone` (`zone_id`, `country_id`, `name`, `code`, `status`) VALUES ('21', '1', 'Nangrahar', 'NAN', '1');
INSERT INTO `ocksena_zone` (`zone_id`, `country_id`, `name`, `code`, `status`) VALUES ('22', '1', 'Nimruz', 'NIM', '1');
INSERT INTO `ocksena_zone` (`zone_id`, `country_id`, `name`, `code`, `status`) VALUES ('23', '1', 'Nurestan', 'NUR', '1');
INSERT INTO `ocksena_zone` (`zone_id`, `country_id`, `name`, `code`, `status`) VALUES ('24', '1', 'Oruzgan', 'ORU', '1');
INSERT INTO `ocksena_zone` (`zone_id`, `country_id`, `name`, `code`, `status`) VALUES ('25', '1', 'Paktia', 'PIA', '1');
INSERT INTO `ocksena_zone` (`zone_id`, `country_id`, `name`, `code`, `status`) VALUES ('26', '1', 'Paktika', 'PKA', '1');
INSERT INTO `ocksena_zone` (`zone_id`, `country_id`, `name`, `code`, `status`) VALUES ('27', '1', 'Parwan', 'PAR', '1');
INSERT INTO `ocksena_zone` (`zone_id`, `country_id`, `name`, `code`, `status`) VALUES ('28', '1', 'Samangan', 'SAM', '1');
INSERT INTO `ocksena_zone` (`zone_id`, `country_id`, `name`, `code`, `status`) VALUES ('29', '1', 'Sar-e Pol', 'SAR', '1');
INSERT INTO `ocksena_zone` (`zone_id`, `country_id`, `name`, `code`, `status`) VALUES ('30', '1', 'Takhar', 'TAK', '1');
INSERT INTO `ocksena_zone` (`zone_id`, `country_id`, `name`, `code`, `status`) VALUES ('31', '1', 'Wardak', 'WAR', '1');
INSERT INTO `ocksena_zone` (`zone_id`, `country_id`, `name`, `code`, `status`) VALUES ('32', '1', 'Zabol', 'ZAB', '1');
INSERT INTO `ocksena_zone` (`zone_id`, `country_id`, `name`, `code`, `status`) VALUES ('33', '2', 'Berat', 'BR', '1');
INSERT INTO `ocksena_zone` (`zone_id`, `country_id`, `name`, `code`, `status`) VALUES ('34', '2', 'Bulqize', 'BU', '1');
INSERT INTO `ocksena_zone` (`zone_id`, `country_id`, `name`, `code`, `status`) VALUES ('35', '2', 'Delvine', 'DL', '1');
INSERT INTO `ocksena_zone` (`zone_id`, `country_id`, `name`, `code`, `status`) VALUES ('36', '2', 'Devoll', 'DV', '1');
INSERT INTO `ocksena_zone` (`zone_id`, `country_id`, `name`, `code`, `status`) VALUES ('37', '2', 'Diber', 'DI', '1');
INSERT INTO `ocksena_zone` (`zone_id`, `country_id`, `name`, `code`, `status`) VALUES ('38', '2', 'Durres', 'DR', '1');
INSERT INTO `ocksena_zone` (`zone_id`, `country_id`, `name`, `code`, `status`) VALUES ('39', '2', 'Elbasan', 'EL', '1');
INSERT INTO `ocksena_zone` (`zone_id`, `country_id`, `name`, `code`, `status`) VALUES ('40', '2', 'Kolonje', 'ER', '1');
INSERT INTO `ocksena_zone` (`zone_id`, `country_id`, `name`, `code`, `status`) VALUES ('41', '2', 'Fier', 'FR', '1');
INSERT INTO `ocksena_zone` (`zone_id`, `country_id`, `name`, `code`, `status`) VALUES ('42', '2', 'Gjirokaster', 'GJ', '1');
INSERT INTO `ocksena_zone` (`zone_id`, `country_id`, `name`, `code`, `status`) VALUES ('43', '2', 'Gramsh', 'GR', '1');
INSERT INTO `ocksena_zone` (`zone_id`, `country_id`, `name`, `code`, `status`) VALUES ('44', '2', 'Has', 'HA', '1');
INSERT INTO `ocksena_zone` (`zone_id`, `country_id`, `name`, `code`, `status`) VALUES ('45', '2', 'Kavaje', 'KA', '1');
INSERT INTO `ocksena_zone` (`zone_id`, `country_id`, `name`, `code`, `status`) VALUES ('46', '2', 'Kurbin', 'KB', '1');
INSERT INTO `ocksena_zone` (`zone_id`, `country_id`, `name`, `code`, `status`) VALUES ('47', '2', 'Kucove', 'KC', '1');
INSERT INTO `ocksena_zone` (`zone_id`, `country_id`, `name`, `code`, `status`) VALUES ('48', '2', 'Korce', 'KO', '1');
INSERT INTO `ocksena_zone` (`zone_id`, `country_id`, `name`, `code`, `status`) VALUES ('49', '2', 'Kruje', 'KR', '1');
INSERT INTO `ocksena_zone` (`zone_id`, `country_id`, `name`, `code`, `status`) VALUES ('50', '2', 'Kukes', 'KU', '1');
INSERT INTO `ocksena_zone` (`zone_id`, `country_id`, `name`, `code`, `status`) VALUES ('51', '2', 'Librazhd', 'LB', '1');
INSERT INTO `ocksena_zone` (`zone_id`, `country_id`, `name`, `code`, `status`) VALUES ('52', '2', 'Lezhe', 'LE', '1');
INSERT INTO `ocksena_zone` (`zone_id`, `country_id`, `name`, `code`, `status`) VALUES ('53', '2', 'Lushnje', 'LU', '1');
INSERT INTO `ocksena_zone` (`zone_id`, `country_id`, `name`, `code`, `status`) VALUES ('54', '2', 'Malesi e Madhe', 'MM', '1');
INSERT INTO `ocksena_zone` (`zone_id`, `country_id`, `name`, `code`, `status`) VALUES ('55', '2', 'Mallakaster', 'MK', '1');
INSERT INTO `ocksena_zone` (`zone_id`, `country_id`, `name`, `code`, `status`) VALUES ('56', '2', 'Mat', 'MT', '1');
INSERT INTO `ocksena_zone` (`zone_id`, `country_id`, `name`, `code`, `status`) VALUES ('57', '2', 'Mirdite', 'MR', '1');
INSERT INTO `ocksena_zone` (`zone_id`, `country_id`, `name`, `code`, `status`) VALUES ('58', '2', 'Peqin', 'PQ', '1');
INSERT INTO `ocksena_zone` (`zone_id`, `country_id`, `name`, `code`, `status`) VALUES ('59', '2', 'Permet', 'PR', '1');
INSERT INTO `ocksena_zone` (`zone_id`, `country_id`, `name`, `code`, `status`) VALUES ('60', '2', 'Pogradec', 'PG', '1');
INSERT INTO `ocksena_zone` (`zone_id`, `country_id`, `name`, `code`, `status`) VALUES ('61', '2', 'Puke', 'PU', '1');
INSERT INTO `ocksena_zone` (`zone_id`, `country_id`, `name`, `code`, `status`) VALUES ('62', '2', 'Shkoder', 'SH', '1');
INSERT INTO `ocksena_zone` (`zone_id`, `country_id`, `name`, `code`, `status`) VALUES ('63', '2', 'Skrapar', 'SK', '1');
INSERT INTO `ocksena_zone` (`zone_id`, `country_id`, `name`, `code`, `status`) VALUES ('64', '2', 'Sarande', 'SR', '1');
INSERT INTO `ocksena_zone` (`zone_id`, `country_id`, `name`, `code`, `status`) VALUES ('65', '2', 'Tepelene', 'TE', '1');
INSERT INTO `ocksena_zone` (`zone_id`, `country_id`, `name`, `code`, `status`) VALUES ('66', '2', 'Tropoje', 'TP', '1');
INSERT INTO `ocksena_zone` (`zone_id`, `country_id`, `name`, `code`, `status`) VALUES ('67', '2', 'Tirane', 'TR', '1');
INSERT INTO `ocksena_zone` (`zone_id`, `country_id`, `name`, `code`, `status`) VALUES ('68', '2', 'Vlore', 'VL', '1');
INSERT INTO `ocksena_zone` (`zone_id`, `country_id`, `name`, `code`, `status`) VALUES ('69', '3', 'Adrar', 'ADR', '1');
INSERT INTO `ocksena_zone` (`zone_id`, `country_id`, `name`, `code`, `status`) VALUES ('70', '3', 'Ain Defla', 'ADE', '1');
INSERT INTO `ocksena_zone` (`zone_id`, `country_id`, `name`, `code`, `status`) VALUES ('71', '3', 'Ain Temouchent', 'ATE', '1');
INSERT INTO `ocksena_zone` (`zone_id`, `country_id`, `name`, `code`, `status`) VALUES ('72', '3', 'Alger', 'ALG', '1');
INSERT INTO `ocksena_zone` (`zone_id`, `country_id`, `name`, `code`, `status`) VALUES ('73', '3', 'Annaba', 'ANN', '1');
INSERT INTO `ocksena_zone` (`zone_id`, `country_id`, `name`, `code`, `status`) VALUES ('74', '3', 'Batna', 'BAT', '1');
INSERT INTO `ocksena_zone` (`zone_id`, `country_id`, `name`, `code`, `status`) VALUES ('75', '3', 'Bechar', 'BEC', '1');
INSERT INTO `ocksena_zone` (`zone_id`, `country_id`, `name`, `code`, `status`) VALUES ('76', '3', 'Bejaia', 'BEJ', '1');
INSERT INTO `ocksena_zone` (`zone_id`, `country_id`, `name`, `code`, `status`) VALUES ('77', '3', 'Biskra', 'BIS', '1');
INSERT INTO `ocksena_zone` (`zone_id`, `country_id`, `name`, `code`, `status`) VALUES ('78', '3', 'Blida', 'BLI', '1');
INSERT INTO `ocksena_zone` (`zone_id`, `country_id`, `name`, `code`, `status`) VALUES ('79', '3', 'Bordj Bou Arreridj', 'BBA', '1');
INSERT INTO `ocksena_zone` (`zone_id`, `country_id`, `name`, `code`, `status`) VALUES ('80', '3', 'Bouira', 'BOA', '1');
INSERT INTO `ocksena_zone` (`zone_id`, `country_id`, `name`, `code`, `status`) VALUES ('81', '3', 'Boumerdes', 'BMD', '1');
INSERT INTO `ocksena_zone` (`zone_id`, `country_id`, `name`, `code`, `status`) VALUES ('82', '3', 'Chlef', 'CHL', '1');
INSERT INTO `ocksena_zone` (`zone_id`, `country_id`, `name`, `code`, `status`) VALUES ('83', '3', 'Constantine', 'CON', '1');
INSERT INTO `ocksena_zone` (`zone_id`, `country_id`, `name`, `code`, `status`) VALUES ('84', '3', 'Djelfa', 'DJE', '1');
INSERT INTO `ocksena_zone` (`zone_id`, `country_id`, `name`, `code`, `status`) VALUES ('85', '3', 'El Bayadh', 'EBA', '1');
INSERT INTO `ocksena_zone` (`zone_id`, `country_id`, `name`, `code`, `status`) VALUES ('86', '3', 'El Oued', 'EOU', '1');
INSERT INTO `ocksena_zone` (`zone_id`, `country_id`, `name`, `code`, `status`) VALUES ('87', '3', 'El Tarf', 'ETA', '1');
INSERT INTO `ocksena_zone` (`zone_id`, `country_id`, `name`, `code`, `status`) VALUES ('88', '3', 'Ghardaia', 'GHA', '1');
INSERT INTO `ocksena_zone` (`zone_id`, `country_id`, `name`, `code`, `status`) VALUES ('89', '3', 'Guelma', 'GUE', '1');
INSERT INTO `ocksena_zone` (`zone_id`, `country_id`, `name`, `code`, `status`) VALUES ('90', '3', 'Illizi', 'ILL', '1');
INSERT INTO `ocksena_zone` (`zone_id`, `country_id`, `name`, `code`, `status`) VALUES ('91', '3', 'Jijel', 'JIJ', '1');
INSERT INTO `ocksena_zone` (`zone_id`, `country_id`, `name`, `code`, `status`) VALUES ('92', '3', 'Khenchela', 'KHE', '1');
INSERT INTO `ocksena_zone` (`zone_id`, `country_id`, `name`, `code`, `status`) VALUES ('93', '3', 'Laghouat', 'LAG', '1');
INSERT INTO `ocksena_zone` (`zone_id`, `country_id`, `name`, `code`, `status`) VALUES ('94', '3', 'Muaskar', 'MUA', '1');
INSERT INTO `ocksena_zone` (`zone_id`, `country_id`, `name`, `code`, `status`) VALUES ('95', '3', 'Medea', 'MED', '1');
INSERT INTO `ocksena_zone` (`zone_id`, `country_id`, `name`, `code`, `status`) VALUES ('96', '3', 'Mila', 'MIL', '1');
INSERT INTO `ocksena_zone` (`zone_id`, `country_id`, `name`, `code`, `status`) VALUES ('97', '3', 'Mostaganem', 'MOS', '1');
INSERT INTO `ocksena_zone` (`zone_id`, `country_id`, `name`, `code`, `status`) VALUES ('98', '3', 'M\'Sila', 'MSI', '1');
INSERT INTO `ocksena_zone` (`zone_id`, `country_id`, `name`, `code`, `status`) VALUES ('99', '3', 'Naama', 'NAA', '1');
INSERT INTO `ocksena_zone` (`zone_id`, `country_id`, `name`, `code`, `status`) VALUES ('100', '3', 'Oran', 'ORA', '1');
INSERT INTO `ocksena_zone` (`zone_id`, `country_id`, `name`, `code`, `status`) VALUES ('101', '3', 'Ouargla', 'OUA', '1');
INSERT INTO `ocksena_zone` (`zone_id`, `country_id`, `name`, `code`, `status`) VALUES ('102', '3', 'Oum el-Bouaghi', 'OEB', '1');
INSERT INTO `ocksena_zone` (`zone_id`, `country_id`, `name`, `code`, `status`) VALUES ('103', '3', 'Relizane', 'REL', '1');
INSERT INTO `ocksena_zone` (`zone_id`, `country_id`, `name`, `code`, `status`) VALUES ('104', '3', 'Saida', 'SAI', '1');
INSERT INTO `ocksena_zone` (`zone_id`, `country_id`, `name`, `code`, `status`) VALUES ('105', '3', 'Setif', 'SET', '1');
INSERT INTO `ocksena_zone` (`zone_id`, `country_id`, `name`, `code`, `status`) VALUES ('106', '3', 'Sidi Bel Abbes', 'SBA', '1');
INSERT INTO `ocksena_zone` (`zone_id`, `country_id`, `name`, `code`, `status`) VALUES ('107', '3', 'Skikda', 'SKI', '1');
INSERT INTO `ocksena_zone` (`zone_id`, `country_id`, `name`, `code`, `status`) VALUES ('108', '3', 'Souk Ahras', 'SAH', '1');
INSERT INTO `ocksena_zone` (`zone_id`, `country_id`, `name`, `code`, `status`) VALUES ('109', '3', 'Tamanghasset', 'TAM', '1');
INSERT INTO `ocksena_zone` (`zone_id`, `country_id`, `name`, `code`, `status`) VALUES ('110', '3', 'Tebessa', 'TEB', '1');
INSERT INTO `ocksena_zone` (`zone_id`, `country_id`, `name`, `code`, `status`) VALUES ('111', '3', 'Tiaret', 'TIA', '1');
INSERT INTO `ocksena_zone` (`zone_id`, `country_id`, `name`, `code`, `status`) VALUES ('112', '3', 'Tindouf', 'TIN', '1');
INSERT INTO `ocksena_zone` (`zone_id`, `country_id`, `name`, `code`, `status`) VALUES ('113', '3', 'Tipaza', 'TIP', '1');
INSERT INTO `ocksena_zone` (`zone_id`, `country_id`, `name`, `code`, `status`) VALUES ('114', '3', 'Tissemsilt', 'TIS', '1');
INSERT INTO `ocksena_zone` (`zone_id`, `country_id`, `name`, `code`, `status`) VALUES ('115', '3', 'Tizi Ouzou', 'TOU', '1');
INSERT INTO `ocksena_zone` (`zone_id`, `country_id`, `name`, `code`, `status`) VALUES ('116', '3', 'Tlemcen', 'TLE', '1');
INSERT INTO `ocksena_zone` (`zone_id`, `country_id`, `name`, `code`, `status`) VALUES ('117', '4', 'Eastern', 'E', '1');
INSERT INTO `ocksena_zone` (`zone_id`, `country_id`, `name`, `code`, `status`) VALUES ('118', '4', 'Manu\'a', 'M', '1');
INSERT INTO `ocksena_zone` (`zone_id`, `country_id`, `name`, `code`, `status`) VALUES ('119', '4', 'Rose Island', 'R', '1');
INSERT INTO `ocksena_zone` (`zone_id`, `country_id`, `name`, `code`, `status`) VALUES ('120', '4', 'Swains Island', 'S', '1');
INSERT INTO `ocksena_zone` (`zone_id`, `country_id`, `name`, `code`, `status`) VALUES ('121', '4', 'Western', 'W', '1');
INSERT INTO `ocksena_zone` (`zone_id`, `country_id`, `name`, `code`, `status`) VALUES ('122', '5', 'Andorra la Vella', 'ALV', '1');
INSERT INTO `ocksena_zone` (`zone_id`, `country_id`, `name`, `code`, `status`) VALUES ('123', '5', 'Canillo', 'CAN', '1');
INSERT INTO `ocksena_zone` (`zone_id`, `country_id`, `name`, `code`, `status`) VALUES ('124', '5', 'Encamp', 'ENC', '1');
INSERT INTO `ocksena_zone` (`zone_id`, `country_id`, `name`, `code`, `status`) VALUES ('125', '5', 'Escaldes-Engordany', 'ESE', '1');
INSERT INTO `ocksena_zone` (`zone_id`, `country_id`, `name`, `code`, `status`) VALUES ('126', '5', 'La Massana', 'LMA', '1');
INSERT INTO `ocksena_zone` (`zone_id`, `country_id`, `name`, `code`, `status`) VALUES ('127', '5', 'Ordino', 'ORD', '1');
INSERT INTO `ocksena_zone` (`zone_id`, `country_id`, `name`, `code`, `status`) VALUES ('128', '5', 'Sant Julia de Loria', 'SJL', '1');
INSERT INTO `ocksena_zone` (`zone_id`, `country_id`, `name`, `code`, `status`) VALUES ('129', '6', 'Bengo', 'BGO', '1');
INSERT INTO `ocksena_zone` (`zone_id`, `country_id`, `name`, `code`, `status`) VALUES ('130', '6', 'Benguela', 'BGU', '1');
INSERT INTO `ocksena_zone` (`zone_id`, `country_id`, `name`, `code`, `status`) VALUES ('131', '6', 'Bie', 'BIE', '1');
INSERT INTO `ocksena_zone` (`zone_id`, `country_id`, `name`, `code`, `status`) VALUES ('132', '6', 'Cabinda', 'CAB', '1');
INSERT INTO `ocksena_zone` (`zone_id`, `country_id`, `name`, `code`, `status`) VALUES ('133', '6', 'Cuando-Cubango', 'CCU', '1');
INSERT INTO `ocksena_zone` (`zone_id`, `country_id`, `name`, `code`, `status`) VALUES ('134', '6', 'Cuanza Norte', 'CNO', '1');
INSERT INTO `ocksena_zone` (`zone_id`, `country_id`, `name`, `code`, `status`) VALUES ('135', '6', 'Cuanza Sul', 'CUS', '1');
INSERT INTO `ocksena_zone` (`zone_id`, `country_id`, `name`, `code`, `status`) VALUES ('136', '6', 'Cunene', 'CNN', '1');
INSERT INTO `ocksena_zone` (`zone_id`, `country_id`, `name`, `code`, `status`) VALUES ('137', '6', 'Huambo', 'HUA', '1');
INSERT INTO `ocksena_zone` (`zone_id`, `country_id`, `name`, `code`, `status`) VALUES ('138', '6', 'Huila', 'HUI', '1');
INSERT INTO `ocksena_zone` (`zone_id`, `country_id`, `name`, `code`, `status`) VALUES ('139', '6', 'Luanda', 'LUA', '1');
INSERT INTO `ocksena_zone` (`zone_id`, `country_id`, `name`, `code`, `status`) VALUES ('140', '6', 'Lunda Norte', 'LNO', '1');
INSERT INTO `ocksena_zone` (`zone_id`, `country_id`, `name`, `code`, `status`) VALUES ('141', '6', 'Lunda Sul', 'LSU', '1');
INSERT INTO `ocksena_zone` (`zone_id`, `country_id`, `name`, `code`, `status`) VALUES ('142', '6', 'Malange', 'MAL', '1');
INSERT INTO `ocksena_zone` (`zone_id`, `country_id`, `name`, `code`, `status`) VALUES ('143', '6', 'Moxico', 'MOX', '1');
INSERT INTO `ocksena_zone` (`zone_id`, `country_id`, `name`, `code`, `status`) VALUES ('144', '6', 'Namibe', 'NAM', '1');
INSERT INTO `ocksena_zone` (`zone_id`, `country_id`, `name`, `code`, `status`) VALUES ('145', '6', 'Uige', 'UIG', '1');
INSERT INTO `ocksena_zone` (`zone_id`, `country_id`, `name`, `code`, `status`) VALUES ('146', '6', 'Zaire', 'ZAI', '1');
INSERT INTO `ocksena_zone` (`zone_id`, `country_id`, `name`, `code`, `status`) VALUES ('147', '9', 'Saint George', 'ASG', '1');
INSERT INTO `ocksena_zone` (`zone_id`, `country_id`, `name`, `code`, `status`) VALUES ('148', '9', 'Saint John', 'ASJ', '1');
INSERT INTO `ocksena_zone` (`zone_id`, `country_id`, `name`, `code`, `status`) VALUES ('149', '9', 'Saint Mary', 'ASM', '1');
INSERT INTO `ocksena_zone` (`zone_id`, `country_id`, `name`, `code`, `status`) VALUES ('150', '9', 'Saint Paul', 'ASL', '1');
INSERT INTO `ocksena_zone` (`zone_id`, `country_id`, `name`, `code`, `status`) VALUES ('151', '9', 'Saint Peter', 'ASR', '1');
INSERT INTO `ocksena_zone` (`zone_id`, `country_id`, `name`, `code`, `status`) VALUES ('152', '9', 'Saint Philip', 'ASH', '1');
INSERT INTO `ocksena_zone` (`zone_id`, `country_id`, `name`, `code`, `status`) VALUES ('153', '9', 'Barbuda', 'BAR', '1');
INSERT INTO `ocksena_zone` (`zone_id`, `country_id`, `name`, `code`, `status`) VALUES ('154', '9', 'Redonda', 'RED', '1');
INSERT INTO `ocksena_zone` (`zone_id`, `country_id`, `name`, `code`, `status`) VALUES ('155', '10', 'Antartida e Islas del Atlantico', 'AN', '1');
INSERT INTO `ocksena_zone` (`zone_id`, `country_id`, `name`, `code`, `status`) VALUES ('156', '10', 'Buenos Aires', 'BA', '1');
INSERT INTO `ocksena_zone` (`zone_id`, `country_id`, `name`, `code`, `status`) VALUES ('157', '10', 'Catamarca', 'CA', '1');
INSERT INTO `ocksena_zone` (`zone_id`, `country_id`, `name`, `code`, `status`) VALUES ('158', '10', 'Chaco', 'CH', '1');
INSERT INTO `ocksena_zone` (`zone_id`, `country_id`, `name`, `code`, `status`) VALUES ('159', '10', 'Chubut', 'CU', '1');
INSERT INTO `ocksena_zone` (`zone_id`, `country_id`, `name`, `code`, `status`) VALUES ('160', '10', 'Cordoba', 'CO', '1');
INSERT INTO `ocksena_zone` (`zone_id`, `country_id`, `name`, `code`, `status`) VALUES ('161', '10', 'Corrientes', 'CR', '1');
INSERT INTO `ocksena_zone` (`zone_id`, `country_id`, `name`, `code`, `status`) VALUES ('162', '10', 'Distrito Federal', 'DF', '1');
INSERT INTO `ocksena_zone` (`zone_id`, `country_id`, `name`, `code`, `status`) VALUES ('163', '10', 'Entre Rios', 'ER', '1');
INSERT INTO `ocksena_zone` (`zone_id`, `country_id`, `name`, `code`, `status`) VALUES ('164', '10', 'Formosa', 'FO', '1');
INSERT INTO `ocksena_zone` (`zone_id`, `country_id`, `name`, `code`, `status`) VALUES ('165', '10', 'Jujuy', 'JU', '1');
INSERT INTO `ocksena_zone` (`zone_id`, `country_id`, `name`, `code`, `status`) VALUES ('166', '10', 'La Pampa', 'LP', '1');
INSERT INTO `ocksena_zone` (`zone_id`, `country_id`, `name`, `code`, `status`) VALUES ('167', '10', 'La Rioja', 'LR', '1');
INSERT INTO `ocksena_zone` (`zone_id`, `country_id`, `name`, `code`, `status`) VALUES ('168', '10', 'Mendoza', 'ME', '1');
INSERT INTO `ocksena_zone` (`zone_id`, `country_id`, `name`, `code`, `status`) VALUES ('169', '10', 'Misiones', 'MI', '1');
INSERT INTO `ocksena_zone` (`zone_id`, `country_id`, `name`, `code`, `status`) VALUES ('170', '10', 'Neuquen', 'NE', '1');
INSERT INTO `ocksena_zone` (`zone_id`, `country_id`, `name`, `code`, `status`) VALUES ('171', '10', 'Rio Negro', 'RN', '1');
INSERT INTO `ocksena_zone` (`zone_id`, `country_id`, `name`, `code`, `status`) VALUES ('172', '10', 'Salta', 'SA', '1');
INSERT INTO `ocksena_zone` (`zone_id`, `country_id`, `name`, `code`, `status`) VALUES ('173', '10', 'San Juan', 'SJ', '1');
INSERT INTO `ocksena_zone` (`zone_id`, `country_id`, `name`, `code`, `status`) VALUES ('174', '10', 'San Luis', 'SL', '1');
INSERT INTO `ocksena_zone` (`zone_id`, `country_id`, `name`, `code`, `status`) VALUES ('175', '10', 'Santa Cruz', 'SC', '1');
INSERT INTO `ocksena_zone` (`zone_id`, `country_id`, `name`, `code`, `status`) VALUES ('176', '10', 'Santa Fe', 'SF', '1');
INSERT INTO `ocksena_zone` (`zone_id`, `country_id`, `name`, `code`, `status`) VALUES ('177', '10', 'Santiago del Estero', 'SD', '1');
INSERT INTO `ocksena_zone` (`zone_id`, `country_id`, `name`, `code`, `status`) VALUES ('178', '10', 'Tierra del Fuego', 'TF', '1');
INSERT INTO `ocksena_zone` (`zone_id`, `country_id`, `name`, `code`, `status`) VALUES ('179', '10', 'Tucuman', 'TU', '1');
INSERT INTO `ocksena_zone` (`zone_id`, `country_id`, `name`, `code`, `status`) VALUES ('180', '11', 'Aragatsotn', 'AGT', '1');
INSERT INTO `ocksena_zone` (`zone_id`, `country_id`, `name`, `code`, `status`) VALUES ('181', '11', 'Ararat', 'ARR', '1');
INSERT INTO `ocksena_zone` (`zone_id`, `country_id`, `name`, `code`, `status`) VALUES ('182', '11', 'Armavir', 'ARM', '1');
INSERT INTO `ocksena_zone` (`zone_id`, `country_id`, `name`, `code`, `status`) VALUES ('183', '11', 'Geghark\'unik\'', 'GEG', '1');
INSERT INTO `ocksena_zone` (`zone_id`, `country_id`, `name`, `code`, `status`) VALUES ('184', '11', 'Kotayk\'', 'KOT', '1');
INSERT INTO `ocksena_zone` (`zone_id`, `country_id`, `name`, `code`, `status`) VALUES ('185', '11', 'Lorri', 'LOR', '1');
INSERT INTO `ocksena_zone` (`zone_id`, `country_id`, `name`, `code`, `status`) VALUES ('186', '11', 'Shirak', 'SHI', '1');
INSERT INTO `ocksena_zone` (`zone_id`, `country_id`, `name`, `code`, `status`) VALUES ('187', '11', 'Syunik\'', 'SYU', '1');
INSERT INTO `ocksena_zone` (`zone_id`, `country_id`, `name`, `code`, `status`) VALUES ('188', '11', 'Tavush', 'TAV', '1');
INSERT INTO `ocksena_zone` (`zone_id`, `country_id`, `name`, `code`, `status`) VALUES ('189', '11', 'Vayots\' Dzor', 'VAY', '1');
INSERT INTO `ocksena_zone` (`zone_id`, `country_id`, `name`, `code`, `status`) VALUES ('190', '11', 'Yerevan', 'YER', '1');
INSERT INTO `ocksena_zone` (`zone_id`, `country_id`, `name`, `code`, `status`) VALUES ('191', '13', 'Australian Capital Territory', 'ACT', '1');
INSERT INTO `ocksena_zone` (`zone_id`, `country_id`, `name`, `code`, `status`) VALUES ('192', '13', 'New South Wales', 'NSW', '1');
INSERT INTO `ocksena_zone` (`zone_id`, `country_id`, `name`, `code`, `status`) VALUES ('193', '13', 'Northern Territory', 'NT', '1');
INSERT INTO `ocksena_zone` (`zone_id`, `country_id`, `name`, `code`, `status`) VALUES ('194', '13', 'Queensland', 'QLD', '1');
INSERT INTO `ocksena_zone` (`zone_id`, `country_id`, `name`, `code`, `status`) VALUES ('195', '13', 'South Australia', 'SA', '1');
INSERT INTO `ocksena_zone` (`zone_id`, `country_id`, `name`, `code`, `status`) VALUES ('196', '13', 'Tasmania', 'TAS', '1');
INSERT INTO `ocksena_zone` (`zone_id`, `country_id`, `name`, `code`, `status`) VALUES ('197', '13', 'Victoria', 'VIC', '1');
INSERT INTO `ocksena_zone` (`zone_id`, `country_id`, `name`, `code`, `status`) VALUES ('198', '13', 'Western Australia', 'WA', '1');
INSERT INTO `ocksena_zone` (`zone_id`, `country_id`, `name`, `code`, `status`) VALUES ('199', '14', 'Burgenland', 'BUR', '1');
INSERT INTO `ocksena_zone` (`zone_id`, `country_id`, `name`, `code`, `status`) VALUES ('200', '14', 'Kärnten', 'KAR', '1');
INSERT INTO `ocksena_zone` (`zone_id`, `country_id`, `name`, `code`, `status`) VALUES ('201', '14', 'Nieder&ouml;sterreich', 'NOS', '1');
INSERT INTO `ocksena_zone` (`zone_id`, `country_id`, `name`, `code`, `status`) VALUES ('202', '14', 'Ober&ouml;sterreich', 'OOS', '1');
INSERT INTO `ocksena_zone` (`zone_id`, `country_id`, `name`, `code`, `status`) VALUES ('203', '14', 'Salzburg', 'SAL', '1');
INSERT INTO `ocksena_zone` (`zone_id`, `country_id`, `name`, `code`, `status`) VALUES ('204', '14', 'Steiermark', 'STE', '1');
INSERT INTO `ocksena_zone` (`zone_id`, `country_id`, `name`, `code`, `status`) VALUES ('205', '14', 'Tirol', 'TIR', '1');
INSERT INTO `ocksena_zone` (`zone_id`, `country_id`, `name`, `code`, `status`) VALUES ('206', '14', 'Vorarlberg', 'VOR', '1');
INSERT INTO `ocksena_zone` (`zone_id`, `country_id`, `name`, `code`, `status`) VALUES ('207', '14', 'Wien', 'WIE', '1');
INSERT INTO `ocksena_zone` (`zone_id`, `country_id`, `name`, `code`, `status`) VALUES ('208', '15', 'Ali Bayramli', 'AB', '1');
INSERT INTO `ocksena_zone` (`zone_id`, `country_id`, `name`, `code`, `status`) VALUES ('209', '15', 'Abseron', 'ABS', '1');
INSERT INTO `ocksena_zone` (`zone_id`, `country_id`, `name`, `code`, `status`) VALUES ('210', '15', 'AgcabAdi', 'AGC', '1');
INSERT INTO `ocksena_zone` (`zone_id`, `country_id`, `name`, `code`, `status`) VALUES ('211', '15', 'Agdam', 'AGM', '1');
INSERT INTO `ocksena_zone` (`zone_id`, `country_id`, `name`, `code`, `status`) VALUES ('212', '15', 'Agdas', 'AGS', '1');
INSERT INTO `ocksena_zone` (`zone_id`, `country_id`, `name`, `code`, `status`) VALUES ('213', '15', 'Agstafa', 'AGA', '1');
INSERT INTO `ocksena_zone` (`zone_id`, `country_id`, `name`, `code`, `status`) VALUES ('214', '15', 'Agsu', 'AGU', '1');
INSERT INTO `ocksena_zone` (`zone_id`, `country_id`, `name`, `code`, `status`) VALUES ('215', '15', 'Astara', 'AST', '1');
INSERT INTO `ocksena_zone` (`zone_id`, `country_id`, `name`, `code`, `status`) VALUES ('216', '15', 'Baki', 'BA', '1');
INSERT INTO `ocksena_zone` (`zone_id`, `country_id`, `name`, `code`, `status`) VALUES ('217', '15', 'BabAk', 'BAB', '1');
INSERT INTO `ocksena_zone` (`zone_id`, `country_id`, `name`, `code`, `status`) VALUES ('218', '15', 'BalakAn', 'BAL', '1');
INSERT INTO `ocksena_zone` (`zone_id`, `country_id`, `name`, `code`, `status`) VALUES ('219', '15', 'BArdA', 'BAR', '1');
INSERT INTO `ocksena_zone` (`zone_id`, `country_id`, `name`, `code`, `status`) VALUES ('220', '15', 'Beylaqan', 'BEY', '1');
INSERT INTO `ocksena_zone` (`zone_id`, `country_id`, `name`, `code`, `status`) VALUES ('221', '15', 'Bilasuvar', 'BIL', '1');
INSERT INTO `ocksena_zone` (`zone_id`, `country_id`, `name`, `code`, `status`) VALUES ('222', '15', 'Cabrayil', 'CAB', '1');
INSERT INTO `ocksena_zone` (`zone_id`, `country_id`, `name`, `code`, `status`) VALUES ('223', '15', 'Calilabab', 'CAL', '1');
INSERT INTO `ocksena_zone` (`zone_id`, `country_id`, `name`, `code`, `status`) VALUES ('224', '15', 'Culfa', 'CUL', '1');
INSERT INTO `ocksena_zone` (`zone_id`, `country_id`, `name`, `code`, `status`) VALUES ('225', '15', 'Daskasan', 'DAS', '1');
INSERT INTO `ocksena_zone` (`zone_id`, `country_id`, `name`, `code`, `status`) VALUES ('226', '15', 'Davaci', 'DAV', '1');
INSERT INTO `ocksena_zone` (`zone_id`, `country_id`, `name`, `code`, `status`) VALUES ('227', '15', 'Fuzuli', 'FUZ', '1');
INSERT INTO `ocksena_zone` (`zone_id`, `country_id`, `name`, `code`, `status`) VALUES ('228', '15', 'Ganca', 'GA', '1');
INSERT INTO `ocksena_zone` (`zone_id`, `country_id`, `name`, `code`, `status`) VALUES ('229', '15', 'Gadabay', 'GAD', '1');
INSERT INTO `ocksena_zone` (`zone_id`, `country_id`, `name`, `code`, `status`) VALUES ('230', '15', 'Goranboy', 'GOR', '1');
INSERT INTO `ocksena_zone` (`zone_id`, `country_id`, `name`, `code`, `status`) VALUES ('231', '15', 'Goycay', 'GOY', '1');
INSERT INTO `ocksena_zone` (`zone_id`, `country_id`, `name`, `code`, `status`) VALUES ('232', '15', 'Haciqabul', 'HAC', '1');
INSERT INTO `ocksena_zone` (`zone_id`, `country_id`, `name`, `code`, `status`) VALUES ('233', '15', 'Imisli', 'IMI', '1');
INSERT INTO `ocksena_zone` (`zone_id`, `country_id`, `name`, `code`, `status`) VALUES ('234', '15', 'Ismayilli', 'ISM', '1');
INSERT INTO `ocksena_zone` (`zone_id`, `country_id`, `name`, `code`, `status`) VALUES ('235', '15', 'Kalbacar', 'KAL', '1');
INSERT INTO `ocksena_zone` (`zone_id`, `country_id`, `name`, `code`, `status`) VALUES ('236', '15', 'Kurdamir', 'KUR', '1');
INSERT INTO `ocksena_zone` (`zone_id`, `country_id`, `name`, `code`, `status`) VALUES ('237', '15', 'Lankaran', 'LA', '1');
INSERT INTO `ocksena_zone` (`zone_id`, `country_id`, `name`, `code`, `status`) VALUES ('238', '15', 'Lacin', 'LAC', '1');
INSERT INTO `ocksena_zone` (`zone_id`, `country_id`, `name`, `code`, `status`) VALUES ('239', '15', 'Lankaran', 'LAN', '1');
INSERT INTO `ocksena_zone` (`zone_id`, `country_id`, `name`, `code`, `status`) VALUES ('240', '15', 'Lerik', 'LER', '1');
INSERT INTO `ocksena_zone` (`zone_id`, `country_id`, `name`, `code`, `status`) VALUES ('241', '15', 'Masalli', 'MAS', '1');
INSERT INTO `ocksena_zone` (`zone_id`, `country_id`, `name`, `code`, `status`) VALUES ('242', '15', 'Mingacevir', 'MI', '1');
INSERT INTO `ocksena_zone` (`zone_id`, `country_id`, `name`, `code`, `status`) VALUES ('243', '15', 'Naftalan', 'NA', '1');
INSERT INTO `ocksena_zone` (`zone_id`, `country_id`, `name`, `code`, `status`) VALUES ('244', '15', 'Neftcala', 'NEF', '1');
INSERT INTO `ocksena_zone` (`zone_id`, `country_id`, `name`, `code`, `status`) VALUES ('245', '15', 'Oguz', 'OGU', '1');
INSERT INTO `ocksena_zone` (`zone_id`, `country_id`, `name`, `code`, `status`) VALUES ('246', '15', 'Ordubad', 'ORD', '1');
INSERT INTO `ocksena_zone` (`zone_id`, `country_id`, `name`, `code`, `status`) VALUES ('247', '15', 'Qabala', 'QAB', '1');
INSERT INTO `ocksena_zone` (`zone_id`, `country_id`, `name`, `code`, `status`) VALUES ('248', '15', 'Qax', 'QAX', '1');
INSERT INTO `ocksena_zone` (`zone_id`, `country_id`, `name`, `code`, `status`) VALUES ('249', '15', 'Qazax', 'QAZ', '1');
INSERT INTO `ocksena_zone` (`zone_id`, `country_id`, `name`, `code`, `status`) VALUES ('250', '15', 'Qobustan', 'QOB', '1');
INSERT INTO `ocksena_zone` (`zone_id`, `country_id`, `name`, `code`, `status`) VALUES ('251', '15', 'Quba', 'QBA', '1');
INSERT INTO `ocksena_zone` (`zone_id`, `country_id`, `name`, `code`, `status`) VALUES ('252', '15', 'Qubadli', 'QBI', '1');
INSERT INTO `ocksena_zone` (`zone_id`, `country_id`, `name`, `code`, `status`) VALUES ('253', '15', 'Qusar', 'QUS', '1');
INSERT INTO `ocksena_zone` (`zone_id`, `country_id`, `name`, `code`, `status`) VALUES ('254', '15', 'Saki', 'SA', '1');
INSERT INTO `ocksena_zone` (`zone_id`, `country_id`, `name`, `code`, `status`) VALUES ('255', '15', 'Saatli', 'SAT', '1');
INSERT INTO `ocksena_zone` (`zone_id`, `country_id`, `name`, `code`, `status`) VALUES ('256', '15', 'Sabirabad', 'SAB', '1');
INSERT INTO `ocksena_zone` (`zone_id`, `country_id`, `name`, `code`, `status`) VALUES ('257', '15', 'Sadarak', 'SAD', '1');
INSERT INTO `ocksena_zone` (`zone_id`, `country_id`, `name`, `code`, `status`) VALUES ('258', '15', 'Sahbuz', 'SAH', '1');
INSERT INTO `ocksena_zone` (`zone_id`, `country_id`, `name`, `code`, `status`) VALUES ('259', '15', 'Saki', 'SAK', '1');
INSERT INTO `ocksena_zone` (`zone_id`, `country_id`, `name`, `code`, `status`) VALUES ('260', '15', 'Salyan', 'SAL', '1');
INSERT INTO `ocksena_zone` (`zone_id`, `country_id`, `name`, `code`, `status`) VALUES ('261', '15', 'Sumqayit', 'SM', '1');
INSERT INTO `ocksena_zone` (`zone_id`, `country_id`, `name`, `code`, `status`) VALUES ('262', '15', 'Samaxi', 'SMI', '1');
INSERT INTO `ocksena_zone` (`zone_id`, `country_id`, `name`, `code`, `status`) VALUES ('263', '15', 'Samkir', 'SKR', '1');
INSERT INTO `ocksena_zone` (`zone_id`, `country_id`, `name`, `code`, `status`) VALUES ('264', '15', 'Samux', 'SMX', '1');
INSERT INTO `ocksena_zone` (`zone_id`, `country_id`, `name`, `code`, `status`) VALUES ('265', '15', 'Sarur', 'SAR', '1');
INSERT INTO `ocksena_zone` (`zone_id`, `country_id`, `name`, `code`, `status`) VALUES ('266', '15', 'Siyazan', 'SIY', '1');
INSERT INTO `ocksena_zone` (`zone_id`, `country_id`, `name`, `code`, `status`) VALUES ('267', '15', 'Susa', 'SS', '1');
INSERT INTO `ocksena_zone` (`zone_id`, `country_id`, `name`, `code`, `status`) VALUES ('268', '15', 'Susa', 'SUS', '1');
INSERT INTO `ocksena_zone` (`zone_id`, `country_id`, `name`, `code`, `status`) VALUES ('269', '15', 'Tartar', 'TAR', '1');
INSERT INTO `ocksena_zone` (`zone_id`, `country_id`, `name`, `code`, `status`) VALUES ('270', '15', 'Tovuz', 'TOV', '1');
INSERT INTO `ocksena_zone` (`zone_id`, `country_id`, `name`, `code`, `status`) VALUES ('271', '15', 'Ucar', 'UCA', '1');
INSERT INTO `ocksena_zone` (`zone_id`, `country_id`, `name`, `code`, `status`) VALUES ('272', '15', 'Xankandi', 'XA', '1');
INSERT INTO `ocksena_zone` (`zone_id`, `country_id`, `name`, `code`, `status`) VALUES ('273', '15', 'Xacmaz', 'XAC', '1');
INSERT INTO `ocksena_zone` (`zone_id`, `country_id`, `name`, `code`, `status`) VALUES ('274', '15', 'Xanlar', 'XAN', '1');
INSERT INTO `ocksena_zone` (`zone_id`, `country_id`, `name`, `code`, `status`) VALUES ('275', '15', 'Xizi', 'XIZ', '1');
INSERT INTO `ocksena_zone` (`zone_id`, `country_id`, `name`, `code`, `status`) VALUES ('276', '15', 'Xocali', 'XCI', '1');
INSERT INTO `ocksena_zone` (`zone_id`, `country_id`, `name`, `code`, `status`) VALUES ('277', '15', 'Xocavand', 'XVD', '1');
INSERT INTO `ocksena_zone` (`zone_id`, `country_id`, `name`, `code`, `status`) VALUES ('278', '15', 'Yardimli', 'YAR', '1');
INSERT INTO `ocksena_zone` (`zone_id`, `country_id`, `name`, `code`, `status`) VALUES ('279', '15', 'Yevlax', 'YEV', '1');
INSERT INTO `ocksena_zone` (`zone_id`, `country_id`, `name`, `code`, `status`) VALUES ('280', '15', 'Zangilan', 'ZAN', '1');
INSERT INTO `ocksena_zone` (`zone_id`, `country_id`, `name`, `code`, `status`) VALUES ('281', '15', 'Zaqatala', 'ZAQ', '1');
INSERT INTO `ocksena_zone` (`zone_id`, `country_id`, `name`, `code`, `status`) VALUES ('282', '15', 'Zardab', 'ZAR', '1');
INSERT INTO `ocksena_zone` (`zone_id`, `country_id`, `name`, `code`, `status`) VALUES ('283', '15', 'Naxcivan', 'NX', '1');
INSERT INTO `ocksena_zone` (`zone_id`, `country_id`, `name`, `code`, `status`) VALUES ('284', '16', 'Acklins', 'ACK', '1');
INSERT INTO `ocksena_zone` (`zone_id`, `country_id`, `name`, `code`, `status`) VALUES ('285', '16', 'Berry Islands', 'BER', '1');
INSERT INTO `ocksena_zone` (`zone_id`, `country_id`, `name`, `code`, `status`) VALUES ('286', '16', 'Bimini', 'BIM', '1');
INSERT INTO `ocksena_zone` (`zone_id`, `country_id`, `name`, `code`, `status`) VALUES ('287', '16', 'Black Point', 'BLK', '1');
INSERT INTO `ocksena_zone` (`zone_id`, `country_id`, `name`, `code`, `status`) VALUES ('288', '16', 'Cat Island', 'CAT', '1');
INSERT INTO `ocksena_zone` (`zone_id`, `country_id`, `name`, `code`, `status`) VALUES ('289', '16', 'Central Abaco', 'CAB', '1');
INSERT INTO `ocksena_zone` (`zone_id`, `country_id`, `name`, `code`, `status`) VALUES ('290', '16', 'Central Andros', 'CAN', '1');
INSERT INTO `ocksena_zone` (`zone_id`, `country_id`, `name`, `code`, `status`) VALUES ('291', '16', 'Central Eleuthera', 'CEL', '1');
INSERT INTO `ocksena_zone` (`zone_id`, `country_id`, `name`, `code`, `status`) VALUES ('292', '16', 'City of Freeport', 'FRE', '1');
INSERT INTO `ocksena_zone` (`zone_id`, `country_id`, `name`, `code`, `status`) VALUES ('293', '16', 'Crooked Island', 'CRO', '1');
INSERT INTO `ocksena_zone` (`zone_id`, `country_id`, `name`, `code`, `status`) VALUES ('294', '16', 'East Grand Bahama', 'EGB', '1');
INSERT INTO `ocksena_zone` (`zone_id`, `country_id`, `name`, `code`, `status`) VALUES ('295', '16', 'Exuma', 'EXU', '1');
INSERT INTO `ocksena_zone` (`zone_id`, `country_id`, `name`, `code`, `status`) VALUES ('296', '16', 'Grand Cay', 'GRD', '1');
INSERT INTO `ocksena_zone` (`zone_id`, `country_id`, `name`, `code`, `status`) VALUES ('297', '16', 'Harbour Island', 'HAR', '1');
INSERT INTO `ocksena_zone` (`zone_id`, `country_id`, `name`, `code`, `status`) VALUES ('298', '16', 'Hope Town', 'HOP', '1');
INSERT INTO `ocksena_zone` (`zone_id`, `country_id`, `name`, `code`, `status`) VALUES ('299', '16', 'Inagua', 'INA', '1');
INSERT INTO `ocksena_zone` (`zone_id`, `country_id`, `name`, `code`, `status`) VALUES ('300', '16', 'Long Island', 'LNG', '1');
INSERT INTO `ocksena_zone` (`zone_id`, `country_id`, `name`, `code`, `status`) VALUES ('301', '16', 'Mangrove Cay', 'MAN', '1');
INSERT INTO `ocksena_zone` (`zone_id`, `country_id`, `name`, `code`, `status`) VALUES ('302', '16', 'Mayaguana', 'MAY', '1');
INSERT INTO `ocksena_zone` (`zone_id`, `country_id`, `name`, `code`, `status`) VALUES ('303', '16', 'Moore\'s Island', 'MOO', '1');
INSERT INTO `ocksena_zone` (`zone_id`, `country_id`, `name`, `code`, `status`) VALUES ('304', '16', 'North Abaco', 'NAB', '1');
INSERT INTO `ocksena_zone` (`zone_id`, `country_id`, `name`, `code`, `status`) VALUES ('305', '16', 'North Andros', 'NAN', '1');
INSERT INTO `ocksena_zone` (`zone_id`, `country_id`, `name`, `code`, `status`) VALUES ('306', '16', 'North Eleuthera', 'NEL', '1');
INSERT INTO `ocksena_zone` (`zone_id`, `country_id`, `name`, `code`, `status`) VALUES ('307', '16', 'Ragged Island', 'RAG', '1');
INSERT INTO `ocksena_zone` (`zone_id`, `country_id`, `name`, `code`, `status`) VALUES ('308', '16', 'Rum Cay', 'RUM', '1');
INSERT INTO `ocksena_zone` (`zone_id`, `country_id`, `name`, `code`, `status`) VALUES ('309', '16', 'San Salvador', 'SAL', '1');
INSERT INTO `ocksena_zone` (`zone_id`, `country_id`, `name`, `code`, `status`) VALUES ('310', '16', 'South Abaco', 'SAB', '1');
INSERT INTO `ocksena_zone` (`zone_id`, `country_id`, `name`, `code`, `status`) VALUES ('311', '16', 'South Andros', 'SAN', '1');
INSERT INTO `ocksena_zone` (`zone_id`, `country_id`, `name`, `code`, `status`) VALUES ('312', '16', 'South Eleuthera', 'SEL', '1');
INSERT INTO `ocksena_zone` (`zone_id`, `country_id`, `name`, `code`, `status`) VALUES ('313', '16', 'Spanish Wells', 'SWE', '1');
INSERT INTO `ocksena_zone` (`zone_id`, `country_id`, `name`, `code`, `status`) VALUES ('314', '16', 'West Grand Bahama', 'WGB', '1');
INSERT INTO `ocksena_zone` (`zone_id`, `country_id`, `name`, `code`, `status`) VALUES ('315', '17', 'Capital', 'CAP', '1');
INSERT INTO `ocksena_zone` (`zone_id`, `country_id`, `name`, `code`, `status`) VALUES ('316', '17', 'Central', 'CEN', '1');
INSERT INTO `ocksena_zone` (`zone_id`, `country_id`, `name`, `code`, `status`) VALUES ('317', '17', 'Muharraq', 'MUH', '1');
INSERT INTO `ocksena_zone` (`zone_id`, `country_id`, `name`, `code`, `status`) VALUES ('318', '17', 'Northern', 'NOR', '1');
INSERT INTO `ocksena_zone` (`zone_id`, `country_id`, `name`, `code`, `status`) VALUES ('319', '17', 'Southern', 'SOU', '1');
INSERT INTO `ocksena_zone` (`zone_id`, `country_id`, `name`, `code`, `status`) VALUES ('320', '18', 'Barisal', 'BAR', '1');
INSERT INTO `ocksena_zone` (`zone_id`, `country_id`, `name`, `code`, `status`) VALUES ('321', '18', 'Chittagong', 'CHI', '1');
INSERT INTO `ocksena_zone` (`zone_id`, `country_id`, `name`, `code`, `status`) VALUES ('322', '18', 'Dhaka', 'DHA', '1');
INSERT INTO `ocksena_zone` (`zone_id`, `country_id`, `name`, `code`, `status`) VALUES ('323', '18', 'Khulna', 'KHU', '1');
INSERT INTO `ocksena_zone` (`zone_id`, `country_id`, `name`, `code`, `status`) VALUES ('324', '18', 'Rajshahi', 'RAJ', '1');
INSERT INTO `ocksena_zone` (`zone_id`, `country_id`, `name`, `code`, `status`) VALUES ('325', '18', 'Sylhet', 'SYL', '1');
INSERT INTO `ocksena_zone` (`zone_id`, `country_id`, `name`, `code`, `status`) VALUES ('326', '19', 'Christ Church', 'CC', '1');
INSERT INTO `ocksena_zone` (`zone_id`, `country_id`, `name`, `code`, `status`) VALUES ('327', '19', 'Saint Andrew', 'AND', '1');
INSERT INTO `ocksena_zone` (`zone_id`, `country_id`, `name`, `code`, `status`) VALUES ('328', '19', 'Saint George', 'GEO', '1');
INSERT INTO `ocksena_zone` (`zone_id`, `country_id`, `name`, `code`, `status`) VALUES ('329', '19', 'Saint James', 'JAM', '1');
INSERT INTO `ocksena_zone` (`zone_id`, `country_id`, `name`, `code`, `status`) VALUES ('330', '19', 'Saint John', 'JOH', '1');
INSERT INTO `ocksena_zone` (`zone_id`, `country_id`, `name`, `code`, `status`) VALUES ('331', '19', 'Saint Joseph', 'JOS', '1');
INSERT INTO `ocksena_zone` (`zone_id`, `country_id`, `name`, `code`, `status`) VALUES ('332', '19', 'Saint Lucy', 'LUC', '1');
INSERT INTO `ocksena_zone` (`zone_id`, `country_id`, `name`, `code`, `status`) VALUES ('333', '19', 'Saint Michael', 'MIC', '1');
INSERT INTO `ocksena_zone` (`zone_id`, `country_id`, `name`, `code`, `status`) VALUES ('334', '19', 'Saint Peter', 'PET', '1');
INSERT INTO `ocksena_zone` (`zone_id`, `country_id`, `name`, `code`, `status`) VALUES ('335', '19', 'Saint Philip', 'PHI', '1');
INSERT INTO `ocksena_zone` (`zone_id`, `country_id`, `name`, `code`, `status`) VALUES ('336', '19', 'Saint Thomas', 'THO', '1');
INSERT INTO `ocksena_zone` (`zone_id`, `country_id`, `name`, `code`, `status`) VALUES ('337', '20', 'Brestskaya (Brest)', 'BR', '1');
INSERT INTO `ocksena_zone` (`zone_id`, `country_id`, `name`, `code`, `status`) VALUES ('338', '20', 'Homyel\'skaya (Homyel\')', 'HO', '1');
INSERT INTO `ocksena_zone` (`zone_id`, `country_id`, `name`, `code`, `status`) VALUES ('339', '20', 'Horad Minsk', 'HM', '1');
INSERT INTO `ocksena_zone` (`zone_id`, `country_id`, `name`, `code`, `status`) VALUES ('340', '20', 'Hrodzyenskaya (Hrodna)', 'HR', '1');
INSERT INTO `ocksena_zone` (`zone_id`, `country_id`, `name`, `code`, `status`) VALUES ('341', '20', 'Mahilyowskaya (Mahilyow)', 'MA', '1');
INSERT INTO `ocksena_zone` (`zone_id`, `country_id`, `name`, `code`, `status`) VALUES ('342', '20', 'Minskaya', 'MI', '1');
INSERT INTO `ocksena_zone` (`zone_id`, `country_id`, `name`, `code`, `status`) VALUES ('343', '20', 'Vitsyebskaya (Vitsyebsk)', 'VI', '1');
INSERT INTO `ocksena_zone` (`zone_id`, `country_id`, `name`, `code`, `status`) VALUES ('344', '21', 'Antwerpen', 'VAN', '1');
INSERT INTO `ocksena_zone` (`zone_id`, `country_id`, `name`, `code`, `status`) VALUES ('345', '21', 'Brabant Wallon', 'WBR', '1');
INSERT INTO `ocksena_zone` (`zone_id`, `country_id`, `name`, `code`, `status`) VALUES ('346', '21', 'Hainaut', 'WHT', '1');
INSERT INTO `ocksena_zone` (`zone_id`, `country_id`, `name`, `code`, `status`) VALUES ('347', '21', 'Liège', 'WLG', '1');
INSERT INTO `ocksena_zone` (`zone_id`, `country_id`, `name`, `code`, `status`) VALUES ('348', '21', 'Limburg', 'VLI', '1');
INSERT INTO `ocksena_zone` (`zone_id`, `country_id`, `name`, `code`, `status`) VALUES ('349', '21', 'Luxembourg', 'WLX', '1');
INSERT INTO `ocksena_zone` (`zone_id`, `country_id`, `name`, `code`, `status`) VALUES ('350', '21', 'Namur', 'WNA', '1');
INSERT INTO `ocksena_zone` (`zone_id`, `country_id`, `name`, `code`, `status`) VALUES ('351', '21', 'Oost-Vlaanderen', 'VOV', '1');
INSERT INTO `ocksena_zone` (`zone_id`, `country_id`, `name`, `code`, `status`) VALUES ('352', '21', 'Vlaams Brabant', 'VBR', '1');
INSERT INTO `ocksena_zone` (`zone_id`, `country_id`, `name`, `code`, `status`) VALUES ('353', '21', 'West-Vlaanderen', 'VWV', '1');
INSERT INTO `ocksena_zone` (`zone_id`, `country_id`, `name`, `code`, `status`) VALUES ('354', '22', 'Belize', 'BZ', '1');
INSERT INTO `ocksena_zone` (`zone_id`, `country_id`, `name`, `code`, `status`) VALUES ('355', '22', 'Cayo', 'CY', '1');
INSERT INTO `ocksena_zone` (`zone_id`, `country_id`, `name`, `code`, `status`) VALUES ('356', '22', 'Corozal', 'CR', '1');
INSERT INTO `ocksena_zone` (`zone_id`, `country_id`, `name`, `code`, `status`) VALUES ('357', '22', 'Orange Walk', 'OW', '1');
INSERT INTO `ocksena_zone` (`zone_id`, `country_id`, `name`, `code`, `status`) VALUES ('358', '22', 'Stann Creek', 'SC', '1');
INSERT INTO `ocksena_zone` (`zone_id`, `country_id`, `name`, `code`, `status`) VALUES ('359', '22', 'Toledo', 'TO', '1');
INSERT INTO `ocksena_zone` (`zone_id`, `country_id`, `name`, `code`, `status`) VALUES ('360', '23', 'Alibori', 'AL', '1');
INSERT INTO `ocksena_zone` (`zone_id`, `country_id`, `name`, `code`, `status`) VALUES ('361', '23', 'Atakora', 'AK', '1');
INSERT INTO `ocksena_zone` (`zone_id`, `country_id`, `name`, `code`, `status`) VALUES ('362', '23', 'Atlantique', 'AQ', '1');
INSERT INTO `ocksena_zone` (`zone_id`, `country_id`, `name`, `code`, `status`) VALUES ('363', '23', 'Borgou', 'BO', '1');
INSERT INTO `ocksena_zone` (`zone_id`, `country_id`, `name`, `code`, `status`) VALUES ('364', '23', 'Collines', 'CO', '1');
INSERT INTO `ocksena_zone` (`zone_id`, `country_id`, `name`, `code`, `status`) VALUES ('365', '23', 'Donga', 'DO', '1');
INSERT INTO `ocksena_zone` (`zone_id`, `country_id`, `name`, `code`, `status`) VALUES ('366', '23', 'Kouffo', 'KO', '1');
INSERT INTO `ocksena_zone` (`zone_id`, `country_id`, `name`, `code`, `status`) VALUES ('367', '23', 'Littoral', 'LI', '1');
INSERT INTO `ocksena_zone` (`zone_id`, `country_id`, `name`, `code`, `status`) VALUES ('368', '23', 'Mono', 'MO', '1');
INSERT INTO `ocksena_zone` (`zone_id`, `country_id`, `name`, `code`, `status`) VALUES ('369', '23', 'Oueme', 'OU', '1');
INSERT INTO `ocksena_zone` (`zone_id`, `country_id`, `name`, `code`, `status`) VALUES ('370', '23', 'Plateau', 'PL', '1');
INSERT INTO `ocksena_zone` (`zone_id`, `country_id`, `name`, `code`, `status`) VALUES ('371', '23', 'Zou', 'ZO', '1');
INSERT INTO `ocksena_zone` (`zone_id`, `country_id`, `name`, `code`, `status`) VALUES ('372', '24', 'Devonshire', 'DS', '1');
INSERT INTO `ocksena_zone` (`zone_id`, `country_id`, `name`, `code`, `status`) VALUES ('373', '24', 'Hamilton City', 'HC', '1');
INSERT INTO `ocksena_zone` (`zone_id`, `country_id`, `name`, `code`, `status`) VALUES ('374', '24', 'Hamilton', 'HA', '1');
INSERT INTO `ocksena_zone` (`zone_id`, `country_id`, `name`, `code`, `status`) VALUES ('375', '24', 'Paget', 'PG', '1');
INSERT INTO `ocksena_zone` (`zone_id`, `country_id`, `name`, `code`, `status`) VALUES ('376', '24', 'Pembroke', 'PB', '1');
INSERT INTO `ocksena_zone` (`zone_id`, `country_id`, `name`, `code`, `status`) VALUES ('377', '24', 'Saint George City', 'GC', '1');
INSERT INTO `ocksena_zone` (`zone_id`, `country_id`, `name`, `code`, `status`) VALUES ('378', '24', 'Saint George\'s', 'SG', '1');
INSERT INTO `ocksena_zone` (`zone_id`, `country_id`, `name`, `code`, `status`) VALUES ('379', '24', 'Sandys', 'SA', '1');
INSERT INTO `ocksena_zone` (`zone_id`, `country_id`, `name`, `code`, `status`) VALUES ('380', '24', 'Smith\'s', 'SM', '1');
INSERT INTO `ocksena_zone` (`zone_id`, `country_id`, `name`, `code`, `status`) VALUES ('381', '24', 'Southampton', 'SH', '1');
INSERT INTO `ocksena_zone` (`zone_id`, `country_id`, `name`, `code`, `status`) VALUES ('382', '24', 'Warwick', 'WA', '1');
INSERT INTO `ocksena_zone` (`zone_id`, `country_id`, `name`, `code`, `status`) VALUES ('383', '25', 'Bumthang', 'BUM', '1');
INSERT INTO `ocksena_zone` (`zone_id`, `country_id`, `name`, `code`, `status`) VALUES ('384', '25', 'Chukha', 'CHU', '1');
INSERT INTO `ocksena_zone` (`zone_id`, `country_id`, `name`, `code`, `status`) VALUES ('385', '25', 'Dagana', 'DAG', '1');
INSERT INTO `ocksena_zone` (`zone_id`, `country_id`, `name`, `code`, `status`) VALUES ('386', '25', 'Gasa', 'GAS', '1');
INSERT INTO `ocksena_zone` (`zone_id`, `country_id`, `name`, `code`, `status`) VALUES ('387', '25', 'Haa', 'HAA', '1');
INSERT INTO `ocksena_zone` (`zone_id`, `country_id`, `name`, `code`, `status`) VALUES ('388', '25', 'Lhuntse', 'LHU', '1');
INSERT INTO `ocksena_zone` (`zone_id`, `country_id`, `name`, `code`, `status`) VALUES ('389', '25', 'Mongar', 'MON', '1');
INSERT INTO `ocksena_zone` (`zone_id`, `country_id`, `name`, `code`, `status`) VALUES ('390', '25', 'Paro', 'PAR', '1');
INSERT INTO `ocksena_zone` (`zone_id`, `country_id`, `name`, `code`, `status`) VALUES ('391', '25', 'Pemagatshel', 'PEM', '1');
INSERT INTO `ocksena_zone` (`zone_id`, `country_id`, `name`, `code`, `status`) VALUES ('392', '25', 'Punakha', 'PUN', '1');
INSERT INTO `ocksena_zone` (`zone_id`, `country_id`, `name`, `code`, `status`) VALUES ('393', '25', 'Samdrup Jongkhar', 'SJO', '1');
INSERT INTO `ocksena_zone` (`zone_id`, `country_id`, `name`, `code`, `status`) VALUES ('394', '25', 'Samtse', 'SAT', '1');
INSERT INTO `ocksena_zone` (`zone_id`, `country_id`, `name`, `code`, `status`) VALUES ('395', '25', 'Sarpang', 'SAR', '1');
INSERT INTO `ocksena_zone` (`zone_id`, `country_id`, `name`, `code`, `status`) VALUES ('396', '25', 'Thimphu', 'THI', '1');
INSERT INTO `ocksena_zone` (`zone_id`, `country_id`, `name`, `code`, `status`) VALUES ('397', '25', 'Trashigang', 'TRG', '1');
INSERT INTO `ocksena_zone` (`zone_id`, `country_id`, `name`, `code`, `status`) VALUES ('398', '25', 'Trashiyangste', 'TRY', '1');
INSERT INTO `ocksena_zone` (`zone_id`, `country_id`, `name`, `code`, `status`) VALUES ('399', '25', 'Trongsa', 'TRO', '1');
INSERT INTO `ocksena_zone` (`zone_id`, `country_id`, `name`, `code`, `status`) VALUES ('400', '25', 'Tsirang', 'TSI', '1');
INSERT INTO `ocksena_zone` (`zone_id`, `country_id`, `name`, `code`, `status`) VALUES ('401', '25', 'Wangdue Phodrang', 'WPH', '1');
INSERT INTO `ocksena_zone` (`zone_id`, `country_id`, `name`, `code`, `status`) VALUES ('402', '25', 'Zhemgang', 'ZHE', '1');
INSERT INTO `ocksena_zone` (`zone_id`, `country_id`, `name`, `code`, `status`) VALUES ('403', '26', 'Beni', 'BEN', '1');
INSERT INTO `ocksena_zone` (`zone_id`, `country_id`, `name`, `code`, `status`) VALUES ('404', '26', 'Chuquisaca', 'CHU', '1');
INSERT INTO `ocksena_zone` (`zone_id`, `country_id`, `name`, `code`, `status`) VALUES ('405', '26', 'Cochabamba', 'COC', '1');
INSERT INTO `ocksena_zone` (`zone_id`, `country_id`, `name`, `code`, `status`) VALUES ('406', '26', 'La Paz', 'LPZ', '1');
INSERT INTO `ocksena_zone` (`zone_id`, `country_id`, `name`, `code`, `status`) VALUES ('407', '26', 'Oruro', 'ORU', '1');
INSERT INTO `ocksena_zone` (`zone_id`, `country_id`, `name`, `code`, `status`) VALUES ('408', '26', 'Pando', 'PAN', '1');
INSERT INTO `ocksena_zone` (`zone_id`, `country_id`, `name`, `code`, `status`) VALUES ('409', '26', 'Potosi', 'POT', '1');
INSERT INTO `ocksena_zone` (`zone_id`, `country_id`, `name`, `code`, `status`) VALUES ('410', '26', 'Santa Cruz', 'SCZ', '1');
INSERT INTO `ocksena_zone` (`zone_id`, `country_id`, `name`, `code`, `status`) VALUES ('411', '26', 'Tarija', 'TAR', '1');
INSERT INTO `ocksena_zone` (`zone_id`, `country_id`, `name`, `code`, `status`) VALUES ('412', '27', 'Brcko district', 'BRO', '1');
INSERT INTO `ocksena_zone` (`zone_id`, `country_id`, `name`, `code`, `status`) VALUES ('413', '27', 'Unsko-Sanski Kanton', 'FUS', '1');
INSERT INTO `ocksena_zone` (`zone_id`, `country_id`, `name`, `code`, `status`) VALUES ('414', '27', 'Posavski Kanton', 'FPO', '1');
INSERT INTO `ocksena_zone` (`zone_id`, `country_id`, `name`, `code`, `status`) VALUES ('415', '27', 'Tuzlanski Kanton', 'FTU', '1');
INSERT INTO `ocksena_zone` (`zone_id`, `country_id`, `name`, `code`, `status`) VALUES ('416', '27', 'Zenicko-Dobojski Kanton', 'FZE', '1');
INSERT INTO `ocksena_zone` (`zone_id`, `country_id`, `name`, `code`, `status`) VALUES ('417', '27', 'Bosanskopodrinjski Kanton', 'FBP', '1');
INSERT INTO `ocksena_zone` (`zone_id`, `country_id`, `name`, `code`, `status`) VALUES ('418', '27', 'Srednjebosanski Kanton', 'FSB', '1');
INSERT INTO `ocksena_zone` (`zone_id`, `country_id`, `name`, `code`, `status`) VALUES ('419', '27', 'Hercegovacko-neretvanski Kanton', 'FHN', '1');
INSERT INTO `ocksena_zone` (`zone_id`, `country_id`, `name`, `code`, `status`) VALUES ('420', '27', 'Zapadnohercegovacka Zupanija', 'FZH', '1');
INSERT INTO `ocksena_zone` (`zone_id`, `country_id`, `name`, `code`, `status`) VALUES ('421', '27', 'Kanton Sarajevo', 'FSA', '1');
INSERT INTO `ocksena_zone` (`zone_id`, `country_id`, `name`, `code`, `status`) VALUES ('422', '27', 'Zapadnobosanska', 'FZA', '1');
INSERT INTO `ocksena_zone` (`zone_id`, `country_id`, `name`, `code`, `status`) VALUES ('423', '27', 'Banja Luka', 'SBL', '1');
INSERT INTO `ocksena_zone` (`zone_id`, `country_id`, `name`, `code`, `status`) VALUES ('424', '27', 'Doboj', 'SDO', '1');
INSERT INTO `ocksena_zone` (`zone_id`, `country_id`, `name`, `code`, `status`) VALUES ('425', '27', 'Bijeljina', 'SBI', '1');
INSERT INTO `ocksena_zone` (`zone_id`, `country_id`, `name`, `code`, `status`) VALUES ('426', '27', 'Vlasenica', 'SVL', '1');
INSERT INTO `ocksena_zone` (`zone_id`, `country_id`, `name`, `code`, `status`) VALUES ('427', '27', 'Sarajevo-Romanija or Sokolac', 'SSR', '1');
INSERT INTO `ocksena_zone` (`zone_id`, `country_id`, `name`, `code`, `status`) VALUES ('428', '27', 'Foca', 'SFO', '1');
INSERT INTO `ocksena_zone` (`zone_id`, `country_id`, `name`, `code`, `status`) VALUES ('429', '27', 'Trebinje', 'STR', '1');
INSERT INTO `ocksena_zone` (`zone_id`, `country_id`, `name`, `code`, `status`) VALUES ('430', '28', 'Central', 'CE', '1');
INSERT INTO `ocksena_zone` (`zone_id`, `country_id`, `name`, `code`, `status`) VALUES ('431', '28', 'Ghanzi', 'GH', '1');
INSERT INTO `ocksena_zone` (`zone_id`, `country_id`, `name`, `code`, `status`) VALUES ('432', '28', 'Kgalagadi', 'KD', '1');
INSERT INTO `ocksena_zone` (`zone_id`, `country_id`, `name`, `code`, `status`) VALUES ('433', '28', 'Kgatleng', 'KT', '1');
INSERT INTO `ocksena_zone` (`zone_id`, `country_id`, `name`, `code`, `status`) VALUES ('434', '28', 'Kweneng', 'KW', '1');
INSERT INTO `ocksena_zone` (`zone_id`, `country_id`, `name`, `code`, `status`) VALUES ('435', '28', 'Ngamiland', 'NG', '1');
INSERT INTO `ocksena_zone` (`zone_id`, `country_id`, `name`, `code`, `status`) VALUES ('436', '28', 'North East', 'NE', '1');
INSERT INTO `ocksena_zone` (`zone_id`, `country_id`, `name`, `code`, `status`) VALUES ('437', '28', 'North West', 'NW', '1');
INSERT INTO `ocksena_zone` (`zone_id`, `country_id`, `name`, `code`, `status`) VALUES ('438', '28', 'South East', 'SE', '1');
INSERT INTO `ocksena_zone` (`zone_id`, `country_id`, `name`, `code`, `status`) VALUES ('439', '28', 'Southern', 'SO', '1');
INSERT INTO `ocksena_zone` (`zone_id`, `country_id`, `name`, `code`, `status`) VALUES ('440', '30', 'Acre', 'AC', '1');
INSERT INTO `ocksena_zone` (`zone_id`, `country_id`, `name`, `code`, `status`) VALUES ('441', '30', 'Alagoas', 'AL', '1');
INSERT INTO `ocksena_zone` (`zone_id`, `country_id`, `name`, `code`, `status`) VALUES ('442', '30', 'Amapá', 'AP', '1');
INSERT INTO `ocksena_zone` (`zone_id`, `country_id`, `name`, `code`, `status`) VALUES ('443', '30', 'Amazonas', 'AM', '1');
INSERT INTO `ocksena_zone` (`zone_id`, `country_id`, `name`, `code`, `status`) VALUES ('444', '30', 'Bahia', 'BA', '1');
INSERT INTO `ocksena_zone` (`zone_id`, `country_id`, `name`, `code`, `status`) VALUES ('445', '30', 'Ceará', 'CE', '1');
INSERT INTO `ocksena_zone` (`zone_id`, `country_id`, `name`, `code`, `status`) VALUES ('446', '30', 'Distrito Federal', 'DF', '1');
INSERT INTO `ocksena_zone` (`zone_id`, `country_id`, `name`, `code`, `status`) VALUES ('447', '30', 'Espírito Santo', 'ES', '1');
INSERT INTO `ocksena_zone` (`zone_id`, `country_id`, `name`, `code`, `status`) VALUES ('448', '30', 'Goiás', 'GO', '1');
INSERT INTO `ocksena_zone` (`zone_id`, `country_id`, `name`, `code`, `status`) VALUES ('449', '30', 'Maranhão', 'MA', '1');
INSERT INTO `ocksena_zone` (`zone_id`, `country_id`, `name`, `code`, `status`) VALUES ('450', '30', 'Mato Grosso', 'MT', '1');
INSERT INTO `ocksena_zone` (`zone_id`, `country_id`, `name`, `code`, `status`) VALUES ('451', '30', 'Mato Grosso do Sul', 'MS', '1');
INSERT INTO `ocksena_zone` (`zone_id`, `country_id`, `name`, `code`, `status`) VALUES ('452', '30', 'Minas Gerais', 'MG', '1');
INSERT INTO `ocksena_zone` (`zone_id`, `country_id`, `name`, `code`, `status`) VALUES ('453', '30', 'Pará', 'PA', '1');
INSERT INTO `ocksena_zone` (`zone_id`, `country_id`, `name`, `code`, `status`) VALUES ('454', '30', 'Paraíba', 'PB', '1');
INSERT INTO `ocksena_zone` (`zone_id`, `country_id`, `name`, `code`, `status`) VALUES ('455', '30', 'Paraná', 'PR', '1');
INSERT INTO `ocksena_zone` (`zone_id`, `country_id`, `name`, `code`, `status`) VALUES ('456', '30', 'Pernambuco', 'PE', '1');
INSERT INTO `ocksena_zone` (`zone_id`, `country_id`, `name`, `code`, `status`) VALUES ('457', '30', 'Piauí', 'PI', '1');
INSERT INTO `ocksena_zone` (`zone_id`, `country_id`, `name`, `code`, `status`) VALUES ('458', '30', 'Rio de Janeiro', 'RJ', '1');
INSERT INTO `ocksena_zone` (`zone_id`, `country_id`, `name`, `code`, `status`) VALUES ('459', '30', 'Rio Grande do Norte', 'RN', '1');
INSERT INTO `ocksena_zone` (`zone_id`, `country_id`, `name`, `code`, `status`) VALUES ('460', '30', 'Rio Grande do Sul', 'RS', '1');
INSERT INTO `ocksena_zone` (`zone_id`, `country_id`, `name`, `code`, `status`) VALUES ('461', '30', 'Rondônia', 'RO', '1');
INSERT INTO `ocksena_zone` (`zone_id`, `country_id`, `name`, `code`, `status`) VALUES ('462', '30', 'Roraima', 'RR', '1');
INSERT INTO `ocksena_zone` (`zone_id`, `country_id`, `name`, `code`, `status`) VALUES ('463', '30', 'Santa Catarina', 'SC', '1');
INSERT INTO `ocksena_zone` (`zone_id`, `country_id`, `name`, `code`, `status`) VALUES ('464', '30', 'São Paulo', 'SP', '1');
INSERT INTO `ocksena_zone` (`zone_id`, `country_id`, `name`, `code`, `status`) VALUES ('465', '30', 'Sergipe', 'SE', '1');
INSERT INTO `ocksena_zone` (`zone_id`, `country_id`, `name`, `code`, `status`) VALUES ('466', '30', 'Tocantins', 'TO', '1');
INSERT INTO `ocksena_zone` (`zone_id`, `country_id`, `name`, `code`, `status`) VALUES ('467', '31', 'Peros Banhos', 'PB', '1');
INSERT INTO `ocksena_zone` (`zone_id`, `country_id`, `name`, `code`, `status`) VALUES ('468', '31', 'Salomon Islands', 'SI', '1');
INSERT INTO `ocksena_zone` (`zone_id`, `country_id`, `name`, `code`, `status`) VALUES ('469', '31', 'Nelsons Island', 'NI', '1');
INSERT INTO `ocksena_zone` (`zone_id`, `country_id`, `name`, `code`, `status`) VALUES ('470', '31', 'Three Brothers', 'TB', '1');
INSERT INTO `ocksena_zone` (`zone_id`, `country_id`, `name`, `code`, `status`) VALUES ('471', '31', 'Eagle Islands', 'EA', '1');
INSERT INTO `ocksena_zone` (`zone_id`, `country_id`, `name`, `code`, `status`) VALUES ('472', '31', 'Danger Island', 'DI', '1');
INSERT INTO `ocksena_zone` (`zone_id`, `country_id`, `name`, `code`, `status`) VALUES ('473', '31', 'Egmont Islands', 'EG', '1');
INSERT INTO `ocksena_zone` (`zone_id`, `country_id`, `name`, `code`, `status`) VALUES ('474', '31', 'Diego Garcia', 'DG', '1');
INSERT INTO `ocksena_zone` (`zone_id`, `country_id`, `name`, `code`, `status`) VALUES ('475', '32', 'Belait', 'BEL', '1');
INSERT INTO `ocksena_zone` (`zone_id`, `country_id`, `name`, `code`, `status`) VALUES ('476', '32', 'Brunei and Muara', 'BRM', '1');
INSERT INTO `ocksena_zone` (`zone_id`, `country_id`, `name`, `code`, `status`) VALUES ('477', '32', 'Temburong', 'TEM', '1');
INSERT INTO `ocksena_zone` (`zone_id`, `country_id`, `name`, `code`, `status`) VALUES ('478', '32', 'Tutong', 'TUT', '1');
INSERT INTO `ocksena_zone` (`zone_id`, `country_id`, `name`, `code`, `status`) VALUES ('479', '33', 'Blagoevgrad', '', '1');
INSERT INTO `ocksena_zone` (`zone_id`, `country_id`, `name`, `code`, `status`) VALUES ('480', '33', 'Burgas', '', '1');
INSERT INTO `ocksena_zone` (`zone_id`, `country_id`, `name`, `code`, `status`) VALUES ('481', '33', 'Dobrich', '', '1');
INSERT INTO `ocksena_zone` (`zone_id`, `country_id`, `name`, `code`, `status`) VALUES ('482', '33', 'Gabrovo', '', '1');
INSERT INTO `ocksena_zone` (`zone_id`, `country_id`, `name`, `code`, `status`) VALUES ('483', '33', 'Haskovo', '', '1');
INSERT INTO `ocksena_zone` (`zone_id`, `country_id`, `name`, `code`, `status`) VALUES ('484', '33', 'Kardjali', '', '1');
INSERT INTO `ocksena_zone` (`zone_id`, `country_id`, `name`, `code`, `status`) VALUES ('485', '33', 'Kyustendil', '', '1');
INSERT INTO `ocksena_zone` (`zone_id`, `country_id`, `name`, `code`, `status`) VALUES ('486', '33', 'Lovech', '', '1');
INSERT INTO `ocksena_zone` (`zone_id`, `country_id`, `name`, `code`, `status`) VALUES ('487', '33', 'Montana', '', '1');
INSERT INTO `ocksena_zone` (`zone_id`, `country_id`, `name`, `code`, `status`) VALUES ('488', '33', 'Pazardjik', '', '1');
INSERT INTO `ocksena_zone` (`zone_id`, `country_id`, `name`, `code`, `status`) VALUES ('489', '33', 'Pernik', '', '1');
INSERT INTO `ocksena_zone` (`zone_id`, `country_id`, `name`, `code`, `status`) VALUES ('490', '33', 'Pleven', '', '1');
INSERT INTO `ocksena_zone` (`zone_id`, `country_id`, `name`, `code`, `status`) VALUES ('491', '33', 'Plovdiv', '', '1');
INSERT INTO `ocksena_zone` (`zone_id`, `country_id`, `name`, `code`, `status`) VALUES ('492', '33', 'Razgrad', '', '1');
INSERT INTO `ocksena_zone` (`zone_id`, `country_id`, `name`, `code`, `status`) VALUES ('493', '33', 'Shumen', '', '1');
INSERT INTO `ocksena_zone` (`zone_id`, `country_id`, `name`, `code`, `status`) VALUES ('494', '33', 'Silistra', '', '1');
INSERT INTO `ocksena_zone` (`zone_id`, `country_id`, `name`, `code`, `status`) VALUES ('495', '33', 'Sliven', '', '1');
INSERT INTO `ocksena_zone` (`zone_id`, `country_id`, `name`, `code`, `status`) VALUES ('496', '33', 'Smolyan', '', '1');
INSERT INTO `ocksena_zone` (`zone_id`, `country_id`, `name`, `code`, `status`) VALUES ('497', '33', 'Sofia', '', '1');
INSERT INTO `ocksena_zone` (`zone_id`, `country_id`, `name`, `code`, `status`) VALUES ('498', '33', 'Sofia - town', '', '1');
INSERT INTO `ocksena_zone` (`zone_id`, `country_id`, `name`, `code`, `status`) VALUES ('499', '33', 'Stara Zagora', '', '1');
INSERT INTO `ocksena_zone` (`zone_id`, `country_id`, `name`, `code`, `status`) VALUES ('500', '33', 'Targovishte', '', '1');
INSERT INTO `ocksena_zone` (`zone_id`, `country_id`, `name`, `code`, `status`) VALUES ('501', '33', 'Varna', '', '1');
INSERT INTO `ocksena_zone` (`zone_id`, `country_id`, `name`, `code`, `status`) VALUES ('502', '33', 'Veliko Tarnovo', '', '1');
INSERT INTO `ocksena_zone` (`zone_id`, `country_id`, `name`, `code`, `status`) VALUES ('503', '33', 'Vidin', '', '1');
INSERT INTO `ocksena_zone` (`zone_id`, `country_id`, `name`, `code`, `status`) VALUES ('504', '33', 'Vratza', '', '1');
INSERT INTO `ocksena_zone` (`zone_id`, `country_id`, `name`, `code`, `status`) VALUES ('505', '33', 'Yambol', '', '1');
INSERT INTO `ocksena_zone` (`zone_id`, `country_id`, `name`, `code`, `status`) VALUES ('506', '34', 'Bale', 'BAL', '1');
INSERT INTO `ocksena_zone` (`zone_id`, `country_id`, `name`, `code`, `status`) VALUES ('507', '34', 'Bam', 'BAM', '1');
INSERT INTO `ocksena_zone` (`zone_id`, `country_id`, `name`, `code`, `status`) VALUES ('508', '34', 'Banwa', 'BAN', '1');
INSERT INTO `ocksena_zone` (`zone_id`, `country_id`, `name`, `code`, `status`) VALUES ('509', '34', 'Bazega', 'BAZ', '1');
INSERT INTO `ocksena_zone` (`zone_id`, `country_id`, `name`, `code`, `status`) VALUES ('510', '34', 'Bougouriba', 'BOR', '1');
INSERT INTO `ocksena_zone` (`zone_id`, `country_id`, `name`, `code`, `status`) VALUES ('511', '34', 'Boulgou', 'BLG', '1');
INSERT INTO `ocksena_zone` (`zone_id`, `country_id`, `name`, `code`, `status`) VALUES ('512', '34', 'Boulkiemde', 'BOK', '1');
INSERT INTO `ocksena_zone` (`zone_id`, `country_id`, `name`, `code`, `status`) VALUES ('513', '34', 'Comoe', 'COM', '1');
INSERT INTO `ocksena_zone` (`zone_id`, `country_id`, `name`, `code`, `status`) VALUES ('514', '34', 'Ganzourgou', 'GAN', '1');
INSERT INTO `ocksena_zone` (`zone_id`, `country_id`, `name`, `code`, `status`) VALUES ('515', '34', 'Gnagna', 'GNA', '1');
INSERT INTO `ocksena_zone` (`zone_id`, `country_id`, `name`, `code`, `status`) VALUES ('516', '34', 'Gourma', 'GOU', '1');
INSERT INTO `ocksena_zone` (`zone_id`, `country_id`, `name`, `code`, `status`) VALUES ('517', '34', 'Houet', 'HOU', '1');
INSERT INTO `ocksena_zone` (`zone_id`, `country_id`, `name`, `code`, `status`) VALUES ('518', '34', 'Ioba', 'IOA', '1');
INSERT INTO `ocksena_zone` (`zone_id`, `country_id`, `name`, `code`, `status`) VALUES ('519', '34', 'Kadiogo', 'KAD', '1');
INSERT INTO `ocksena_zone` (`zone_id`, `country_id`, `name`, `code`, `status`) VALUES ('520', '34', 'Kenedougou', 'KEN', '1');
INSERT INTO `ocksena_zone` (`zone_id`, `country_id`, `name`, `code`, `status`) VALUES ('521', '34', 'Komondjari', 'KOD', '1');
INSERT INTO `ocksena_zone` (`zone_id`, `country_id`, `name`, `code`, `status`) VALUES ('522', '34', 'Kompienga', 'KOP', '1');
INSERT INTO `ocksena_zone` (`zone_id`, `country_id`, `name`, `code`, `status`) VALUES ('523', '34', 'Kossi', 'KOS', '1');
INSERT INTO `ocksena_zone` (`zone_id`, `country_id`, `name`, `code`, `status`) VALUES ('524', '34', 'Koulpelogo', 'KOL', '1');
INSERT INTO `ocksena_zone` (`zone_id`, `country_id`, `name`, `code`, `status`) VALUES ('525', '34', 'Kouritenga', 'KOT', '1');
INSERT INTO `ocksena_zone` (`zone_id`, `country_id`, `name`, `code`, `status`) VALUES ('526', '34', 'Kourweogo', 'KOW', '1');
INSERT INTO `ocksena_zone` (`zone_id`, `country_id`, `name`, `code`, `status`) VALUES ('527', '34', 'Leraba', 'LER', '1');
INSERT INTO `ocksena_zone` (`zone_id`, `country_id`, `name`, `code`, `status`) VALUES ('528', '34', 'Loroum', 'LOR', '1');
INSERT INTO `ocksena_zone` (`zone_id`, `country_id`, `name`, `code`, `status`) VALUES ('529', '34', 'Mouhoun', 'MOU', '1');
INSERT INTO `ocksena_zone` (`zone_id`, `country_id`, `name`, `code`, `status`) VALUES ('530', '34', 'Nahouri', 'NAH', '1');
INSERT INTO `ocksena_zone` (`zone_id`, `country_id`, `name`, `code`, `status`) VALUES ('531', '34', 'Namentenga', 'NAM', '1');
INSERT INTO `ocksena_zone` (`zone_id`, `country_id`, `name`, `code`, `status`) VALUES ('532', '34', 'Nayala', 'NAY', '1');
INSERT INTO `ocksena_zone` (`zone_id`, `country_id`, `name`, `code`, `status`) VALUES ('533', '34', 'Noumbiel', 'NOU', '1');
INSERT INTO `ocksena_zone` (`zone_id`, `country_id`, `name`, `code`, `status`) VALUES ('534', '34', 'Oubritenga', 'OUB', '1');
INSERT INTO `ocksena_zone` (`zone_id`, `country_id`, `name`, `code`, `status`) VALUES ('535', '34', 'Oudalan', 'OUD', '1');
INSERT INTO `ocksena_zone` (`zone_id`, `country_id`, `name`, `code`, `status`) VALUES ('536', '34', 'Passore', 'PAS', '1');
INSERT INTO `ocksena_zone` (`zone_id`, `country_id`, `name`, `code`, `status`) VALUES ('537', '34', 'Poni', 'PON', '1');
INSERT INTO `ocksena_zone` (`zone_id`, `country_id`, `name`, `code`, `status`) VALUES ('538', '34', 'Sanguie', 'SAG', '1');
INSERT INTO `ocksena_zone` (`zone_id`, `country_id`, `name`, `code`, `status`) VALUES ('539', '34', 'Sanmatenga', 'SAM', '1');
INSERT INTO `ocksena_zone` (`zone_id`, `country_id`, `name`, `code`, `status`) VALUES ('540', '34', 'Seno', 'SEN', '1');
INSERT INTO `ocksena_zone` (`zone_id`, `country_id`, `name`, `code`, `status`) VALUES ('541', '34', 'Sissili', 'SIS', '1');
INSERT INTO `ocksena_zone` (`zone_id`, `country_id`, `name`, `code`, `status`) VALUES ('542', '34', 'Soum', 'SOM', '1');
INSERT INTO `ocksena_zone` (`zone_id`, `country_id`, `name`, `code`, `status`) VALUES ('543', '34', 'Sourou', 'SOR', '1');
INSERT INTO `ocksena_zone` (`zone_id`, `country_id`, `name`, `code`, `status`) VALUES ('544', '34', 'Tapoa', 'TAP', '1');
INSERT INTO `ocksena_zone` (`zone_id`, `country_id`, `name`, `code`, `status`) VALUES ('545', '34', 'Tuy', 'TUY', '1');
INSERT INTO `ocksena_zone` (`zone_id`, `country_id`, `name`, `code`, `status`) VALUES ('546', '34', 'Yagha', 'YAG', '1');
INSERT INTO `ocksena_zone` (`zone_id`, `country_id`, `name`, `code`, `status`) VALUES ('547', '34', 'Yatenga', 'YAT', '1');
INSERT INTO `ocksena_zone` (`zone_id`, `country_id`, `name`, `code`, `status`) VALUES ('548', '34', 'Ziro', 'ZIR', '1');
INSERT INTO `ocksena_zone` (`zone_id`, `country_id`, `name`, `code`, `status`) VALUES ('549', '34', 'Zondoma', 'ZOD', '1');
INSERT INTO `ocksena_zone` (`zone_id`, `country_id`, `name`, `code`, `status`) VALUES ('550', '34', 'Zoundweogo', 'ZOW', '1');
INSERT INTO `ocksena_zone` (`zone_id`, `country_id`, `name`, `code`, `status`) VALUES ('551', '35', 'Bubanza', 'BB', '1');
INSERT INTO `ocksena_zone` (`zone_id`, `country_id`, `name`, `code`, `status`) VALUES ('552', '35', 'Bujumbura', 'BJ', '1');
INSERT INTO `ocksena_zone` (`zone_id`, `country_id`, `name`, `code`, `status`) VALUES ('553', '35', 'Bururi', 'BR', '1');
INSERT INTO `ocksena_zone` (`zone_id`, `country_id`, `name`, `code`, `status`) VALUES ('554', '35', 'Cankuzo', 'CA', '1');
INSERT INTO `ocksena_zone` (`zone_id`, `country_id`, `name`, `code`, `status`) VALUES ('555', '35', 'Cibitoke', 'CI', '1');
INSERT INTO `ocksena_zone` (`zone_id`, `country_id`, `name`, `code`, `status`) VALUES ('556', '35', 'Gitega', 'GI', '1');
INSERT INTO `ocksena_zone` (`zone_id`, `country_id`, `name`, `code`, `status`) VALUES ('557', '35', 'Karuzi', 'KR', '1');
INSERT INTO `ocksena_zone` (`zone_id`, `country_id`, `name`, `code`, `status`) VALUES ('558', '35', 'Kayanza', 'KY', '1');
INSERT INTO `ocksena_zone` (`zone_id`, `country_id`, `name`, `code`, `status`) VALUES ('559', '35', 'Kirundo', 'KI', '1');
INSERT INTO `ocksena_zone` (`zone_id`, `country_id`, `name`, `code`, `status`) VALUES ('560', '35', 'Makamba', 'MA', '1');
INSERT INTO `ocksena_zone` (`zone_id`, `country_id`, `name`, `code`, `status`) VALUES ('561', '35', 'Muramvya', 'MU', '1');
INSERT INTO `ocksena_zone` (`zone_id`, `country_id`, `name`, `code`, `status`) VALUES ('562', '35', 'Muyinga', 'MY', '1');
INSERT INTO `ocksena_zone` (`zone_id`, `country_id`, `name`, `code`, `status`) VALUES ('563', '35', 'Mwaro', 'MW', '1');
INSERT INTO `ocksena_zone` (`zone_id`, `country_id`, `name`, `code`, `status`) VALUES ('564', '35', 'Ngozi', 'NG', '1');
INSERT INTO `ocksena_zone` (`zone_id`, `country_id`, `name`, `code`, `status`) VALUES ('565', '35', 'Rutana', 'RT', '1');
INSERT INTO `ocksena_zone` (`zone_id`, `country_id`, `name`, `code`, `status`) VALUES ('566', '35', 'Ruyigi', 'RY', '1');
INSERT INTO `ocksena_zone` (`zone_id`, `country_id`, `name`, `code`, `status`) VALUES ('567', '36', 'Phnom Penh', 'PP', '1');
INSERT INTO `ocksena_zone` (`zone_id`, `country_id`, `name`, `code`, `status`) VALUES ('568', '36', 'Preah Seihanu (Kompong Som or Sihanoukville)', 'PS', '1');
INSERT INTO `ocksena_zone` (`zone_id`, `country_id`, `name`, `code`, `status`) VALUES ('569', '36', 'Pailin', 'PA', '1');
INSERT INTO `ocksena_zone` (`zone_id`, `country_id`, `name`, `code`, `status`) VALUES ('570', '36', 'Keb', 'KB', '1');
INSERT INTO `ocksena_zone` (`zone_id`, `country_id`, `name`, `code`, `status`) VALUES ('571', '36', 'Banteay Meanchey', 'BM', '1');
INSERT INTO `ocksena_zone` (`zone_id`, `country_id`, `name`, `code`, `status`) VALUES ('572', '36', 'Battambang', 'BA', '1');
INSERT INTO `ocksena_zone` (`zone_id`, `country_id`, `name`, `code`, `status`) VALUES ('573', '36', 'Kampong Cham', 'KM', '1');
INSERT INTO `ocksena_zone` (`zone_id`, `country_id`, `name`, `code`, `status`) VALUES ('574', '36', 'Kampong Chhnang', 'KN', '1');
INSERT INTO `ocksena_zone` (`zone_id`, `country_id`, `name`, `code`, `status`) VALUES ('575', '36', 'Kampong Speu', 'KU', '1');
INSERT INTO `ocksena_zone` (`zone_id`, `country_id`, `name`, `code`, `status`) VALUES ('576', '36', 'Kampong Som', 'KO', '1');
INSERT INTO `ocksena_zone` (`zone_id`, `country_id`, `name`, `code`, `status`) VALUES ('577', '36', 'Kampong Thom', 'KT', '1');
INSERT INTO `ocksena_zone` (`zone_id`, `country_id`, `name`, `code`, `status`) VALUES ('578', '36', 'Kampot', 'KP', '1');
INSERT INTO `ocksena_zone` (`zone_id`, `country_id`, `name`, `code`, `status`) VALUES ('579', '36', 'Kandal', 'KL', '1');
INSERT INTO `ocksena_zone` (`zone_id`, `country_id`, `name`, `code`, `status`) VALUES ('580', '36', 'Kaoh Kong', 'KK', '1');
INSERT INTO `ocksena_zone` (`zone_id`, `country_id`, `name`, `code`, `status`) VALUES ('581', '36', 'Kratie', 'KR', '1');
INSERT INTO `ocksena_zone` (`zone_id`, `country_id`, `name`, `code`, `status`) VALUES ('582', '36', 'Mondul Kiri', 'MK', '1');
INSERT INTO `ocksena_zone` (`zone_id`, `country_id`, `name`, `code`, `status`) VALUES ('583', '36', 'Oddar Meancheay', 'OM', '1');
INSERT INTO `ocksena_zone` (`zone_id`, `country_id`, `name`, `code`, `status`) VALUES ('584', '36', 'Pursat', 'PU', '1');
INSERT INTO `ocksena_zone` (`zone_id`, `country_id`, `name`, `code`, `status`) VALUES ('585', '36', 'Preah Vihear', 'PR', '1');
INSERT INTO `ocksena_zone` (`zone_id`, `country_id`, `name`, `code`, `status`) VALUES ('586', '36', 'Prey Veng', 'PG', '1');
INSERT INTO `ocksena_zone` (`zone_id`, `country_id`, `name`, `code`, `status`) VALUES ('587', '36', 'Ratanak Kiri', 'RK', '1');
INSERT INTO `ocksena_zone` (`zone_id`, `country_id`, `name`, `code`, `status`) VALUES ('588', '36', 'Siemreap', 'SI', '1');
INSERT INTO `ocksena_zone` (`zone_id`, `country_id`, `name`, `code`, `status`) VALUES ('589', '36', 'Stung Treng', 'ST', '1');
INSERT INTO `ocksena_zone` (`zone_id`, `country_id`, `name`, `code`, `status`) VALUES ('590', '36', 'Svay Rieng', 'SR', '1');
INSERT INTO `ocksena_zone` (`zone_id`, `country_id`, `name`, `code`, `status`) VALUES ('591', '36', 'Takeo', 'TK', '1');
INSERT INTO `ocksena_zone` (`zone_id`, `country_id`, `name`, `code`, `status`) VALUES ('592', '37', 'Adamawa (Adamaoua)', 'ADA', '1');
INSERT INTO `ocksena_zone` (`zone_id`, `country_id`, `name`, `code`, `status`) VALUES ('593', '37', 'Centre', 'CEN', '1');
INSERT INTO `ocksena_zone` (`zone_id`, `country_id`, `name`, `code`, `status`) VALUES ('594', '37', 'East (Est)', 'EST', '1');
INSERT INTO `ocksena_zone` (`zone_id`, `country_id`, `name`, `code`, `status`) VALUES ('595', '37', 'Extreme North (Extreme-Nord)', 'EXN', '1');
INSERT INTO `ocksena_zone` (`zone_id`, `country_id`, `name`, `code`, `status`) VALUES ('596', '37', 'Littoral', 'LIT', '1');
INSERT INTO `ocksena_zone` (`zone_id`, `country_id`, `name`, `code`, `status`) VALUES ('597', '37', 'North (Nord)', 'NOR', '1');
INSERT INTO `ocksena_zone` (`zone_id`, `country_id`, `name`, `code`, `status`) VALUES ('598', '37', 'Northwest (Nord-Ouest)', 'NOT', '1');
INSERT INTO `ocksena_zone` (`zone_id`, `country_id`, `name`, `code`, `status`) VALUES ('599', '37', 'West (Ouest)', 'OUE', '1');
INSERT INTO `ocksena_zone` (`zone_id`, `country_id`, `name`, `code`, `status`) VALUES ('600', '37', 'South (Sud)', 'SUD', '1');
INSERT INTO `ocksena_zone` (`zone_id`, `country_id`, `name`, `code`, `status`) VALUES ('601', '37', 'Southwest (Sud-Ouest).', 'SOU', '1');
INSERT INTO `ocksena_zone` (`zone_id`, `country_id`, `name`, `code`, `status`) VALUES ('602', '38', 'Alberta', 'AB', '1');
INSERT INTO `ocksena_zone` (`zone_id`, `country_id`, `name`, `code`, `status`) VALUES ('603', '38', 'British Columbia', 'BC', '1');
INSERT INTO `ocksena_zone` (`zone_id`, `country_id`, `name`, `code`, `status`) VALUES ('604', '38', 'Manitoba', 'MB', '1');
INSERT INTO `ocksena_zone` (`zone_id`, `country_id`, `name`, `code`, `status`) VALUES ('605', '38', 'New Brunswick', 'NB', '1');
INSERT INTO `ocksena_zone` (`zone_id`, `country_id`, `name`, `code`, `status`) VALUES ('606', '38', 'Newfoundland and Labrador', 'NL', '1');
INSERT INTO `ocksena_zone` (`zone_id`, `country_id`, `name`, `code`, `status`) VALUES ('607', '38', 'Northwest Territories', 'NT', '1');
INSERT INTO `ocksena_zone` (`zone_id`, `country_id`, `name`, `code`, `status`) VALUES ('608', '38', 'Nova Scotia', 'NS', '1');
INSERT INTO `ocksena_zone` (`zone_id`, `country_id`, `name`, `code`, `status`) VALUES ('609', '38', 'Nunavut', 'NU', '1');
INSERT INTO `ocksena_zone` (`zone_id`, `country_id`, `name`, `code`, `status`) VALUES ('610', '38', 'Ontario', 'ON', '1');
INSERT INTO `ocksena_zone` (`zone_id`, `country_id`, `name`, `code`, `status`) VALUES ('611', '38', 'Prince Edward Island', 'PE', '1');
INSERT INTO `ocksena_zone` (`zone_id`, `country_id`, `name`, `code`, `status`) VALUES ('612', '38', 'Qu&eacute;bec', 'QC', '1');
INSERT INTO `ocksena_zone` (`zone_id`, `country_id`, `name`, `code`, `status`) VALUES ('613', '38', 'Saskatchewan', 'SK', '1');
INSERT INTO `ocksena_zone` (`zone_id`, `country_id`, `name`, `code`, `status`) VALUES ('614', '38', 'Yukon Territory', 'YT', '1');
INSERT INTO `ocksena_zone` (`zone_id`, `country_id`, `name`, `code`, `status`) VALUES ('615', '39', 'Boa Vista', 'BV', '1');
INSERT INTO `ocksena_zone` (`zone_id`, `country_id`, `name`, `code`, `status`) VALUES ('616', '39', 'Brava', 'BR', '1');
INSERT INTO `ocksena_zone` (`zone_id`, `country_id`, `name`, `code`, `status`) VALUES ('617', '39', 'Calheta de Sao Miguel', 'CS', '1');
INSERT INTO `ocksena_zone` (`zone_id`, `country_id`, `name`, `code`, `status`) VALUES ('618', '39', 'Maio', 'MA', '1');
INSERT INTO `ocksena_zone` (`zone_id`, `country_id`, `name`, `code`, `status`) VALUES ('619', '39', 'Mosteiros', 'MO', '1');
INSERT INTO `ocksena_zone` (`zone_id`, `country_id`, `name`, `code`, `status`) VALUES ('620', '39', 'Paul', 'PA', '1');
INSERT INTO `ocksena_zone` (`zone_id`, `country_id`, `name`, `code`, `status`) VALUES ('621', '39', 'Porto Novo', 'PN', '1');
INSERT INTO `ocksena_zone` (`zone_id`, `country_id`, `name`, `code`, `status`) VALUES ('622', '39', 'Praia', 'PR', '1');
INSERT INTO `ocksena_zone` (`zone_id`, `country_id`, `name`, `code`, `status`) VALUES ('623', '39', 'Ribeira Grande', 'RG', '1');
INSERT INTO `ocksena_zone` (`zone_id`, `country_id`, `name`, `code`, `status`) VALUES ('624', '39', 'Sal', 'SL', '1');
INSERT INTO `ocksena_zone` (`zone_id`, `country_id`, `name`, `code`, `status`) VALUES ('625', '39', 'Santa Catarina', 'CA', '1');
INSERT INTO `ocksena_zone` (`zone_id`, `country_id`, `name`, `code`, `status`) VALUES ('626', '39', 'Santa Cruz', 'CR', '1');
INSERT INTO `ocksena_zone` (`zone_id`, `country_id`, `name`, `code`, `status`) VALUES ('627', '39', 'Sao Domingos', 'SD', '1');
INSERT INTO `ocksena_zone` (`zone_id`, `country_id`, `name`, `code`, `status`) VALUES ('628', '39', 'Sao Filipe', 'SF', '1');
INSERT INTO `ocksena_zone` (`zone_id`, `country_id`, `name`, `code`, `status`) VALUES ('629', '39', 'Sao Nicolau', 'SN', '1');
INSERT INTO `ocksena_zone` (`zone_id`, `country_id`, `name`, `code`, `status`) VALUES ('630', '39', 'Sao Vicente', 'SV', '1');
INSERT INTO `ocksena_zone` (`zone_id`, `country_id`, `name`, `code`, `status`) VALUES ('631', '39', 'Tarrafal', 'TA', '1');
INSERT INTO `ocksena_zone` (`zone_id`, `country_id`, `name`, `code`, `status`) VALUES ('632', '40', 'Creek', 'CR', '1');
INSERT INTO `ocksena_zone` (`zone_id`, `country_id`, `name`, `code`, `status`) VALUES ('633', '40', 'Eastern', 'EA', '1');
INSERT INTO `ocksena_zone` (`zone_id`, `country_id`, `name`, `code`, `status`) VALUES ('634', '40', 'Midland', 'ML', '1');
INSERT INTO `ocksena_zone` (`zone_id`, `country_id`, `name`, `code`, `status`) VALUES ('635', '40', 'South Town', 'ST', '1');
INSERT INTO `ocksena_zone` (`zone_id`, `country_id`, `name`, `code`, `status`) VALUES ('636', '40', 'Spot Bay', 'SP', '1');
INSERT INTO `ocksena_zone` (`zone_id`, `country_id`, `name`, `code`, `status`) VALUES ('637', '40', 'Stake Bay', 'SK', '1');
INSERT INTO `ocksena_zone` (`zone_id`, `country_id`, `name`, `code`, `status`) VALUES ('638', '40', 'West End', 'WD', '1');
INSERT INTO `ocksena_zone` (`zone_id`, `country_id`, `name`, `code`, `status`) VALUES ('639', '40', 'Western', 'WN', '1');
INSERT INTO `ocksena_zone` (`zone_id`, `country_id`, `name`, `code`, `status`) VALUES ('640', '41', 'Bamingui-Bangoran', 'BBA', '1');
INSERT INTO `ocksena_zone` (`zone_id`, `country_id`, `name`, `code`, `status`) VALUES ('641', '41', 'Basse-Kotto', 'BKO', '1');
INSERT INTO `ocksena_zone` (`zone_id`, `country_id`, `name`, `code`, `status`) VALUES ('642', '41', 'Haute-Kotto', 'HKO', '1');
INSERT INTO `ocksena_zone` (`zone_id`, `country_id`, `name`, `code`, `status`) VALUES ('643', '41', 'Haut-Mbomou', 'HMB', '1');
INSERT INTO `ocksena_zone` (`zone_id`, `country_id`, `name`, `code`, `status`) VALUES ('644', '41', 'Kemo', 'KEM', '1');
INSERT INTO `ocksena_zone` (`zone_id`, `country_id`, `name`, `code`, `status`) VALUES ('645', '41', 'Lobaye', 'LOB', '1');
INSERT INTO `ocksena_zone` (`zone_id`, `country_id`, `name`, `code`, `status`) VALUES ('646', '41', 'Mambere-KadeÔ', 'MKD', '1');
INSERT INTO `ocksena_zone` (`zone_id`, `country_id`, `name`, `code`, `status`) VALUES ('647', '41', 'Mbomou', 'MBO', '1');
INSERT INTO `ocksena_zone` (`zone_id`, `country_id`, `name`, `code`, `status`) VALUES ('648', '41', 'Nana-Mambere', 'NMM', '1');
INSERT INTO `ocksena_zone` (`zone_id`, `country_id`, `name`, `code`, `status`) VALUES ('649', '41', 'Ombella-M\'Poko', 'OMP', '1');
INSERT INTO `ocksena_zone` (`zone_id`, `country_id`, `name`, `code`, `status`) VALUES ('650', '41', 'Ouaka', 'OUK', '1');
INSERT INTO `ocksena_zone` (`zone_id`, `country_id`, `name`, `code`, `status`) VALUES ('651', '41', 'Ouham', 'OUH', '1');
INSERT INTO `ocksena_zone` (`zone_id`, `country_id`, `name`, `code`, `status`) VALUES ('652', '41', 'Ouham-Pende', 'OPE', '1');
INSERT INTO `ocksena_zone` (`zone_id`, `country_id`, `name`, `code`, `status`) VALUES ('653', '41', 'Vakaga', 'VAK', '1');
INSERT INTO `ocksena_zone` (`zone_id`, `country_id`, `name`, `code`, `status`) VALUES ('654', '41', 'Nana-Grebizi', 'NGR', '1');
INSERT INTO `ocksena_zone` (`zone_id`, `country_id`, `name`, `code`, `status`) VALUES ('655', '41', 'Sangha-Mbaere', 'SMB', '1');
INSERT INTO `ocksena_zone` (`zone_id`, `country_id`, `name`, `code`, `status`) VALUES ('656', '41', 'Bangui', 'BAN', '1');
INSERT INTO `ocksena_zone` (`zone_id`, `country_id`, `name`, `code`, `status`) VALUES ('657', '42', 'Batha', 'BA', '1');
INSERT INTO `ocksena_zone` (`zone_id`, `country_id`, `name`, `code`, `status`) VALUES ('658', '42', 'Biltine', 'BI', '1');
INSERT INTO `ocksena_zone` (`zone_id`, `country_id`, `name`, `code`, `status`) VALUES ('659', '42', 'Borkou-Ennedi-Tibesti', 'BE', '1');
INSERT INTO `ocksena_zone` (`zone_id`, `country_id`, `name`, `code`, `status`) VALUES ('660', '42', 'Chari-Baguirmi', 'CB', '1');
INSERT INTO `ocksena_zone` (`zone_id`, `country_id`, `name`, `code`, `status`) VALUES ('661', '42', 'Guera', 'GU', '1');
INSERT INTO `ocksena_zone` (`zone_id`, `country_id`, `name`, `code`, `status`) VALUES ('662', '42', 'Kanem', 'KA', '1');
INSERT INTO `ocksena_zone` (`zone_id`, `country_id`, `name`, `code`, `status`) VALUES ('663', '42', 'Lac', 'LA', '1');
INSERT INTO `ocksena_zone` (`zone_id`, `country_id`, `name`, `code`, `status`) VALUES ('664', '42', 'Logone Occidental', 'LC', '1');
INSERT INTO `ocksena_zone` (`zone_id`, `country_id`, `name`, `code`, `status`) VALUES ('665', '42', 'Logone Oriental', 'LR', '1');
INSERT INTO `ocksena_zone` (`zone_id`, `country_id`, `name`, `code`, `status`) VALUES ('666', '42', 'Mayo-Kebbi', 'MK', '1');
INSERT INTO `ocksena_zone` (`zone_id`, `country_id`, `name`, `code`, `status`) VALUES ('667', '42', 'Moyen-Chari', 'MC', '1');
INSERT INTO `ocksena_zone` (`zone_id`, `country_id`, `name`, `code`, `status`) VALUES ('668', '42', 'Ouaddai', 'OU', '1');
INSERT INTO `ocksena_zone` (`zone_id`, `country_id`, `name`, `code`, `status`) VALUES ('669', '42', 'Salamat', 'SA', '1');
INSERT INTO `ocksena_zone` (`zone_id`, `country_id`, `name`, `code`, `status`) VALUES ('670', '42', 'Tandjile', 'TA', '1');
INSERT INTO `ocksena_zone` (`zone_id`, `country_id`, `name`, `code`, `status`) VALUES ('671', '43', 'Aisen del General Carlos Ibanez', 'AI', '1');
INSERT INTO `ocksena_zone` (`zone_id`, `country_id`, `name`, `code`, `status`) VALUES ('672', '43', 'Antofagasta', 'AN', '1');
INSERT INTO `ocksena_zone` (`zone_id`, `country_id`, `name`, `code`, `status`) VALUES ('673', '43', 'Araucania', 'AR', '1');
INSERT INTO `ocksena_zone` (`zone_id`, `country_id`, `name`, `code`, `status`) VALUES ('674', '43', 'Atacama', 'AT', '1');
INSERT INTO `ocksena_zone` (`zone_id`, `country_id`, `name`, `code`, `status`) VALUES ('675', '43', 'Bio-Bio', 'BI', '1');
INSERT INTO `ocksena_zone` (`zone_id`, `country_id`, `name`, `code`, `status`) VALUES ('676', '43', 'Coquimbo', 'CO', '1');
INSERT INTO `ocksena_zone` (`zone_id`, `country_id`, `name`, `code`, `status`) VALUES ('677', '43', 'Libertador General Bernardo O\'Hi', 'LI', '1');
INSERT INTO `ocksena_zone` (`zone_id`, `country_id`, `name`, `code`, `status`) VALUES ('678', '43', 'Los Lagos', 'LL', '1');
INSERT INTO `ocksena_zone` (`zone_id`, `country_id`, `name`, `code`, `status`) VALUES ('679', '43', 'Magallanes y de la Antartica Chi', 'MA', '1');
INSERT INTO `ocksena_zone` (`zone_id`, `country_id`, `name`, `code`, `status`) VALUES ('680', '43', 'Maule', 'ML', '1');
INSERT INTO `ocksena_zone` (`zone_id`, `country_id`, `name`, `code`, `status`) VALUES ('681', '43', 'Region Metropolitana', 'RM', '1');
INSERT INTO `ocksena_zone` (`zone_id`, `country_id`, `name`, `code`, `status`) VALUES ('682', '43', 'Tarapaca', 'TA', '1');
INSERT INTO `ocksena_zone` (`zone_id`, `country_id`, `name`, `code`, `status`) VALUES ('683', '43', 'Valparaiso', 'VS', '1');
INSERT INTO `ocksena_zone` (`zone_id`, `country_id`, `name`, `code`, `status`) VALUES ('684', '44', 'Anhui', 'AN', '1');
INSERT INTO `ocksena_zone` (`zone_id`, `country_id`, `name`, `code`, `status`) VALUES ('685', '44', 'Beijing', 'BE', '1');
INSERT INTO `ocksena_zone` (`zone_id`, `country_id`, `name`, `code`, `status`) VALUES ('686', '44', 'Chongqing', 'CH', '1');
INSERT INTO `ocksena_zone` (`zone_id`, `country_id`, `name`, `code`, `status`) VALUES ('687', '44', 'Fujian', 'FU', '1');
INSERT INTO `ocksena_zone` (`zone_id`, `country_id`, `name`, `code`, `status`) VALUES ('688', '44', 'Gansu', 'GA', '1');
INSERT INTO `ocksena_zone` (`zone_id`, `country_id`, `name`, `code`, `status`) VALUES ('689', '44', 'Guangdong', 'GU', '1');
INSERT INTO `ocksena_zone` (`zone_id`, `country_id`, `name`, `code`, `status`) VALUES ('690', '44', 'Guangxi', 'GX', '1');
INSERT INTO `ocksena_zone` (`zone_id`, `country_id`, `name`, `code`, `status`) VALUES ('691', '44', 'Guizhou', 'GZ', '1');
INSERT INTO `ocksena_zone` (`zone_id`, `country_id`, `name`, `code`, `status`) VALUES ('692', '44', 'Hainan', 'HA', '1');
INSERT INTO `ocksena_zone` (`zone_id`, `country_id`, `name`, `code`, `status`) VALUES ('693', '44', 'Hebei', 'HB', '1');
INSERT INTO `ocksena_zone` (`zone_id`, `country_id`, `name`, `code`, `status`) VALUES ('694', '44', 'Heilongjiang', 'HL', '1');
INSERT INTO `ocksena_zone` (`zone_id`, `country_id`, `name`, `code`, `status`) VALUES ('695', '44', 'Henan', 'HE', '1');
INSERT INTO `ocksena_zone` (`zone_id`, `country_id`, `name`, `code`, `status`) VALUES ('696', '44', 'Hong Kong', 'HK', '1');
INSERT INTO `ocksena_zone` (`zone_id`, `country_id`, `name`, `code`, `status`) VALUES ('697', '44', 'Hubei', 'HU', '1');
INSERT INTO `ocksena_zone` (`zone_id`, `country_id`, `name`, `code`, `status`) VALUES ('698', '44', 'Hunan', 'HN', '1');
INSERT INTO `ocksena_zone` (`zone_id`, `country_id`, `name`, `code`, `status`) VALUES ('699', '44', 'Inner Mongolia', 'IM', '1');
INSERT INTO `ocksena_zone` (`zone_id`, `country_id`, `name`, `code`, `status`) VALUES ('700', '44', 'Jiangsu', 'JI', '1');
INSERT INTO `ocksena_zone` (`zone_id`, `country_id`, `name`, `code`, `status`) VALUES ('701', '44', 'Jiangxi', 'JX', '1');
INSERT INTO `ocksena_zone` (`zone_id`, `country_id`, `name`, `code`, `status`) VALUES ('702', '44', 'Jilin', 'JL', '1');
INSERT INTO `ocksena_zone` (`zone_id`, `country_id`, `name`, `code`, `status`) VALUES ('703', '44', 'Liaoning', 'LI', '1');
INSERT INTO `ocksena_zone` (`zone_id`, `country_id`, `name`, `code`, `status`) VALUES ('704', '44', 'Macau', 'MA', '1');
INSERT INTO `ocksena_zone` (`zone_id`, `country_id`, `name`, `code`, `status`) VALUES ('705', '44', 'Ningxia', 'NI', '1');
INSERT INTO `ocksena_zone` (`zone_id`, `country_id`, `name`, `code`, `status`) VALUES ('706', '44', 'Shaanxi', 'SH', '1');
INSERT INTO `ocksena_zone` (`zone_id`, `country_id`, `name`, `code`, `status`) VALUES ('707', '44', 'Shandong', 'SA', '1');
INSERT INTO `ocksena_zone` (`zone_id`, `country_id`, `name`, `code`, `status`) VALUES ('708', '44', 'Shanghai', 'SG', '1');
INSERT INTO `ocksena_zone` (`zone_id`, `country_id`, `name`, `code`, `status`) VALUES ('709', '44', 'Shanxi', 'SX', '1');
INSERT INTO `ocksena_zone` (`zone_id`, `country_id`, `name`, `code`, `status`) VALUES ('710', '44', 'Sichuan', 'SI', '1');
INSERT INTO `ocksena_zone` (`zone_id`, `country_id`, `name`, `code`, `status`) VALUES ('711', '44', 'Tianjin', 'TI', '1');
INSERT INTO `ocksena_zone` (`zone_id`, `country_id`, `name`, `code`, `status`) VALUES ('712', '44', 'Xinjiang', 'XI', '1');
INSERT INTO `ocksena_zone` (`zone_id`, `country_id`, `name`, `code`, `status`) VALUES ('713', '44', 'Yunnan', 'YU', '1');
INSERT INTO `ocksena_zone` (`zone_id`, `country_id`, `name`, `code`, `status`) VALUES ('714', '44', 'Zhejiang', 'ZH', '1');
INSERT INTO `ocksena_zone` (`zone_id`, `country_id`, `name`, `code`, `status`) VALUES ('715', '46', 'Direction Island', 'D', '1');
INSERT INTO `ocksena_zone` (`zone_id`, `country_id`, `name`, `code`, `status`) VALUES ('716', '46', 'Home Island', 'H', '1');
INSERT INTO `ocksena_zone` (`zone_id`, `country_id`, `name`, `code`, `status`) VALUES ('717', '46', 'Horsburgh Island', 'O', '1');
INSERT INTO `ocksena_zone` (`zone_id`, `country_id`, `name`, `code`, `status`) VALUES ('718', '46', 'South Island', 'S', '1');
INSERT INTO `ocksena_zone` (`zone_id`, `country_id`, `name`, `code`, `status`) VALUES ('719', '46', 'West Island', 'W', '1');
INSERT INTO `ocksena_zone` (`zone_id`, `country_id`, `name`, `code`, `status`) VALUES ('720', '47', 'Amazonas', 'AMZ', '1');
INSERT INTO `ocksena_zone` (`zone_id`, `country_id`, `name`, `code`, `status`) VALUES ('721', '47', 'Antioquia', 'ANT', '1');
INSERT INTO `ocksena_zone` (`zone_id`, `country_id`, `name`, `code`, `status`) VALUES ('722', '47', 'Arauca', 'ARA', '1');
INSERT INTO `ocksena_zone` (`zone_id`, `country_id`, `name`, `code`, `status`) VALUES ('723', '47', 'Atlantico', 'ATL', '1');
INSERT INTO `ocksena_zone` (`zone_id`, `country_id`, `name`, `code`, `status`) VALUES ('724', '47', 'Bogota D.C.', 'BDC', '1');
INSERT INTO `ocksena_zone` (`zone_id`, `country_id`, `name`, `code`, `status`) VALUES ('725', '47', 'Bolivar', 'BOL', '1');
INSERT INTO `ocksena_zone` (`zone_id`, `country_id`, `name`, `code`, `status`) VALUES ('726', '47', 'Boyaca', 'BOY', '1');
INSERT INTO `ocksena_zone` (`zone_id`, `country_id`, `name`, `code`, `status`) VALUES ('727', '47', 'Caldas', 'CAL', '1');
INSERT INTO `ocksena_zone` (`zone_id`, `country_id`, `name`, `code`, `status`) VALUES ('728', '47', 'Caqueta', 'CAQ', '1');
INSERT INTO `ocksena_zone` (`zone_id`, `country_id`, `name`, `code`, `status`) VALUES ('729', '47', 'Casanare', 'CAS', '1');
INSERT INTO `ocksena_zone` (`zone_id`, `country_id`, `name`, `code`, `status`) VALUES ('730', '47', 'Cauca', 'CAU', '1');
INSERT INTO `ocksena_zone` (`zone_id`, `country_id`, `name`, `code`, `status`) VALUES ('731', '47', 'Cesar', 'CES', '1');
INSERT INTO `ocksena_zone` (`zone_id`, `country_id`, `name`, `code`, `status`) VALUES ('732', '47', 'Choco', 'CHO', '1');
INSERT INTO `ocksena_zone` (`zone_id`, `country_id`, `name`, `code`, `status`) VALUES ('733', '47', 'Cordoba', 'COR', '1');
INSERT INTO `ocksena_zone` (`zone_id`, `country_id`, `name`, `code`, `status`) VALUES ('734', '47', 'Cundinamarca', 'CAM', '1');
INSERT INTO `ocksena_zone` (`zone_id`, `country_id`, `name`, `code`, `status`) VALUES ('735', '47', 'Guainia', 'GNA', '1');
INSERT INTO `ocksena_zone` (`zone_id`, `country_id`, `name`, `code`, `status`) VALUES ('736', '47', 'Guajira', 'GJR', '1');
INSERT INTO `ocksena_zone` (`zone_id`, `country_id`, `name`, `code`, `status`) VALUES ('737', '47', 'Guaviare', 'GVR', '1');
INSERT INTO `ocksena_zone` (`zone_id`, `country_id`, `name`, `code`, `status`) VALUES ('738', '47', 'Huila', 'HUI', '1');
INSERT INTO `ocksena_zone` (`zone_id`, `country_id`, `name`, `code`, `status`) VALUES ('739', '47', 'Magdalena', 'MAG', '1');
INSERT INTO `ocksena_zone` (`zone_id`, `country_id`, `name`, `code`, `status`) VALUES ('740', '47', 'Meta', 'MET', '1');
INSERT INTO `ocksena_zone` (`zone_id`, `country_id`, `name`, `code`, `status`) VALUES ('741', '47', 'Narino', 'NAR', '1');
INSERT INTO `ocksena_zone` (`zone_id`, `country_id`, `name`, `code`, `status`) VALUES ('742', '47', 'Norte de Santander', 'NDS', '1');
INSERT INTO `ocksena_zone` (`zone_id`, `country_id`, `name`, `code`, `status`) VALUES ('743', '47', 'Putumayo', 'PUT', '1');
INSERT INTO `ocksena_zone` (`zone_id`, `country_id`, `name`, `code`, `status`) VALUES ('744', '47', 'Quindio', 'QUI', '1');
INSERT INTO `ocksena_zone` (`zone_id`, `country_id`, `name`, `code`, `status`) VALUES ('745', '47', 'Risaralda', 'RIS', '1');
INSERT INTO `ocksena_zone` (`zone_id`, `country_id`, `name`, `code`, `status`) VALUES ('746', '47', 'San Andres y Providencia', 'SAP', '1');
INSERT INTO `ocksena_zone` (`zone_id`, `country_id`, `name`, `code`, `status`) VALUES ('747', '47', 'Santander', 'SAN', '1');
INSERT INTO `ocksena_zone` (`zone_id`, `country_id`, `name`, `code`, `status`) VALUES ('748', '47', 'Sucre', 'SUC', '1');
INSERT INTO `ocksena_zone` (`zone_id`, `country_id`, `name`, `code`, `status`) VALUES ('749', '47', 'Tolima', 'TOL', '1');
INSERT INTO `ocksena_zone` (`zone_id`, `country_id`, `name`, `code`, `status`) VALUES ('750', '47', 'Valle del Cauca', 'VDC', '1');
INSERT INTO `ocksena_zone` (`zone_id`, `country_id`, `name`, `code`, `status`) VALUES ('751', '47', 'Vaupes', 'VAU', '1');
INSERT INTO `ocksena_zone` (`zone_id`, `country_id`, `name`, `code`, `status`) VALUES ('752', '47', 'Vichada', 'VIC', '1');
INSERT INTO `ocksena_zone` (`zone_id`, `country_id`, `name`, `code`, `status`) VALUES ('753', '48', 'Grande Comore', 'G', '1');
INSERT INTO `ocksena_zone` (`zone_id`, `country_id`, `name`, `code`, `status`) VALUES ('754', '48', 'Anjouan', 'A', '1');
INSERT INTO `ocksena_zone` (`zone_id`, `country_id`, `name`, `code`, `status`) VALUES ('755', '48', 'Moheli', 'M', '1');
INSERT INTO `ocksena_zone` (`zone_id`, `country_id`, `name`, `code`, `status`) VALUES ('756', '49', 'Bouenza', 'BO', '1');
INSERT INTO `ocksena_zone` (`zone_id`, `country_id`, `name`, `code`, `status`) VALUES ('757', '49', 'Brazzaville', 'BR', '1');
INSERT INTO `ocksena_zone` (`zone_id`, `country_id`, `name`, `code`, `status`) VALUES ('758', '49', 'Cuvette', 'CU', '1');
INSERT INTO `ocksena_zone` (`zone_id`, `country_id`, `name`, `code`, `status`) VALUES ('759', '49', 'Cuvette-Ouest', 'CO', '1');
INSERT INTO `ocksena_zone` (`zone_id`, `country_id`, `name`, `code`, `status`) VALUES ('760', '49', 'Kouilou', 'KO', '1');
INSERT INTO `ocksena_zone` (`zone_id`, `country_id`, `name`, `code`, `status`) VALUES ('761', '49', 'Lekoumou', 'LE', '1');
INSERT INTO `ocksena_zone` (`zone_id`, `country_id`, `name`, `code`, `status`) VALUES ('762', '49', 'Likouala', 'LI', '1');
INSERT INTO `ocksena_zone` (`zone_id`, `country_id`, `name`, `code`, `status`) VALUES ('763', '49', 'Niari', 'NI', '1');
INSERT INTO `ocksena_zone` (`zone_id`, `country_id`, `name`, `code`, `status`) VALUES ('764', '49', 'Plateaux', 'PL', '1');
INSERT INTO `ocksena_zone` (`zone_id`, `country_id`, `name`, `code`, `status`) VALUES ('765', '49', 'Pool', 'PO', '1');
INSERT INTO `ocksena_zone` (`zone_id`, `country_id`, `name`, `code`, `status`) VALUES ('766', '49', 'Sangha', 'SA', '1');
INSERT INTO `ocksena_zone` (`zone_id`, `country_id`, `name`, `code`, `status`) VALUES ('767', '50', 'Pukapuka', 'PU', '1');
INSERT INTO `ocksena_zone` (`zone_id`, `country_id`, `name`, `code`, `status`) VALUES ('768', '50', 'Rakahanga', 'RK', '1');
INSERT INTO `ocksena_zone` (`zone_id`, `country_id`, `name`, `code`, `status`) VALUES ('769', '50', 'Manihiki', 'MK', '1');
INSERT INTO `ocksena_zone` (`zone_id`, `country_id`, `name`, `code`, `status`) VALUES ('770', '50', 'Penrhyn', 'PE', '1');
INSERT INTO `ocksena_zone` (`zone_id`, `country_id`, `name`, `code`, `status`) VALUES ('771', '50', 'Nassau Island', 'NI', '1');
INSERT INTO `ocksena_zone` (`zone_id`, `country_id`, `name`, `code`, `status`) VALUES ('772', '50', 'Surwarrow', 'SU', '1');
INSERT INTO `ocksena_zone` (`zone_id`, `country_id`, `name`, `code`, `status`) VALUES ('773', '50', 'Palmerston', 'PA', '1');
INSERT INTO `ocksena_zone` (`zone_id`, `country_id`, `name`, `code`, `status`) VALUES ('774', '50', 'Aitutaki', 'AI', '1');
INSERT INTO `ocksena_zone` (`zone_id`, `country_id`, `name`, `code`, `status`) VALUES ('775', '50', 'Manuae', 'MA', '1');
INSERT INTO `ocksena_zone` (`zone_id`, `country_id`, `name`, `code`, `status`) VALUES ('776', '50', 'Takutea', 'TA', '1');
INSERT INTO `ocksena_zone` (`zone_id`, `country_id`, `name`, `code`, `status`) VALUES ('777', '50', 'Mitiaro', 'MT', '1');
INSERT INTO `ocksena_zone` (`zone_id`, `country_id`, `name`, `code`, `status`) VALUES ('778', '50', 'Atiu', 'AT', '1');
INSERT INTO `ocksena_zone` (`zone_id`, `country_id`, `name`, `code`, `status`) VALUES ('779', '50', 'Mauke', 'MU', '1');
INSERT INTO `ocksena_zone` (`zone_id`, `country_id`, `name`, `code`, `status`) VALUES ('780', '50', 'Rarotonga', 'RR', '1');
INSERT INTO `ocksena_zone` (`zone_id`, `country_id`, `name`, `code`, `status`) VALUES ('781', '50', 'Mangaia', 'MG', '1');
INSERT INTO `ocksena_zone` (`zone_id`, `country_id`, `name`, `code`, `status`) VALUES ('782', '51', 'Alajuela', 'AL', '1');
INSERT INTO `ocksena_zone` (`zone_id`, `country_id`, `name`, `code`, `status`) VALUES ('783', '51', 'Cartago', 'CA', '1');
INSERT INTO `ocksena_zone` (`zone_id`, `country_id`, `name`, `code`, `status`) VALUES ('784', '51', 'Guanacaste', 'GU', '1');
INSERT INTO `ocksena_zone` (`zone_id`, `country_id`, `name`, `code`, `status`) VALUES ('785', '51', 'Heredia', 'HE', '1');
INSERT INTO `ocksena_zone` (`zone_id`, `country_id`, `name`, `code`, `status`) VALUES ('786', '51', 'Limon', 'LI', '1');
INSERT INTO `ocksena_zone` (`zone_id`, `country_id`, `name`, `code`, `status`) VALUES ('787', '51', 'Puntarenas', 'PU', '1');
INSERT INTO `ocksena_zone` (`zone_id`, `country_id`, `name`, `code`, `status`) VALUES ('788', '51', 'San Jose', 'SJ', '1');
INSERT INTO `ocksena_zone` (`zone_id`, `country_id`, `name`, `code`, `status`) VALUES ('789', '52', 'Abengourou', 'ABE', '1');
INSERT INTO `ocksena_zone` (`zone_id`, `country_id`, `name`, `code`, `status`) VALUES ('790', '52', 'Abidjan', 'ABI', '1');
INSERT INTO `ocksena_zone` (`zone_id`, `country_id`, `name`, `code`, `status`) VALUES ('791', '52', 'Aboisso', 'ABO', '1');
INSERT INTO `ocksena_zone` (`zone_id`, `country_id`, `name`, `code`, `status`) VALUES ('792', '52', 'Adiake', 'ADI', '1');
INSERT INTO `ocksena_zone` (`zone_id`, `country_id`, `name`, `code`, `status`) VALUES ('793', '52', 'Adzope', 'ADZ', '1');
INSERT INTO `ocksena_zone` (`zone_id`, `country_id`, `name`, `code`, `status`) VALUES ('794', '52', 'Agboville', 'AGB', '1');
INSERT INTO `ocksena_zone` (`zone_id`, `country_id`, `name`, `code`, `status`) VALUES ('795', '52', 'Agnibilekrou', 'AGN', '1');
INSERT INTO `ocksena_zone` (`zone_id`, `country_id`, `name`, `code`, `status`) VALUES ('796', '52', 'Alepe', 'ALE', '1');
INSERT INTO `ocksena_zone` (`zone_id`, `country_id`, `name`, `code`, `status`) VALUES ('797', '52', 'Bocanda', 'BOC', '1');
INSERT INTO `ocksena_zone` (`zone_id`, `country_id`, `name`, `code`, `status`) VALUES ('798', '52', 'Bangolo', 'BAN', '1');
INSERT INTO `ocksena_zone` (`zone_id`, `country_id`, `name`, `code`, `status`) VALUES ('799', '52', 'Beoumi', 'BEO', '1');
INSERT INTO `ocksena_zone` (`zone_id`, `country_id`, `name`, `code`, `status`) VALUES ('800', '52', 'Biankouma', 'BIA', '1');
INSERT INTO `ocksena_zone` (`zone_id`, `country_id`, `name`, `code`, `status`) VALUES ('801', '52', 'Bondoukou', 'BDK', '1');
INSERT INTO `ocksena_zone` (`zone_id`, `country_id`, `name`, `code`, `status`) VALUES ('802', '52', 'Bongouanou', 'BGN', '1');
INSERT INTO `ocksena_zone` (`zone_id`, `country_id`, `name`, `code`, `status`) VALUES ('803', '52', 'Bouafle', 'BFL', '1');
INSERT INTO `ocksena_zone` (`zone_id`, `country_id`, `name`, `code`, `status`) VALUES ('804', '52', 'Bouake', 'BKE', '1');
INSERT INTO `ocksena_zone` (`zone_id`, `country_id`, `name`, `code`, `status`) VALUES ('805', '52', 'Bouna', 'BNA', '1');
INSERT INTO `ocksena_zone` (`zone_id`, `country_id`, `name`, `code`, `status`) VALUES ('806', '52', 'Boundiali', 'BDL', '1');
INSERT INTO `ocksena_zone` (`zone_id`, `country_id`, `name`, `code`, `status`) VALUES ('807', '52', 'Dabakala', 'DKL', '1');
INSERT INTO `ocksena_zone` (`zone_id`, `country_id`, `name`, `code`, `status`) VALUES ('808', '52', 'Dabou', 'DBU', '1');
INSERT INTO `ocksena_zone` (`zone_id`, `country_id`, `name`, `code`, `status`) VALUES ('809', '52', 'Daloa', 'DAL', '1');
INSERT INTO `ocksena_zone` (`zone_id`, `country_id`, `name`, `code`, `status`) VALUES ('810', '52', 'Danane', 'DAN', '1');
INSERT INTO `ocksena_zone` (`zone_id`, `country_id`, `name`, `code`, `status`) VALUES ('811', '52', 'Daoukro', 'DAO', '1');
INSERT INTO `ocksena_zone` (`zone_id`, `country_id`, `name`, `code`, `status`) VALUES ('812', '52', 'Dimbokro', 'DIM', '1');
INSERT INTO `ocksena_zone` (`zone_id`, `country_id`, `name`, `code`, `status`) VALUES ('813', '52', 'Divo', 'DIV', '1');
INSERT INTO `ocksena_zone` (`zone_id`, `country_id`, `name`, `code`, `status`) VALUES ('814', '52', 'Duekoue', 'DUE', '1');
INSERT INTO `ocksena_zone` (`zone_id`, `country_id`, `name`, `code`, `status`) VALUES ('815', '52', 'Ferkessedougou', 'FER', '1');
INSERT INTO `ocksena_zone` (`zone_id`, `country_id`, `name`, `code`, `status`) VALUES ('816', '52', 'Gagnoa', 'GAG', '1');
INSERT INTO `ocksena_zone` (`zone_id`, `country_id`, `name`, `code`, `status`) VALUES ('817', '52', 'Grand-Bassam', 'GBA', '1');
INSERT INTO `ocksena_zone` (`zone_id`, `country_id`, `name`, `code`, `status`) VALUES ('818', '52', 'Grand-Lahou', 'GLA', '1');
INSERT INTO `ocksena_zone` (`zone_id`, `country_id`, `name`, `code`, `status`) VALUES ('819', '52', 'Guiglo', 'GUI', '1');
INSERT INTO `ocksena_zone` (`zone_id`, `country_id`, `name`, `code`, `status`) VALUES ('820', '52', 'Issia', 'ISS', '1');
INSERT INTO `ocksena_zone` (`zone_id`, `country_id`, `name`, `code`, `status`) VALUES ('821', '52', 'Jacqueville', 'JAC', '1');
INSERT INTO `ocksena_zone` (`zone_id`, `country_id`, `name`, `code`, `status`) VALUES ('822', '52', 'Katiola', 'KAT', '1');
INSERT INTO `ocksena_zone` (`zone_id`, `country_id`, `name`, `code`, `status`) VALUES ('823', '52', 'Korhogo', 'KOR', '1');
INSERT INTO `ocksena_zone` (`zone_id`, `country_id`, `name`, `code`, `status`) VALUES ('824', '52', 'Lakota', 'LAK', '1');
INSERT INTO `ocksena_zone` (`zone_id`, `country_id`, `name`, `code`, `status`) VALUES ('825', '52', 'Man', 'MAN', '1');
INSERT INTO `ocksena_zone` (`zone_id`, `country_id`, `name`, `code`, `status`) VALUES ('826', '52', 'Mankono', 'MKN', '1');
INSERT INTO `ocksena_zone` (`zone_id`, `country_id`, `name`, `code`, `status`) VALUES ('827', '52', 'Mbahiakro', 'MBA', '1');
INSERT INTO `ocksena_zone` (`zone_id`, `country_id`, `name`, `code`, `status`) VALUES ('828', '52', 'Odienne', 'ODI', '1');
INSERT INTO `ocksena_zone` (`zone_id`, `country_id`, `name`, `code`, `status`) VALUES ('829', '52', 'Oume', 'OUM', '1');
INSERT INTO `ocksena_zone` (`zone_id`, `country_id`, `name`, `code`, `status`) VALUES ('830', '52', 'Sakassou', 'SAK', '1');
INSERT INTO `ocksena_zone` (`zone_id`, `country_id`, `name`, `code`, `status`) VALUES ('831', '52', 'San-Pedro', 'SPE', '1');
INSERT INTO `ocksena_zone` (`zone_id`, `country_id`, `name`, `code`, `status`) VALUES ('832', '52', 'Sassandra', 'SAS', '1');
INSERT INTO `ocksena_zone` (`zone_id`, `country_id`, `name`, `code`, `status`) VALUES ('833', '52', 'Seguela', 'SEG', '1');
INSERT INTO `ocksena_zone` (`zone_id`, `country_id`, `name`, `code`, `status`) VALUES ('834', '52', 'Sinfra', 'SIN', '1');
INSERT INTO `ocksena_zone` (`zone_id`, `country_id`, `name`, `code`, `status`) VALUES ('835', '52', 'Soubre', 'SOU', '1');
INSERT INTO `ocksena_zone` (`zone_id`, `country_id`, `name`, `code`, `status`) VALUES ('836', '52', 'Tabou', 'TAB', '1');
INSERT INTO `ocksena_zone` (`zone_id`, `country_id`, `name`, `code`, `status`) VALUES ('837', '52', 'Tanda', 'TAN', '1');
INSERT INTO `ocksena_zone` (`zone_id`, `country_id`, `name`, `code`, `status`) VALUES ('838', '52', 'Tiebissou', 'TIE', '1');
INSERT INTO `ocksena_zone` (`zone_id`, `country_id`, `name`, `code`, `status`) VALUES ('839', '52', 'Tingrela', 'TIN', '1');
INSERT INTO `ocksena_zone` (`zone_id`, `country_id`, `name`, `code`, `status`) VALUES ('840', '52', 'Tiassale', 'TIA', '1');
INSERT INTO `ocksena_zone` (`zone_id`, `country_id`, `name`, `code`, `status`) VALUES ('841', '52', 'Touba', 'TBA', '1');
INSERT INTO `ocksena_zone` (`zone_id`, `country_id`, `name`, `code`, `status`) VALUES ('842', '52', 'Toulepleu', 'TLP', '1');
INSERT INTO `ocksena_zone` (`zone_id`, `country_id`, `name`, `code`, `status`) VALUES ('843', '52', 'Toumodi', 'TMD', '1');
INSERT INTO `ocksena_zone` (`zone_id`, `country_id`, `name`, `code`, `status`) VALUES ('844', '52', 'Vavoua', 'VAV', '1');
INSERT INTO `ocksena_zone` (`zone_id`, `country_id`, `name`, `code`, `status`) VALUES ('845', '52', 'Yamoussoukro', 'YAM', '1');
INSERT INTO `ocksena_zone` (`zone_id`, `country_id`, `name`, `code`, `status`) VALUES ('846', '52', 'Zuenoula', 'ZUE', '1');
INSERT INTO `ocksena_zone` (`zone_id`, `country_id`, `name`, `code`, `status`) VALUES ('847', '53', 'Bjelovar-Bilogora', 'BB', '1');
INSERT INTO `ocksena_zone` (`zone_id`, `country_id`, `name`, `code`, `status`) VALUES ('848', '53', 'City of Zagreb', 'CZ', '1');
INSERT INTO `ocksena_zone` (`zone_id`, `country_id`, `name`, `code`, `status`) VALUES ('849', '53', 'Dubrovnik-Neretva', 'DN', '1');
INSERT INTO `ocksena_zone` (`zone_id`, `country_id`, `name`, `code`, `status`) VALUES ('850', '53', 'Istra', 'IS', '1');
INSERT INTO `ocksena_zone` (`zone_id`, `country_id`, `name`, `code`, `status`) VALUES ('851', '53', 'Karlovac', 'KA', '1');
INSERT INTO `ocksena_zone` (`zone_id`, `country_id`, `name`, `code`, `status`) VALUES ('852', '53', 'Koprivnica-Krizevci', 'KK', '1');
INSERT INTO `ocksena_zone` (`zone_id`, `country_id`, `name`, `code`, `status`) VALUES ('853', '53', 'Krapina-Zagorje', 'KZ', '1');
INSERT INTO `ocksena_zone` (`zone_id`, `country_id`, `name`, `code`, `status`) VALUES ('854', '53', 'Lika-Senj', 'LS', '1');
INSERT INTO `ocksena_zone` (`zone_id`, `country_id`, `name`, `code`, `status`) VALUES ('855', '53', 'Medimurje', 'ME', '1');
INSERT INTO `ocksena_zone` (`zone_id`, `country_id`, `name`, `code`, `status`) VALUES ('856', '53', 'Osijek-Baranja', 'OB', '1');
INSERT INTO `ocksena_zone` (`zone_id`, `country_id`, `name`, `code`, `status`) VALUES ('857', '53', 'Pozega-Slavonia', 'PS', '1');
INSERT INTO `ocksena_zone` (`zone_id`, `country_id`, `name`, `code`, `status`) VALUES ('858', '53', 'Primorje-Gorski Kotar', 'PG', '1');
INSERT INTO `ocksena_zone` (`zone_id`, `country_id`, `name`, `code`, `status`) VALUES ('859', '53', 'Sibenik', 'SI', '1');
INSERT INTO `ocksena_zone` (`zone_id`, `country_id`, `name`, `code`, `status`) VALUES ('860', '53', 'Sisak-Moslavina', 'SM', '1');
INSERT INTO `ocksena_zone` (`zone_id`, `country_id`, `name`, `code`, `status`) VALUES ('861', '53', 'Slavonski Brod-Posavina', 'SB', '1');
INSERT INTO `ocksena_zone` (`zone_id`, `country_id`, `name`, `code`, `status`) VALUES ('862', '53', 'Split-Dalmatia', 'SD', '1');
INSERT INTO `ocksena_zone` (`zone_id`, `country_id`, `name`, `code`, `status`) VALUES ('863', '53', 'Varazdin', 'VA', '1');
INSERT INTO `ocksena_zone` (`zone_id`, `country_id`, `name`, `code`, `status`) VALUES ('864', '53', 'Virovitica-Podravina', 'VP', '1');
INSERT INTO `ocksena_zone` (`zone_id`, `country_id`, `name`, `code`, `status`) VALUES ('865', '53', 'Vukovar-Srijem', 'VS', '1');
INSERT INTO `ocksena_zone` (`zone_id`, `country_id`, `name`, `code`, `status`) VALUES ('866', '53', 'Zadar-Knin', 'ZK', '1');
INSERT INTO `ocksena_zone` (`zone_id`, `country_id`, `name`, `code`, `status`) VALUES ('867', '53', 'Zagreb', 'ZA', '1');
INSERT INTO `ocksena_zone` (`zone_id`, `country_id`, `name`, `code`, `status`) VALUES ('868', '54', 'Camaguey', 'CA', '1');
INSERT INTO `ocksena_zone` (`zone_id`, `country_id`, `name`, `code`, `status`) VALUES ('869', '54', 'Ciego de Avila', 'CD', '1');
INSERT INTO `ocksena_zone` (`zone_id`, `country_id`, `name`, `code`, `status`) VALUES ('870', '54', 'Cienfuegos', 'CI', '1');
INSERT INTO `ocksena_zone` (`zone_id`, `country_id`, `name`, `code`, `status`) VALUES ('871', '54', 'Ciudad de La Habana', 'CH', '1');
INSERT INTO `ocksena_zone` (`zone_id`, `country_id`, `name`, `code`, `status`) VALUES ('872', '54', 'Granma', 'GR', '1');
INSERT INTO `ocksena_zone` (`zone_id`, `country_id`, `name`, `code`, `status`) VALUES ('873', '54', 'Guantanamo', 'GU', '1');
INSERT INTO `ocksena_zone` (`zone_id`, `country_id`, `name`, `code`, `status`) VALUES ('874', '54', 'Holguin', 'HO', '1');
INSERT INTO `ocksena_zone` (`zone_id`, `country_id`, `name`, `code`, `status`) VALUES ('875', '54', 'Isla de la Juventud', 'IJ', '1');
INSERT INTO `ocksena_zone` (`zone_id`, `country_id`, `name`, `code`, `status`) VALUES ('876', '54', 'La Habana', 'LH', '1');
INSERT INTO `ocksena_zone` (`zone_id`, `country_id`, `name`, `code`, `status`) VALUES ('877', '54', 'Las Tunas', 'LT', '1');
INSERT INTO `ocksena_zone` (`zone_id`, `country_id`, `name`, `code`, `status`) VALUES ('878', '54', 'Matanzas', 'MA', '1');
INSERT INTO `ocksena_zone` (`zone_id`, `country_id`, `name`, `code`, `status`) VALUES ('879', '54', 'Pinar del Rio', 'PR', '1');
INSERT INTO `ocksena_zone` (`zone_id`, `country_id`, `name`, `code`, `status`) VALUES ('880', '54', 'Sancti Spiritus', 'SS', '1');
INSERT INTO `ocksena_zone` (`zone_id`, `country_id`, `name`, `code`, `status`) VALUES ('881', '54', 'Santiago de Cuba', 'SC', '1');
INSERT INTO `ocksena_zone` (`zone_id`, `country_id`, `name`, `code`, `status`) VALUES ('882', '54', 'Villa Clara', 'VC', '1');
INSERT INTO `ocksena_zone` (`zone_id`, `country_id`, `name`, `code`, `status`) VALUES ('883', '55', 'Famagusta', 'F', '1');
INSERT INTO `ocksena_zone` (`zone_id`, `country_id`, `name`, `code`, `status`) VALUES ('884', '55', 'Kyrenia', 'K', '1');
INSERT INTO `ocksena_zone` (`zone_id`, `country_id`, `name`, `code`, `status`) VALUES ('885', '55', 'Larnaca', 'A', '1');
INSERT INTO `ocksena_zone` (`zone_id`, `country_id`, `name`, `code`, `status`) VALUES ('886', '55', 'Limassol', 'I', '1');
INSERT INTO `ocksena_zone` (`zone_id`, `country_id`, `name`, `code`, `status`) VALUES ('887', '55', 'Nicosia', 'N', '1');
INSERT INTO `ocksena_zone` (`zone_id`, `country_id`, `name`, `code`, `status`) VALUES ('888', '55', 'Paphos', 'P', '1');
INSERT INTO `ocksena_zone` (`zone_id`, `country_id`, `name`, `code`, `status`) VALUES ('889', '56', 'Ústecký', 'U', '1');
INSERT INTO `ocksena_zone` (`zone_id`, `country_id`, `name`, `code`, `status`) VALUES ('890', '56', 'Jihočeský', 'C', '1');
INSERT INTO `ocksena_zone` (`zone_id`, `country_id`, `name`, `code`, `status`) VALUES ('891', '56', 'Jihomoravský', 'B', '1');
INSERT INTO `ocksena_zone` (`zone_id`, `country_id`, `name`, `code`, `status`) VALUES ('892', '56', 'Karlovarský', 'K', '1');
INSERT INTO `ocksena_zone` (`zone_id`, `country_id`, `name`, `code`, `status`) VALUES ('893', '56', 'Královehradecký', 'H', '1');
INSERT INTO `ocksena_zone` (`zone_id`, `country_id`, `name`, `code`, `status`) VALUES ('894', '56', 'Liberecký', 'L', '1');
INSERT INTO `ocksena_zone` (`zone_id`, `country_id`, `name`, `code`, `status`) VALUES ('895', '56', 'Moravskoslezský', 'T', '1');
INSERT INTO `ocksena_zone` (`zone_id`, `country_id`, `name`, `code`, `status`) VALUES ('896', '56', 'Olomoucký', 'M', '1');
INSERT INTO `ocksena_zone` (`zone_id`, `country_id`, `name`, `code`, `status`) VALUES ('897', '56', 'Pardubický', 'E', '1');
INSERT INTO `ocksena_zone` (`zone_id`, `country_id`, `name`, `code`, `status`) VALUES ('898', '56', 'Plzeňský', 'P', '1');
INSERT INTO `ocksena_zone` (`zone_id`, `country_id`, `name`, `code`, `status`) VALUES ('899', '56', 'Praha', 'A', '1');
INSERT INTO `ocksena_zone` (`zone_id`, `country_id`, `name`, `code`, `status`) VALUES ('900', '56', 'Středočeský', 'S', '1');
INSERT INTO `ocksena_zone` (`zone_id`, `country_id`, `name`, `code`, `status`) VALUES ('901', '56', 'Vysočina', 'J', '1');
INSERT INTO `ocksena_zone` (`zone_id`, `country_id`, `name`, `code`, `status`) VALUES ('902', '56', 'Zlínský', 'Z', '1');
INSERT INTO `ocksena_zone` (`zone_id`, `country_id`, `name`, `code`, `status`) VALUES ('903', '57', 'Arhus', 'AR', '1');
INSERT INTO `ocksena_zone` (`zone_id`, `country_id`, `name`, `code`, `status`) VALUES ('904', '57', 'Bornholm', 'BH', '1');
INSERT INTO `ocksena_zone` (`zone_id`, `country_id`, `name`, `code`, `status`) VALUES ('905', '57', 'Copenhagen', 'CO', '1');
INSERT INTO `ocksena_zone` (`zone_id`, `country_id`, `name`, `code`, `status`) VALUES ('906', '57', 'Faroe Islands', 'FO', '1');
INSERT INTO `ocksena_zone` (`zone_id`, `country_id`, `name`, `code`, `status`) VALUES ('907', '57', 'Frederiksborg', 'FR', '1');
INSERT INTO `ocksena_zone` (`zone_id`, `country_id`, `name`, `code`, `status`) VALUES ('908', '57', 'Fyn', 'FY', '1');
INSERT INTO `ocksena_zone` (`zone_id`, `country_id`, `name`, `code`, `status`) VALUES ('909', '57', 'Kobenhavn', 'KO', '1');
INSERT INTO `ocksena_zone` (`zone_id`, `country_id`, `name`, `code`, `status`) VALUES ('910', '57', 'Nordjylland', 'NO', '1');
INSERT INTO `ocksena_zone` (`zone_id`, `country_id`, `name`, `code`, `status`) VALUES ('911', '57', 'Ribe', 'RI', '1');
INSERT INTO `ocksena_zone` (`zone_id`, `country_id`, `name`, `code`, `status`) VALUES ('912', '57', 'Ringkobing', 'RK', '1');
INSERT INTO `ocksena_zone` (`zone_id`, `country_id`, `name`, `code`, `status`) VALUES ('913', '57', 'Roskilde', 'RO', '1');
INSERT INTO `ocksena_zone` (`zone_id`, `country_id`, `name`, `code`, `status`) VALUES ('914', '57', 'Sonderjylland', 'SO', '1');
INSERT INTO `ocksena_zone` (`zone_id`, `country_id`, `name`, `code`, `status`) VALUES ('915', '57', 'Storstrom', 'ST', '1');
INSERT INTO `ocksena_zone` (`zone_id`, `country_id`, `name`, `code`, `status`) VALUES ('916', '57', 'Vejle', 'VK', '1');
INSERT INTO `ocksena_zone` (`zone_id`, `country_id`, `name`, `code`, `status`) VALUES ('917', '57', 'Vestj&aelig;lland', 'VJ', '1');
INSERT INTO `ocksena_zone` (`zone_id`, `country_id`, `name`, `code`, `status`) VALUES ('918', '57', 'Viborg', 'VB', '1');
INSERT INTO `ocksena_zone` (`zone_id`, `country_id`, `name`, `code`, `status`) VALUES ('919', '58', '\'Ali Sabih', 'S', '1');
INSERT INTO `ocksena_zone` (`zone_id`, `country_id`, `name`, `code`, `status`) VALUES ('920', '58', 'Dikhil', 'K', '1');
INSERT INTO `ocksena_zone` (`zone_id`, `country_id`, `name`, `code`, `status`) VALUES ('921', '58', 'Djibouti', 'J', '1');
INSERT INTO `ocksena_zone` (`zone_id`, `country_id`, `name`, `code`, `status`) VALUES ('922', '58', 'Obock', 'O', '1');
INSERT INTO `ocksena_zone` (`zone_id`, `country_id`, `name`, `code`, `status`) VALUES ('923', '58', 'Tadjoura', 'T', '1');
INSERT INTO `ocksena_zone` (`zone_id`, `country_id`, `name`, `code`, `status`) VALUES ('924', '59', 'Saint Andrew Parish', 'AND', '1');
INSERT INTO `ocksena_zone` (`zone_id`, `country_id`, `name`, `code`, `status`) VALUES ('925', '59', 'Saint David Parish', 'DAV', '1');
INSERT INTO `ocksena_zone` (`zone_id`, `country_id`, `name`, `code`, `status`) VALUES ('926', '59', 'Saint George Parish', 'GEO', '1');
INSERT INTO `ocksena_zone` (`zone_id`, `country_id`, `name`, `code`, `status`) VALUES ('927', '59', 'Saint John Parish', 'JOH', '1');
INSERT INTO `ocksena_zone` (`zone_id`, `country_id`, `name`, `code`, `status`) VALUES ('928', '59', 'Saint Joseph Parish', 'JOS', '1');
INSERT INTO `ocksena_zone` (`zone_id`, `country_id`, `name`, `code`, `status`) VALUES ('929', '59', 'Saint Luke Parish', 'LUK', '1');
INSERT INTO `ocksena_zone` (`zone_id`, `country_id`, `name`, `code`, `status`) VALUES ('930', '59', 'Saint Mark Parish', 'MAR', '1');
INSERT INTO `ocksena_zone` (`zone_id`, `country_id`, `name`, `code`, `status`) VALUES ('931', '59', 'Saint Patrick Parish', 'PAT', '1');
INSERT INTO `ocksena_zone` (`zone_id`, `country_id`, `name`, `code`, `status`) VALUES ('932', '59', 'Saint Paul Parish', 'PAU', '1');
INSERT INTO `ocksena_zone` (`zone_id`, `country_id`, `name`, `code`, `status`) VALUES ('933', '59', 'Saint Peter Parish', 'PET', '1');
INSERT INTO `ocksena_zone` (`zone_id`, `country_id`, `name`, `code`, `status`) VALUES ('934', '60', 'Distrito Nacional', 'DN', '1');
INSERT INTO `ocksena_zone` (`zone_id`, `country_id`, `name`, `code`, `status`) VALUES ('935', '60', 'Azua', 'AZ', '1');
INSERT INTO `ocksena_zone` (`zone_id`, `country_id`, `name`, `code`, `status`) VALUES ('936', '60', 'Baoruco', 'BC', '1');
INSERT INTO `ocksena_zone` (`zone_id`, `country_id`, `name`, `code`, `status`) VALUES ('937', '60', 'Barahona', 'BH', '1');
INSERT INTO `ocksena_zone` (`zone_id`, `country_id`, `name`, `code`, `status`) VALUES ('938', '60', 'Dajabon', 'DJ', '1');
INSERT INTO `ocksena_zone` (`zone_id`, `country_id`, `name`, `code`, `status`) VALUES ('939', '60', 'Duarte', 'DU', '1');
INSERT INTO `ocksena_zone` (`zone_id`, `country_id`, `name`, `code`, `status`) VALUES ('940', '60', 'Elias Pina', 'EL', '1');
INSERT INTO `ocksena_zone` (`zone_id`, `country_id`, `name`, `code`, `status`) VALUES ('941', '60', 'El Seybo', 'SY', '1');
INSERT INTO `ocksena_zone` (`zone_id`, `country_id`, `name`, `code`, `status`) VALUES ('942', '60', 'Espaillat', 'ET', '1');
INSERT INTO `ocksena_zone` (`zone_id`, `country_id`, `name`, `code`, `status`) VALUES ('943', '60', 'Hato Mayor', 'HM', '1');
INSERT INTO `ocksena_zone` (`zone_id`, `country_id`, `name`, `code`, `status`) VALUES ('944', '60', 'Independencia', 'IN', '1');
INSERT INTO `ocksena_zone` (`zone_id`, `country_id`, `name`, `code`, `status`) VALUES ('945', '60', 'La Altagracia', 'AL', '1');
INSERT INTO `ocksena_zone` (`zone_id`, `country_id`, `name`, `code`, `status`) VALUES ('946', '60', 'La Romana', 'RO', '1');
INSERT INTO `ocksena_zone` (`zone_id`, `country_id`, `name`, `code`, `status`) VALUES ('947', '60', 'La Vega', 'VE', '1');
INSERT INTO `ocksena_zone` (`zone_id`, `country_id`, `name`, `code`, `status`) VALUES ('948', '60', 'Maria Trinidad Sanchez', 'MT', '1');
INSERT INTO `ocksena_zone` (`zone_id`, `country_id`, `name`, `code`, `status`) VALUES ('949', '60', 'Monsenor Nouel', 'MN', '1');
INSERT INTO `ocksena_zone` (`zone_id`, `country_id`, `name`, `code`, `status`) VALUES ('950', '60', 'Monte Cristi', 'MC', '1');
INSERT INTO `ocksena_zone` (`zone_id`, `country_id`, `name`, `code`, `status`) VALUES ('951', '60', 'Monte Plata', 'MP', '1');
INSERT INTO `ocksena_zone` (`zone_id`, `country_id`, `name`, `code`, `status`) VALUES ('952', '60', 'Pedernales', 'PD', '1');
INSERT INTO `ocksena_zone` (`zone_id`, `country_id`, `name`, `code`, `status`) VALUES ('953', '60', 'Peravia (Bani)', 'PR', '1');
INSERT INTO `ocksena_zone` (`zone_id`, `country_id`, `name`, `code`, `status`) VALUES ('954', '60', 'Puerto Plata', 'PP', '1');
INSERT INTO `ocksena_zone` (`zone_id`, `country_id`, `name`, `code`, `status`) VALUES ('955', '60', 'Salcedo', 'SL', '1');
INSERT INTO `ocksena_zone` (`zone_id`, `country_id`, `name`, `code`, `status`) VALUES ('956', '60', 'Samana', 'SM', '1');
INSERT INTO `ocksena_zone` (`zone_id`, `country_id`, `name`, `code`, `status`) VALUES ('957', '60', 'Sanchez Ramirez', 'SH', '1');
INSERT INTO `ocksena_zone` (`zone_id`, `country_id`, `name`, `code`, `status`) VALUES ('958', '60', 'San Cristobal', 'SC', '1');
INSERT INTO `ocksena_zone` (`zone_id`, `country_id`, `name`, `code`, `status`) VALUES ('959', '60', 'San Jose de Ocoa', 'JO', '1');
INSERT INTO `ocksena_zone` (`zone_id`, `country_id`, `name`, `code`, `status`) VALUES ('960', '60', 'San Juan', 'SJ', '1');
INSERT INTO `ocksena_zone` (`zone_id`, `country_id`, `name`, `code`, `status`) VALUES ('961', '60', 'San Pedro de Macoris', 'PM', '1');
INSERT INTO `ocksena_zone` (`zone_id`, `country_id`, `name`, `code`, `status`) VALUES ('962', '60', 'Santiago', 'SA', '1');
INSERT INTO `ocksena_zone` (`zone_id`, `country_id`, `name`, `code`, `status`) VALUES ('963', '60', 'Santiago Rodriguez', 'ST', '1');
INSERT INTO `ocksena_zone` (`zone_id`, `country_id`, `name`, `code`, `status`) VALUES ('964', '60', 'Santo Domingo', 'SD', '1');
INSERT INTO `ocksena_zone` (`zone_id`, `country_id`, `name`, `code`, `status`) VALUES ('965', '60', 'Valverde', 'VA', '1');
INSERT INTO `ocksena_zone` (`zone_id`, `country_id`, `name`, `code`, `status`) VALUES ('966', '61', 'Aileu', 'AL', '1');
INSERT INTO `ocksena_zone` (`zone_id`, `country_id`, `name`, `code`, `status`) VALUES ('967', '61', 'Ainaro', 'AN', '1');
INSERT INTO `ocksena_zone` (`zone_id`, `country_id`, `name`, `code`, `status`) VALUES ('968', '61', 'Baucau', 'BA', '1');
INSERT INTO `ocksena_zone` (`zone_id`, `country_id`, `name`, `code`, `status`) VALUES ('969', '61', 'Bobonaro', 'BO', '1');
INSERT INTO `ocksena_zone` (`zone_id`, `country_id`, `name`, `code`, `status`) VALUES ('970', '61', 'Cova Lima', 'CO', '1');
INSERT INTO `ocksena_zone` (`zone_id`, `country_id`, `name`, `code`, `status`) VALUES ('971', '61', 'Dili', 'DI', '1');
INSERT INTO `ocksena_zone` (`zone_id`, `country_id`, `name`, `code`, `status`) VALUES ('972', '61', 'Ermera', 'ER', '1');
INSERT INTO `ocksena_zone` (`zone_id`, `country_id`, `name`, `code`, `status`) VALUES ('973', '61', 'Lautem', 'LA', '1');
INSERT INTO `ocksena_zone` (`zone_id`, `country_id`, `name`, `code`, `status`) VALUES ('974', '61', 'Liquica', 'LI', '1');
INSERT INTO `ocksena_zone` (`zone_id`, `country_id`, `name`, `code`, `status`) VALUES ('975', '61', 'Manatuto', 'MT', '1');
INSERT INTO `ocksena_zone` (`zone_id`, `country_id`, `name`, `code`, `status`) VALUES ('976', '61', 'Manufahi', 'MF', '1');
INSERT INTO `ocksena_zone` (`zone_id`, `country_id`, `name`, `code`, `status`) VALUES ('977', '61', 'Oecussi', 'OE', '1');
INSERT INTO `ocksena_zone` (`zone_id`, `country_id`, `name`, `code`, `status`) VALUES ('978', '61', 'Viqueque', 'VI', '1');
INSERT INTO `ocksena_zone` (`zone_id`, `country_id`, `name`, `code`, `status`) VALUES ('979', '62', 'Azuay', 'AZU', '1');
INSERT INTO `ocksena_zone` (`zone_id`, `country_id`, `name`, `code`, `status`) VALUES ('980', '62', 'Bolivar', 'BOL', '1');
INSERT INTO `ocksena_zone` (`zone_id`, `country_id`, `name`, `code`, `status`) VALUES ('981', '62', 'Ca&ntilde;ar', 'CAN', '1');
INSERT INTO `ocksena_zone` (`zone_id`, `country_id`, `name`, `code`, `status`) VALUES ('982', '62', 'Carchi', 'CAR', '1');
INSERT INTO `ocksena_zone` (`zone_id`, `country_id`, `name`, `code`, `status`) VALUES ('983', '62', 'Chimborazo', 'CHI', '1');
INSERT INTO `ocksena_zone` (`zone_id`, `country_id`, `name`, `code`, `status`) VALUES ('984', '62', 'Cotopaxi', 'COT', '1');
INSERT INTO `ocksena_zone` (`zone_id`, `country_id`, `name`, `code`, `status`) VALUES ('985', '62', 'El Oro', 'EOR', '1');
INSERT INTO `ocksena_zone` (`zone_id`, `country_id`, `name`, `code`, `status`) VALUES ('986', '62', 'Esmeraldas', 'ESM', '1');
INSERT INTO `ocksena_zone` (`zone_id`, `country_id`, `name`, `code`, `status`) VALUES ('987', '62', 'Gal&aacute;pagos', 'GPS', '1');
INSERT INTO `ocksena_zone` (`zone_id`, `country_id`, `name`, `code`, `status`) VALUES ('988', '62', 'Guayas', 'GUA', '1');
INSERT INTO `ocksena_zone` (`zone_id`, `country_id`, `name`, `code`, `status`) VALUES ('989', '62', 'Imbabura', 'IMB', '1');
INSERT INTO `ocksena_zone` (`zone_id`, `country_id`, `name`, `code`, `status`) VALUES ('990', '62', 'Loja', 'LOJ', '1');
INSERT INTO `ocksena_zone` (`zone_id`, `country_id`, `name`, `code`, `status`) VALUES ('991', '62', 'Los Rios', 'LRO', '1');
INSERT INTO `ocksena_zone` (`zone_id`, `country_id`, `name`, `code`, `status`) VALUES ('992', '62', 'Manab&iacute;', 'MAN', '1');
INSERT INTO `ocksena_zone` (`zone_id`, `country_id`, `name`, `code`, `status`) VALUES ('993', '62', 'Morona Santiago', 'MSA', '1');
INSERT INTO `ocksena_zone` (`zone_id`, `country_id`, `name`, `code`, `status`) VALUES ('994', '62', 'Napo', 'NAP', '1');
INSERT INTO `ocksena_zone` (`zone_id`, `country_id`, `name`, `code`, `status`) VALUES ('995', '62', 'Orellana', 'ORE', '1');
INSERT INTO `ocksena_zone` (`zone_id`, `country_id`, `name`, `code`, `status`) VALUES ('996', '62', 'Pastaza', 'PAS', '1');
INSERT INTO `ocksena_zone` (`zone_id`, `country_id`, `name`, `code`, `status`) VALUES ('997', '62', 'Pichincha', 'PIC', '1');
INSERT INTO `ocksena_zone` (`zone_id`, `country_id`, `name`, `code`, `status`) VALUES ('998', '62', 'Sucumb&iacute;os', 'SUC', '1');
INSERT INTO `ocksena_zone` (`zone_id`, `country_id`, `name`, `code`, `status`) VALUES ('999', '62', 'Tungurahua', 'TUN', '1');
INSERT INTO `ocksena_zone` (`zone_id`, `country_id`, `name`, `code`, `status`) VALUES ('1000', '62', 'Zamora Chinchipe', 'ZCH', '1');
INSERT INTO `ocksena_zone` (`zone_id`, `country_id`, `name`, `code`, `status`) VALUES ('1001', '63', 'Ad Daqahliyah', 'DHY', '1');
INSERT INTO `ocksena_zone` (`zone_id`, `country_id`, `name`, `code`, `status`) VALUES ('1002', '63', 'Al Bahr al Ahmar', 'BAM', '1');
INSERT INTO `ocksena_zone` (`zone_id`, `country_id`, `name`, `code`, `status`) VALUES ('1003', '63', 'Al Buhayrah', 'BHY', '1');
INSERT INTO `ocksena_zone` (`zone_id`, `country_id`, `name`, `code`, `status`) VALUES ('1004', '63', 'Al Fayyum', 'FYM', '1');
INSERT INTO `ocksena_zone` (`zone_id`, `country_id`, `name`, `code`, `status`) VALUES ('1005', '63', 'Al Gharbiyah', 'GBY', '1');
INSERT INTO `ocksena_zone` (`zone_id`, `country_id`, `name`, `code`, `status`) VALUES ('1006', '63', 'Al Iskandariyah', 'IDR', '1');
INSERT INTO `ocksena_zone` (`zone_id`, `country_id`, `name`, `code`, `status`) VALUES ('1007', '63', 'Al Isma\'iliyah', 'IML', '1');
INSERT INTO `ocksena_zone` (`zone_id`, `country_id`, `name`, `code`, `status`) VALUES ('1008', '63', 'Al Jizah', 'JZH', '1');
INSERT INTO `ocksena_zone` (`zone_id`, `country_id`, `name`, `code`, `status`) VALUES ('1009', '63', 'Al Minufiyah', 'MFY', '1');
INSERT INTO `ocksena_zone` (`zone_id`, `country_id`, `name`, `code`, `status`) VALUES ('1010', '63', 'Al Minya', 'MNY', '1');
INSERT INTO `ocksena_zone` (`zone_id`, `country_id`, `name`, `code`, `status`) VALUES ('1011', '63', 'Al Qahirah', 'QHR', '1');
INSERT INTO `ocksena_zone` (`zone_id`, `country_id`, `name`, `code`, `status`) VALUES ('1012', '63', 'Al Qalyubiyah', 'QLY', '1');
INSERT INTO `ocksena_zone` (`zone_id`, `country_id`, `name`, `code`, `status`) VALUES ('1013', '63', 'Al Wadi al Jadid', 'WJD', '1');
INSERT INTO `ocksena_zone` (`zone_id`, `country_id`, `name`, `code`, `status`) VALUES ('1014', '63', 'Ash Sharqiyah', 'SHQ', '1');
INSERT INTO `ocksena_zone` (`zone_id`, `country_id`, `name`, `code`, `status`) VALUES ('1015', '63', 'As Suways', 'SWY', '1');
INSERT INTO `ocksena_zone` (`zone_id`, `country_id`, `name`, `code`, `status`) VALUES ('1016', '63', 'Aswan', 'ASW', '1');
INSERT INTO `ocksena_zone` (`zone_id`, `country_id`, `name`, `code`, `status`) VALUES ('1017', '63', 'Asyut', 'ASY', '1');
INSERT INTO `ocksena_zone` (`zone_id`, `country_id`, `name`, `code`, `status`) VALUES ('1018', '63', 'Bani Suwayf', 'BSW', '1');
INSERT INTO `ocksena_zone` (`zone_id`, `country_id`, `name`, `code`, `status`) VALUES ('1019', '63', 'Bur Sa\'id', 'BSD', '1');
INSERT INTO `ocksena_zone` (`zone_id`, `country_id`, `name`, `code`, `status`) VALUES ('1020', '63', 'Dumyat', 'DMY', '1');
INSERT INTO `ocksena_zone` (`zone_id`, `country_id`, `name`, `code`, `status`) VALUES ('1021', '63', 'Janub Sina\'', 'JNS', '1');
INSERT INTO `ocksena_zone` (`zone_id`, `country_id`, `name`, `code`, `status`) VALUES ('1022', '63', 'Kafr ash Shaykh', 'KSH', '1');
INSERT INTO `ocksena_zone` (`zone_id`, `country_id`, `name`, `code`, `status`) VALUES ('1023', '63', 'Matruh', 'MAT', '1');
INSERT INTO `ocksena_zone` (`zone_id`, `country_id`, `name`, `code`, `status`) VALUES ('1024', '63', 'Qina', 'QIN', '1');
INSERT INTO `ocksena_zone` (`zone_id`, `country_id`, `name`, `code`, `status`) VALUES ('1025', '63', 'Shamal Sina\'', 'SHS', '1');
INSERT INTO `ocksena_zone` (`zone_id`, `country_id`, `name`, `code`, `status`) VALUES ('1026', '63', 'Suhaj', 'SUH', '1');
INSERT INTO `ocksena_zone` (`zone_id`, `country_id`, `name`, `code`, `status`) VALUES ('1027', '64', 'Ahuachapan', 'AH', '1');
INSERT INTO `ocksena_zone` (`zone_id`, `country_id`, `name`, `code`, `status`) VALUES ('1028', '64', 'Cabanas', 'CA', '1');
INSERT INTO `ocksena_zone` (`zone_id`, `country_id`, `name`, `code`, `status`) VALUES ('1029', '64', 'Chalatenango', 'CH', '1');
INSERT INTO `ocksena_zone` (`zone_id`, `country_id`, `name`, `code`, `status`) VALUES ('1030', '64', 'Cuscatlan', 'CU', '1');
INSERT INTO `ocksena_zone` (`zone_id`, `country_id`, `name`, `code`, `status`) VALUES ('1031', '64', 'La Libertad', 'LB', '1');
INSERT INTO `ocksena_zone` (`zone_id`, `country_id`, `name`, `code`, `status`) VALUES ('1032', '64', 'La Paz', 'PZ', '1');
INSERT INTO `ocksena_zone` (`zone_id`, `country_id`, `name`, `code`, `status`) VALUES ('1033', '64', 'La Union', 'UN', '1');
INSERT INTO `ocksena_zone` (`zone_id`, `country_id`, `name`, `code`, `status`) VALUES ('1034', '64', 'Morazan', 'MO', '1');
INSERT INTO `ocksena_zone` (`zone_id`, `country_id`, `name`, `code`, `status`) VALUES ('1035', '64', 'San Miguel', 'SM', '1');
INSERT INTO `ocksena_zone` (`zone_id`, `country_id`, `name`, `code`, `status`) VALUES ('1036', '64', 'San Salvador', 'SS', '1');
INSERT INTO `ocksena_zone` (`zone_id`, `country_id`, `name`, `code`, `status`) VALUES ('1037', '64', 'San Vicente', 'SV', '1');
INSERT INTO `ocksena_zone` (`zone_id`, `country_id`, `name`, `code`, `status`) VALUES ('1038', '64', 'Santa Ana', 'SA', '1');
INSERT INTO `ocksena_zone` (`zone_id`, `country_id`, `name`, `code`, `status`) VALUES ('1039', '64', 'Sonsonate', 'SO', '1');
INSERT INTO `ocksena_zone` (`zone_id`, `country_id`, `name`, `code`, `status`) VALUES ('1040', '64', 'Usulutan', 'US', '1');
INSERT INTO `ocksena_zone` (`zone_id`, `country_id`, `name`, `code`, `status`) VALUES ('1041', '65', 'Provincia Annobon', 'AN', '1');
INSERT INTO `ocksena_zone` (`zone_id`, `country_id`, `name`, `code`, `status`) VALUES ('1042', '65', 'Provincia Bioko Norte', 'BN', '1');
INSERT INTO `ocksena_zone` (`zone_id`, `country_id`, `name`, `code`, `status`) VALUES ('1043', '65', 'Provincia Bioko Sur', 'BS', '1');
INSERT INTO `ocksena_zone` (`zone_id`, `country_id`, `name`, `code`, `status`) VALUES ('1044', '65', 'Provincia Centro Sur', 'CS', '1');
INSERT INTO `ocksena_zone` (`zone_id`, `country_id`, `name`, `code`, `status`) VALUES ('1045', '65', 'Provincia Kie-Ntem', 'KN', '1');
INSERT INTO `ocksena_zone` (`zone_id`, `country_id`, `name`, `code`, `status`) VALUES ('1046', '65', 'Provincia Litoral', 'LI', '1');
INSERT INTO `ocksena_zone` (`zone_id`, `country_id`, `name`, `code`, `status`) VALUES ('1047', '65', 'Provincia Wele-Nzas', 'WN', '1');
INSERT INTO `ocksena_zone` (`zone_id`, `country_id`, `name`, `code`, `status`) VALUES ('1048', '66', 'Central (Maekel)', 'MA', '1');
INSERT INTO `ocksena_zone` (`zone_id`, `country_id`, `name`, `code`, `status`) VALUES ('1049', '66', 'Anseba (Keren)', 'KE', '1');
INSERT INTO `ocksena_zone` (`zone_id`, `country_id`, `name`, `code`, `status`) VALUES ('1050', '66', 'Southern Red Sea (Debub-Keih-Bahri)', 'DK', '1');
INSERT INTO `ocksena_zone` (`zone_id`, `country_id`, `name`, `code`, `status`) VALUES ('1051', '66', 'Northern Red Sea (Semien-Keih-Bahri)', 'SK', '1');
INSERT INTO `ocksena_zone` (`zone_id`, `country_id`, `name`, `code`, `status`) VALUES ('1052', '66', 'Southern (Debub)', 'DE', '1');
INSERT INTO `ocksena_zone` (`zone_id`, `country_id`, `name`, `code`, `status`) VALUES ('1053', '66', 'Gash-Barka (Barentu)', 'BR', '1');
INSERT INTO `ocksena_zone` (`zone_id`, `country_id`, `name`, `code`, `status`) VALUES ('1054', '67', 'Harjumaa (Tallinn)', 'HA', '1');
INSERT INTO `ocksena_zone` (`zone_id`, `country_id`, `name`, `code`, `status`) VALUES ('1055', '67', 'Hiiumaa (Kardla)', 'HI', '1');
INSERT INTO `ocksena_zone` (`zone_id`, `country_id`, `name`, `code`, `status`) VALUES ('1056', '67', 'Ida-Virumaa (Johvi)', 'IV', '1');
INSERT INTO `ocksena_zone` (`zone_id`, `country_id`, `name`, `code`, `status`) VALUES ('1057', '67', 'Jarvamaa (Paide)', 'JA', '1');
INSERT INTO `ocksena_zone` (`zone_id`, `country_id`, `name`, `code`, `status`) VALUES ('1058', '67', 'Jogevamaa (Jogeva)', 'JO', '1');
INSERT INTO `ocksena_zone` (`zone_id`, `country_id`, `name`, `code`, `status`) VALUES ('1059', '67', 'Laane-Virumaa (Rakvere)', 'LV', '1');
INSERT INTO `ocksena_zone` (`zone_id`, `country_id`, `name`, `code`, `status`) VALUES ('1060', '67', 'Laanemaa (Haapsalu)', 'LA', '1');
INSERT INTO `ocksena_zone` (`zone_id`, `country_id`, `name`, `code`, `status`) VALUES ('1061', '67', 'Parnumaa (Parnu)', 'PA', '1');
INSERT INTO `ocksena_zone` (`zone_id`, `country_id`, `name`, `code`, `status`) VALUES ('1062', '67', 'Polvamaa (Polva)', 'PO', '1');
INSERT INTO `ocksena_zone` (`zone_id`, `country_id`, `name`, `code`, `status`) VALUES ('1063', '67', 'Raplamaa (Rapla)', 'RA', '1');
INSERT INTO `ocksena_zone` (`zone_id`, `country_id`, `name`, `code`, `status`) VALUES ('1064', '67', 'Saaremaa (Kuessaare)', 'SA', '1');
INSERT INTO `ocksena_zone` (`zone_id`, `country_id`, `name`, `code`, `status`) VALUES ('1065', '67', 'Tartumaa (Tartu)', 'TA', '1');
INSERT INTO `ocksena_zone` (`zone_id`, `country_id`, `name`, `code`, `status`) VALUES ('1066', '67', 'Valgamaa (Valga)', 'VA', '1');
INSERT INTO `ocksena_zone` (`zone_id`, `country_id`, `name`, `code`, `status`) VALUES ('1067', '67', 'Viljandimaa (Viljandi)', 'VI', '1');
INSERT INTO `ocksena_zone` (`zone_id`, `country_id`, `name`, `code`, `status`) VALUES ('1068', '67', 'Vorumaa (Voru)', 'VO', '1');
INSERT INTO `ocksena_zone` (`zone_id`, `country_id`, `name`, `code`, `status`) VALUES ('1069', '68', 'Afar', 'AF', '1');
INSERT INTO `ocksena_zone` (`zone_id`, `country_id`, `name`, `code`, `status`) VALUES ('1070', '68', 'Amhara', 'AH', '1');
INSERT INTO `ocksena_zone` (`zone_id`, `country_id`, `name`, `code`, `status`) VALUES ('1071', '68', 'Benishangul-Gumaz', 'BG', '1');
INSERT INTO `ocksena_zone` (`zone_id`, `country_id`, `name`, `code`, `status`) VALUES ('1072', '68', 'Gambela', 'GB', '1');
INSERT INTO `ocksena_zone` (`zone_id`, `country_id`, `name`, `code`, `status`) VALUES ('1073', '68', 'Hariai', 'HR', '1');
INSERT INTO `ocksena_zone` (`zone_id`, `country_id`, `name`, `code`, `status`) VALUES ('1074', '68', 'Oromia', 'OR', '1');
INSERT INTO `ocksena_zone` (`zone_id`, `country_id`, `name`, `code`, `status`) VALUES ('1075', '68', 'Somali', 'SM', '1');
INSERT INTO `ocksena_zone` (`zone_id`, `country_id`, `name`, `code`, `status`) VALUES ('1076', '68', 'Southern Nations - Nationalities and Peoples Region', 'SN', '1');
INSERT INTO `ocksena_zone` (`zone_id`, `country_id`, `name`, `code`, `status`) VALUES ('1077', '68', 'Tigray', 'TG', '1');
INSERT INTO `ocksena_zone` (`zone_id`, `country_id`, `name`, `code`, `status`) VALUES ('1078', '68', 'Addis Ababa', 'AA', '1');
INSERT INTO `ocksena_zone` (`zone_id`, `country_id`, `name`, `code`, `status`) VALUES ('1079', '68', 'Dire Dawa', 'DD', '1');
INSERT INTO `ocksena_zone` (`zone_id`, `country_id`, `name`, `code`, `status`) VALUES ('1080', '71', 'Central Division', 'C', '1');
INSERT INTO `ocksena_zone` (`zone_id`, `country_id`, `name`, `code`, `status`) VALUES ('1081', '71', 'Northern Division', 'N', '1');
INSERT INTO `ocksena_zone` (`zone_id`, `country_id`, `name`, `code`, `status`) VALUES ('1082', '71', 'Eastern Division', 'E', '1');
INSERT INTO `ocksena_zone` (`zone_id`, `country_id`, `name`, `code`, `status`) VALUES ('1083', '71', 'Western Division', 'W', '1');
INSERT INTO `ocksena_zone` (`zone_id`, `country_id`, `name`, `code`, `status`) VALUES ('1084', '71', 'Rotuma', 'R', '1');
INSERT INTO `ocksena_zone` (`zone_id`, `country_id`, `name`, `code`, `status`) VALUES ('1085', '72', 'Ahvenanmaan Laani', 'AL', '1');
INSERT INTO `ocksena_zone` (`zone_id`, `country_id`, `name`, `code`, `status`) VALUES ('1086', '72', 'Etela-Suomen Laani', 'ES', '1');
INSERT INTO `ocksena_zone` (`zone_id`, `country_id`, `name`, `code`, `status`) VALUES ('1087', '72', 'Ita-Suomen Laani', 'IS', '1');
INSERT INTO `ocksena_zone` (`zone_id`, `country_id`, `name`, `code`, `status`) VALUES ('1088', '72', 'Lansi-Suomen Laani', 'LS', '1');
INSERT INTO `ocksena_zone` (`zone_id`, `country_id`, `name`, `code`, `status`) VALUES ('1089', '72', 'Lapin Lanani', 'LA', '1');
INSERT INTO `ocksena_zone` (`zone_id`, `country_id`, `name`, `code`, `status`) VALUES ('1090', '72', 'Oulun Laani', 'OU', '1');
INSERT INTO `ocksena_zone` (`zone_id`, `country_id`, `name`, `code`, `status`) VALUES ('1114', '74', 'Ain', '01', '1');
INSERT INTO `ocksena_zone` (`zone_id`, `country_id`, `name`, `code`, `status`) VALUES ('1115', '74', 'Aisne', '02', '1');
INSERT INTO `ocksena_zone` (`zone_id`, `country_id`, `name`, `code`, `status`) VALUES ('1116', '74', 'Allier', '03', '1');
INSERT INTO `ocksena_zone` (`zone_id`, `country_id`, `name`, `code`, `status`) VALUES ('1117', '74', 'Alpes de Haute Provence', '04', '1');
INSERT INTO `ocksena_zone` (`zone_id`, `country_id`, `name`, `code`, `status`) VALUES ('1118', '74', 'Hautes-Alpes', '05', '1');
INSERT INTO `ocksena_zone` (`zone_id`, `country_id`, `name`, `code`, `status`) VALUES ('1119', '74', 'Alpes Maritimes', '06', '1');
INSERT INTO `ocksena_zone` (`zone_id`, `country_id`, `name`, `code`, `status`) VALUES ('1120', '74', 'Ard&egrave;che', '07', '1');
INSERT INTO `ocksena_zone` (`zone_id`, `country_id`, `name`, `code`, `status`) VALUES ('1121', '74', 'Ardennes', '08', '1');
INSERT INTO `ocksena_zone` (`zone_id`, `country_id`, `name`, `code`, `status`) VALUES ('1122', '74', 'Ari&egrave;ge', '09', '1');
INSERT INTO `ocksena_zone` (`zone_id`, `country_id`, `name`, `code`, `status`) VALUES ('1123', '74', 'Aube', '10', '1');
INSERT INTO `ocksena_zone` (`zone_id`, `country_id`, `name`, `code`, `status`) VALUES ('1124', '74', 'Aude', '11', '1');
INSERT INTO `ocksena_zone` (`zone_id`, `country_id`, `name`, `code`, `status`) VALUES ('1125', '74', 'Aveyron', '12', '1');
INSERT INTO `ocksena_zone` (`zone_id`, `country_id`, `name`, `code`, `status`) VALUES ('1126', '74', 'Bouches du Rh&ocirc;ne', '13', '1');
INSERT INTO `ocksena_zone` (`zone_id`, `country_id`, `name`, `code`, `status`) VALUES ('1127', '74', 'Calvados', '14', '1');
INSERT INTO `ocksena_zone` (`zone_id`, `country_id`, `name`, `code`, `status`) VALUES ('1128', '74', 'Cantal', '15', '1');
INSERT INTO `ocksena_zone` (`zone_id`, `country_id`, `name`, `code`, `status`) VALUES ('1129', '74', 'Charente', '16', '1');
INSERT INTO `ocksena_zone` (`zone_id`, `country_id`, `name`, `code`, `status`) VALUES ('1130', '74', 'Charente Maritime', '17', '1');
INSERT INTO `ocksena_zone` (`zone_id`, `country_id`, `name`, `code`, `status`) VALUES ('1131', '74', 'Cher', '18', '1');
INSERT INTO `ocksena_zone` (`zone_id`, `country_id`, `name`, `code`, `status`) VALUES ('1132', '74', 'Corr&egrave;ze', '19', '1');
INSERT INTO `ocksena_zone` (`zone_id`, `country_id`, `name`, `code`, `status`) VALUES ('1133', '74', 'Corse du Sud', '2A', '1');
INSERT INTO `ocksena_zone` (`zone_id`, `country_id`, `name`, `code`, `status`) VALUES ('1134', '74', 'Haute Corse', '2B', '1');
INSERT INTO `ocksena_zone` (`zone_id`, `country_id`, `name`, `code`, `status`) VALUES ('1135', '74', 'C&ocirc;te d&#039;or', '21', '1');
INSERT INTO `ocksena_zone` (`zone_id`, `country_id`, `name`, `code`, `status`) VALUES ('1136', '74', 'C&ocirc;tes d&#039;Armor', '22', '1');
INSERT INTO `ocksena_zone` (`zone_id`, `country_id`, `name`, `code`, `status`) VALUES ('1137', '74', 'Creuse', '23', '1');
INSERT INTO `ocksena_zone` (`zone_id`, `country_id`, `name`, `code`, `status`) VALUES ('1138', '74', 'Dordogne', '24', '1');
INSERT INTO `ocksena_zone` (`zone_id`, `country_id`, `name`, `code`, `status`) VALUES ('1139', '74', 'Doubs', '25', '1');
INSERT INTO `ocksena_zone` (`zone_id`, `country_id`, `name`, `code`, `status`) VALUES ('1140', '74', 'Dr&ocirc;me', '26', '1');
INSERT INTO `ocksena_zone` (`zone_id`, `country_id`, `name`, `code`, `status`) VALUES ('1141', '74', 'Eure', '27', '1');
INSERT INTO `ocksena_zone` (`zone_id`, `country_id`, `name`, `code`, `status`) VALUES ('1142', '74', 'Eure et Loir', '28', '1');
INSERT INTO `ocksena_zone` (`zone_id`, `country_id`, `name`, `code`, `status`) VALUES ('1143', '74', 'Finist&egrave;re', '29', '1');
INSERT INTO `ocksena_zone` (`zone_id`, `country_id`, `name`, `code`, `status`) VALUES ('1144', '74', 'Gard', '30', '1');
INSERT INTO `ocksena_zone` (`zone_id`, `country_id`, `name`, `code`, `status`) VALUES ('1145', '74', 'Haute Garonne', '31', '1');
INSERT INTO `ocksena_zone` (`zone_id`, `country_id`, `name`, `code`, `status`) VALUES ('1146', '74', 'Gers', '32', '1');
INSERT INTO `ocksena_zone` (`zone_id`, `country_id`, `name`, `code`, `status`) VALUES ('1147', '74', 'Gironde', '33', '1');
INSERT INTO `ocksena_zone` (`zone_id`, `country_id`, `name`, `code`, `status`) VALUES ('1148', '74', 'H&eacute;rault', '34', '1');
INSERT INTO `ocksena_zone` (`zone_id`, `country_id`, `name`, `code`, `status`) VALUES ('1149', '74', 'Ille et Vilaine', '35', '1');
INSERT INTO `ocksena_zone` (`zone_id`, `country_id`, `name`, `code`, `status`) VALUES ('1150', '74', 'Indre', '36', '1');
INSERT INTO `ocksena_zone` (`zone_id`, `country_id`, `name`, `code`, `status`) VALUES ('1151', '74', 'Indre et Loire', '37', '1');
INSERT INTO `ocksena_zone` (`zone_id`, `country_id`, `name`, `code`, `status`) VALUES ('1152', '74', 'Is&eacute;re', '38', '1');
INSERT INTO `ocksena_zone` (`zone_id`, `country_id`, `name`, `code`, `status`) VALUES ('1153', '74', 'Jura', '39', '1');
INSERT INTO `ocksena_zone` (`zone_id`, `country_id`, `name`, `code`, `status`) VALUES ('1154', '74', 'Landes', '40', '1');
INSERT INTO `ocksena_zone` (`zone_id`, `country_id`, `name`, `code`, `status`) VALUES ('1155', '74', 'Loir et Cher', '41', '1');
INSERT INTO `ocksena_zone` (`zone_id`, `country_id`, `name`, `code`, `status`) VALUES ('1156', '74', 'Loire', '42', '1');
INSERT INTO `ocksena_zone` (`zone_id`, `country_id`, `name`, `code`, `status`) VALUES ('1157', '74', 'Haute Loire', '43', '1');
INSERT INTO `ocksena_zone` (`zone_id`, `country_id`, `name`, `code`, `status`) VALUES ('1158', '74', 'Loire Atlantique', '44', '1');
INSERT INTO `ocksena_zone` (`zone_id`, `country_id`, `name`, `code`, `status`) VALUES ('1159', '74', 'Loiret', '45', '1');
INSERT INTO `ocksena_zone` (`zone_id`, `country_id`, `name`, `code`, `status`) VALUES ('1160', '74', 'Lot', '46', '1');
INSERT INTO `ocksena_zone` (`zone_id`, `country_id`, `name`, `code`, `status`) VALUES ('1161', '74', 'Lot et Garonne', '47', '1');
INSERT INTO `ocksena_zone` (`zone_id`, `country_id`, `name`, `code`, `status`) VALUES ('1162', '74', 'Loz&egrave;re', '48', '1');
INSERT INTO `ocksena_zone` (`zone_id`, `country_id`, `name`, `code`, `status`) VALUES ('1163', '74', 'Maine et Loire', '49', '1');
INSERT INTO `ocksena_zone` (`zone_id`, `country_id`, `name`, `code`, `status`) VALUES ('1164', '74', 'Manche', '50', '1');
INSERT INTO `ocksena_zone` (`zone_id`, `country_id`, `name`, `code`, `status`) VALUES ('1165', '74', 'Marne', '51', '1');
INSERT INTO `ocksena_zone` (`zone_id`, `country_id`, `name`, `code`, `status`) VALUES ('1166', '74', 'Haute Marne', '52', '1');
INSERT INTO `ocksena_zone` (`zone_id`, `country_id`, `name`, `code`, `status`) VALUES ('1167', '74', 'Mayenne', '53', '1');
INSERT INTO `ocksena_zone` (`zone_id`, `country_id`, `name`, `code`, `status`) VALUES ('1168', '74', 'Meurthe et Moselle', '54', '1');
INSERT INTO `ocksena_zone` (`zone_id`, `country_id`, `name`, `code`, `status`) VALUES ('1169', '74', 'Meuse', '55', '1');
INSERT INTO `ocksena_zone` (`zone_id`, `country_id`, `name`, `code`, `status`) VALUES ('1170', '74', 'Morbihan', '56', '1');
INSERT INTO `ocksena_zone` (`zone_id`, `country_id`, `name`, `code`, `status`) VALUES ('1171', '74', 'Moselle', '57', '1');
INSERT INTO `ocksena_zone` (`zone_id`, `country_id`, `name`, `code`, `status`) VALUES ('1172', '74', 'Ni&egrave;vre', '58', '1');
INSERT INTO `ocksena_zone` (`zone_id`, `country_id`, `name`, `code`, `status`) VALUES ('1173', '74', 'Nord', '59', '1');
INSERT INTO `ocksena_zone` (`zone_id`, `country_id`, `name`, `code`, `status`) VALUES ('1174', '74', 'Oise', '60', '1');
INSERT INTO `ocksena_zone` (`zone_id`, `country_id`, `name`, `code`, `status`) VALUES ('1175', '74', 'Orne', '61', '1');
INSERT INTO `ocksena_zone` (`zone_id`, `country_id`, `name`, `code`, `status`) VALUES ('1176', '74', 'Pas de Calais', '62', '1');
INSERT INTO `ocksena_zone` (`zone_id`, `country_id`, `name`, `code`, `status`) VALUES ('1177', '74', 'Puy de D&ocirc;me', '63', '1');
INSERT INTO `ocksena_zone` (`zone_id`, `country_id`, `name`, `code`, `status`) VALUES ('1178', '74', 'Pyr&eacute;n&eacute;es Atlantiques', '64', '1');
INSERT INTO `ocksena_zone` (`zone_id`, `country_id`, `name`, `code`, `status`) VALUES ('1179', '74', 'Hautes Pyr&eacute;n&eacute;es', '65', '1');
INSERT INTO `ocksena_zone` (`zone_id`, `country_id`, `name`, `code`, `status`) VALUES ('1180', '74', 'Pyr&eacute;n&eacute;es Orientales', '66', '1');
INSERT INTO `ocksena_zone` (`zone_id`, `country_id`, `name`, `code`, `status`) VALUES ('1181', '74', 'Bas Rhin', '67', '1');
INSERT INTO `ocksena_zone` (`zone_id`, `country_id`, `name`, `code`, `status`) VALUES ('1182', '74', 'Haut Rhin', '68', '1');
INSERT INTO `ocksena_zone` (`zone_id`, `country_id`, `name`, `code`, `status`) VALUES ('1183', '74', 'Rh&ocirc;ne', '69', '1');
INSERT INTO `ocksena_zone` (`zone_id`, `country_id`, `name`, `code`, `status`) VALUES ('1184', '74', 'Haute Sa&ocirc;ne', '70', '1');
INSERT INTO `ocksena_zone` (`zone_id`, `country_id`, `name`, `code`, `status`) VALUES ('1185', '74', 'Sa&ocirc;ne et Loire', '71', '1');
INSERT INTO `ocksena_zone` (`zone_id`, `country_id`, `name`, `code`, `status`) VALUES ('1186', '74', 'Sarthe', '72', '1');
INSERT INTO `ocksena_zone` (`zone_id`, `country_id`, `name`, `code`, `status`) VALUES ('1187', '74', 'Savoie', '73', '1');
INSERT INTO `ocksena_zone` (`zone_id`, `country_id`, `name`, `code`, `status`) VALUES ('1188', '74', 'Haute Savoie', '74', '1');
INSERT INTO `ocksena_zone` (`zone_id`, `country_id`, `name`, `code`, `status`) VALUES ('1189', '74', 'Paris', '75', '1');
INSERT INTO `ocksena_zone` (`zone_id`, `country_id`, `name`, `code`, `status`) VALUES ('1190', '74', 'Seine Maritime', '76', '1');
INSERT INTO `ocksena_zone` (`zone_id`, `country_id`, `name`, `code`, `status`) VALUES ('1191', '74', 'Seine et Marne', '77', '1');
INSERT INTO `ocksena_zone` (`zone_id`, `country_id`, `name`, `code`, `status`) VALUES ('1192', '74', 'Yvelines', '78', '1');
INSERT INTO `ocksena_zone` (`zone_id`, `country_id`, `name`, `code`, `status`) VALUES ('1193', '74', 'Deux S&egrave;vres', '79', '1');
INSERT INTO `ocksena_zone` (`zone_id`, `country_id`, `name`, `code`, `status`) VALUES ('1194', '74', 'Somme', '80', '1');
INSERT INTO `ocksena_zone` (`zone_id`, `country_id`, `name`, `code`, `status`) VALUES ('1195', '74', 'Tarn', '81', '1');
INSERT INTO `ocksena_zone` (`zone_id`, `country_id`, `name`, `code`, `status`) VALUES ('1196', '74', 'Tarn et Garonne', '82', '1');
INSERT INTO `ocksena_zone` (`zone_id`, `country_id`, `name`, `code`, `status`) VALUES ('1197', '74', 'Var', '83', '1');
INSERT INTO `ocksena_zone` (`zone_id`, `country_id`, `name`, `code`, `status`) VALUES ('1198', '74', 'Vaucluse', '84', '1');
INSERT INTO `ocksena_zone` (`zone_id`, `country_id`, `name`, `code`, `status`) VALUES ('1199', '74', 'Vend&eacute;e', '85', '1');
INSERT INTO `ocksena_zone` (`zone_id`, `country_id`, `name`, `code`, `status`) VALUES ('1200', '74', 'Vienne', '86', '1');
INSERT INTO `ocksena_zone` (`zone_id`, `country_id`, `name`, `code`, `status`) VALUES ('1201', '74', 'Haute Vienne', '87', '1');
INSERT INTO `ocksena_zone` (`zone_id`, `country_id`, `name`, `code`, `status`) VALUES ('1202', '74', 'Vosges', '88', '1');
INSERT INTO `ocksena_zone` (`zone_id`, `country_id`, `name`, `code`, `status`) VALUES ('1203', '74', 'Yonne', '89', '1');
INSERT INTO `ocksena_zone` (`zone_id`, `country_id`, `name`, `code`, `status`) VALUES ('1204', '74', 'Territoire de Belfort', '90', '1');
INSERT INTO `ocksena_zone` (`zone_id`, `country_id`, `name`, `code`, `status`) VALUES ('1205', '74', 'Essonne', '91', '1');
INSERT INTO `ocksena_zone` (`zone_id`, `country_id`, `name`, `code`, `status`) VALUES ('1206', '74', 'Hauts de Seine', '92', '1');
INSERT INTO `ocksena_zone` (`zone_id`, `country_id`, `name`, `code`, `status`) VALUES ('1207', '74', 'Seine St-Denis', '93', '1');
INSERT INTO `ocksena_zone` (`zone_id`, `country_id`, `name`, `code`, `status`) VALUES ('1208', '74', 'Val de Marne', '94', '1');
INSERT INTO `ocksena_zone` (`zone_id`, `country_id`, `name`, `code`, `status`) VALUES ('1209', '74', 'Val d\'Oise', '95', '1');
INSERT INTO `ocksena_zone` (`zone_id`, `country_id`, `name`, `code`, `status`) VALUES ('1210', '76', 'Archipel des Marquises', 'M', '1');
INSERT INTO `ocksena_zone` (`zone_id`, `country_id`, `name`, `code`, `status`) VALUES ('1211', '76', 'Archipel des Tuamotu', 'T', '1');
INSERT INTO `ocksena_zone` (`zone_id`, `country_id`, `name`, `code`, `status`) VALUES ('1212', '76', 'Archipel des Tubuai', 'I', '1');
INSERT INTO `ocksena_zone` (`zone_id`, `country_id`, `name`, `code`, `status`) VALUES ('1213', '76', 'Iles du Vent', 'V', '1');
INSERT INTO `ocksena_zone` (`zone_id`, `country_id`, `name`, `code`, `status`) VALUES ('1214', '76', 'Iles Sous-le-Vent', 'S', '1');
INSERT INTO `ocksena_zone` (`zone_id`, `country_id`, `name`, `code`, `status`) VALUES ('1215', '77', 'Iles Crozet', 'C', '1');
INSERT INTO `ocksena_zone` (`zone_id`, `country_id`, `name`, `code`, `status`) VALUES ('1216', '77', 'Iles Kerguelen', 'K', '1');
INSERT INTO `ocksena_zone` (`zone_id`, `country_id`, `name`, `code`, `status`) VALUES ('1217', '77', 'Ile Amsterdam', 'A', '1');
INSERT INTO `ocksena_zone` (`zone_id`, `country_id`, `name`, `code`, `status`) VALUES ('1218', '77', 'Ile Saint-Paul', 'P', '1');
INSERT INTO `ocksena_zone` (`zone_id`, `country_id`, `name`, `code`, `status`) VALUES ('1219', '77', 'Adelie Land', 'D', '1');
INSERT INTO `ocksena_zone` (`zone_id`, `country_id`, `name`, `code`, `status`) VALUES ('1220', '78', 'Estuaire', 'ES', '1');
INSERT INTO `ocksena_zone` (`zone_id`, `country_id`, `name`, `code`, `status`) VALUES ('1221', '78', 'Haut-Ogooue', 'HO', '1');
INSERT INTO `ocksena_zone` (`zone_id`, `country_id`, `name`, `code`, `status`) VALUES ('1222', '78', 'Moyen-Ogooue', 'MO', '1');
INSERT INTO `ocksena_zone` (`zone_id`, `country_id`, `name`, `code`, `status`) VALUES ('1223', '78', 'Ngounie', 'NG', '1');
INSERT INTO `ocksena_zone` (`zone_id`, `country_id`, `name`, `code`, `status`) VALUES ('1224', '78', 'Nyanga', 'NY', '1');
INSERT INTO `ocksena_zone` (`zone_id`, `country_id`, `name`, `code`, `status`) VALUES ('1225', '78', 'Ogooue-Ivindo', 'OI', '1');
INSERT INTO `ocksena_zone` (`zone_id`, `country_id`, `name`, `code`, `status`) VALUES ('1226', '78', 'Ogooue-Lolo', 'OL', '1');
INSERT INTO `ocksena_zone` (`zone_id`, `country_id`, `name`, `code`, `status`) VALUES ('1227', '78', 'Ogooue-Maritime', 'OM', '1');
INSERT INTO `ocksena_zone` (`zone_id`, `country_id`, `name`, `code`, `status`) VALUES ('1228', '78', 'Woleu-Ntem', 'WN', '1');
INSERT INTO `ocksena_zone` (`zone_id`, `country_id`, `name`, `code`, `status`) VALUES ('1229', '79', 'Banjul', 'BJ', '1');
INSERT INTO `ocksena_zone` (`zone_id`, `country_id`, `name`, `code`, `status`) VALUES ('1230', '79', 'Basse', 'BS', '1');
INSERT INTO `ocksena_zone` (`zone_id`, `country_id`, `name`, `code`, `status`) VALUES ('1231', '79', 'Brikama', 'BR', '1');
INSERT INTO `ocksena_zone` (`zone_id`, `country_id`, `name`, `code`, `status`) VALUES ('1232', '79', 'Janjangbure', 'JA', '1');
INSERT INTO `ocksena_zone` (`zone_id`, `country_id`, `name`, `code`, `status`) VALUES ('1233', '79', 'Kanifeng', 'KA', '1');
INSERT INTO `ocksena_zone` (`zone_id`, `country_id`, `name`, `code`, `status`) VALUES ('1234', '79', 'Kerewan', 'KE', '1');
INSERT INTO `ocksena_zone` (`zone_id`, `country_id`, `name`, `code`, `status`) VALUES ('1235', '79', 'Kuntaur', 'KU', '1');
INSERT INTO `ocksena_zone` (`zone_id`, `country_id`, `name`, `code`, `status`) VALUES ('1236', '79', 'Mansakonko', 'MA', '1');
INSERT INTO `ocksena_zone` (`zone_id`, `country_id`, `name`, `code`, `status`) VALUES ('1237', '79', 'Lower River', 'LR', '1');
INSERT INTO `ocksena_zone` (`zone_id`, `country_id`, `name`, `code`, `status`) VALUES ('1238', '79', 'Central River', 'CR', '1');
INSERT INTO `ocksena_zone` (`zone_id`, `country_id`, `name`, `code`, `status`) VALUES ('1239', '79', 'North Bank', 'NB', '1');
INSERT INTO `ocksena_zone` (`zone_id`, `country_id`, `name`, `code`, `status`) VALUES ('1240', '79', 'Upper River', 'UR', '1');
INSERT INTO `ocksena_zone` (`zone_id`, `country_id`, `name`, `code`, `status`) VALUES ('1241', '79', 'Western', 'WE', '1');
INSERT INTO `ocksena_zone` (`zone_id`, `country_id`, `name`, `code`, `status`) VALUES ('1242', '80', 'Abkhazia', 'AB', '1');
INSERT INTO `ocksena_zone` (`zone_id`, `country_id`, `name`, `code`, `status`) VALUES ('1243', '80', 'Ajaria', 'AJ', '1');
INSERT INTO `ocksena_zone` (`zone_id`, `country_id`, `name`, `code`, `status`) VALUES ('1244', '80', 'Tbilisi', 'TB', '1');
INSERT INTO `ocksena_zone` (`zone_id`, `country_id`, `name`, `code`, `status`) VALUES ('1245', '80', 'Guria', 'GU', '1');
INSERT INTO `ocksena_zone` (`zone_id`, `country_id`, `name`, `code`, `status`) VALUES ('1246', '80', 'Imereti', 'IM', '1');
INSERT INTO `ocksena_zone` (`zone_id`, `country_id`, `name`, `code`, `status`) VALUES ('1247', '80', 'Kakheti', 'KA', '1');
INSERT INTO `ocksena_zone` (`zone_id`, `country_id`, `name`, `code`, `status`) VALUES ('1248', '80', 'Kvemo Kartli', 'KK', '1');
INSERT INTO `ocksena_zone` (`zone_id`, `country_id`, `name`, `code`, `status`) VALUES ('1249', '80', 'Mtskheta-Mtianeti', 'MM', '1');
INSERT INTO `ocksena_zone` (`zone_id`, `country_id`, `name`, `code`, `status`) VALUES ('1250', '80', 'Racha Lechkhumi and Kvemo Svanet', 'RL', '1');
INSERT INTO `ocksena_zone` (`zone_id`, `country_id`, `name`, `code`, `status`) VALUES ('1251', '80', 'Samegrelo-Zemo Svaneti', 'SZ', '1');
INSERT INTO `ocksena_zone` (`zone_id`, `country_id`, `name`, `code`, `status`) VALUES ('1252', '80', 'Samtskhe-Javakheti', 'SJ', '1');
INSERT INTO `ocksena_zone` (`zone_id`, `country_id`, `name`, `code`, `status`) VALUES ('1253', '80', 'Shida Kartli', 'SK', '1');
INSERT INTO `ocksena_zone` (`zone_id`, `country_id`, `name`, `code`, `status`) VALUES ('1254', '81', 'Baden-W&uuml;rttemberg', 'BAW', '1');
INSERT INTO `ocksena_zone` (`zone_id`, `country_id`, `name`, `code`, `status`) VALUES ('1255', '81', 'Bayern', 'BAY', '1');
INSERT INTO `ocksena_zone` (`zone_id`, `country_id`, `name`, `code`, `status`) VALUES ('1256', '81', 'Berlin', 'BER', '1');
INSERT INTO `ocksena_zone` (`zone_id`, `country_id`, `name`, `code`, `status`) VALUES ('1257', '81', 'Brandenburg', 'BRG', '1');
INSERT INTO `ocksena_zone` (`zone_id`, `country_id`, `name`, `code`, `status`) VALUES ('1258', '81', 'Bremen', 'BRE', '1');
INSERT INTO `ocksena_zone` (`zone_id`, `country_id`, `name`, `code`, `status`) VALUES ('1259', '81', 'Hamburg', 'HAM', '1');
INSERT INTO `ocksena_zone` (`zone_id`, `country_id`, `name`, `code`, `status`) VALUES ('1260', '81', 'Hessen', 'HES', '1');
INSERT INTO `ocksena_zone` (`zone_id`, `country_id`, `name`, `code`, `status`) VALUES ('1261', '81', 'Mecklenburg-Vorpommern', 'MEC', '1');
INSERT INTO `ocksena_zone` (`zone_id`, `country_id`, `name`, `code`, `status`) VALUES ('1262', '81', 'Niedersachsen', 'NDS', '1');
INSERT INTO `ocksena_zone` (`zone_id`, `country_id`, `name`, `code`, `status`) VALUES ('1263', '81', 'Nordrhein-Westfalen', 'NRW', '1');
INSERT INTO `ocksena_zone` (`zone_id`, `country_id`, `name`, `code`, `status`) VALUES ('1264', '81', 'Rheinland-Pfalz', 'RHE', '1');
INSERT INTO `ocksena_zone` (`zone_id`, `country_id`, `name`, `code`, `status`) VALUES ('1265', '81', 'Saarland', 'SAR', '1');
INSERT INTO `ocksena_zone` (`zone_id`, `country_id`, `name`, `code`, `status`) VALUES ('1266', '81', 'Sachsen', 'SAS', '1');
INSERT INTO `ocksena_zone` (`zone_id`, `country_id`, `name`, `code`, `status`) VALUES ('1267', '81', 'Sachsen-Anhalt', 'SAC', '1');
INSERT INTO `ocksena_zone` (`zone_id`, `country_id`, `name`, `code`, `status`) VALUES ('1268', '81', 'Schleswig-Holstein', 'SCN', '1');
INSERT INTO `ocksena_zone` (`zone_id`, `country_id`, `name`, `code`, `status`) VALUES ('1269', '81', 'Th&uuml;ringen', 'THE', '1');
INSERT INTO `ocksena_zone` (`zone_id`, `country_id`, `name`, `code`, `status`) VALUES ('1270', '82', 'Ashanti Region', 'AS', '1');
INSERT INTO `ocksena_zone` (`zone_id`, `country_id`, `name`, `code`, `status`) VALUES ('1271', '82', 'Brong-Ahafo Region', 'BA', '1');
INSERT INTO `ocksena_zone` (`zone_id`, `country_id`, `name`, `code`, `status`) VALUES ('1272', '82', 'Central Region', 'CE', '1');
INSERT INTO `ocksena_zone` (`zone_id`, `country_id`, `name`, `code`, `status`) VALUES ('1273', '82', 'Eastern Region', 'EA', '1');
INSERT INTO `ocksena_zone` (`zone_id`, `country_id`, `name`, `code`, `status`) VALUES ('1274', '82', 'Greater Accra Region', 'GA', '1');
INSERT INTO `ocksena_zone` (`zone_id`, `country_id`, `name`, `code`, `status`) VALUES ('1275', '82', 'Northern Region', 'NO', '1');
INSERT INTO `ocksena_zone` (`zone_id`, `country_id`, `name`, `code`, `status`) VALUES ('1276', '82', 'Upper East Region', 'UE', '1');
INSERT INTO `ocksena_zone` (`zone_id`, `country_id`, `name`, `code`, `status`) VALUES ('1277', '82', 'Upper West Region', 'UW', '1');
INSERT INTO `ocksena_zone` (`zone_id`, `country_id`, `name`, `code`, `status`) VALUES ('1278', '82', 'Volta Region', 'VO', '1');
INSERT INTO `ocksena_zone` (`zone_id`, `country_id`, `name`, `code`, `status`) VALUES ('1279', '82', 'Western Region', 'WE', '1');
INSERT INTO `ocksena_zone` (`zone_id`, `country_id`, `name`, `code`, `status`) VALUES ('1280', '84', 'Attica', 'AT', '1');
INSERT INTO `ocksena_zone` (`zone_id`, `country_id`, `name`, `code`, `status`) VALUES ('1281', '84', 'Central Greece', 'CN', '1');
INSERT INTO `ocksena_zone` (`zone_id`, `country_id`, `name`, `code`, `status`) VALUES ('1282', '84', 'Central Macedonia', 'CM', '1');
INSERT INTO `ocksena_zone` (`zone_id`, `country_id`, `name`, `code`, `status`) VALUES ('1283', '84', 'Crete', 'CR', '1');
INSERT INTO `ocksena_zone` (`zone_id`, `country_id`, `name`, `code`, `status`) VALUES ('1284', '84', 'East Macedonia and Thrace', 'EM', '1');
INSERT INTO `ocksena_zone` (`zone_id`, `country_id`, `name`, `code`, `status`) VALUES ('1285', '84', 'Epirus', 'EP', '1');
INSERT INTO `ocksena_zone` (`zone_id`, `country_id`, `name`, `code`, `status`) VALUES ('1286', '84', 'Ionian Islands', 'II', '1');
INSERT INTO `ocksena_zone` (`zone_id`, `country_id`, `name`, `code`, `status`) VALUES ('1287', '84', 'North Aegean', 'NA', '1');
INSERT INTO `ocksena_zone` (`zone_id`, `country_id`, `name`, `code`, `status`) VALUES ('1288', '84', 'Peloponnesos', 'PP', '1');
INSERT INTO `ocksena_zone` (`zone_id`, `country_id`, `name`, `code`, `status`) VALUES ('1289', '84', 'South Aegean', 'SA', '1');
INSERT INTO `ocksena_zone` (`zone_id`, `country_id`, `name`, `code`, `status`) VALUES ('1290', '84', 'Thessaly', 'TH', '1');
INSERT INTO `ocksena_zone` (`zone_id`, `country_id`, `name`, `code`, `status`) VALUES ('1291', '84', 'West Greece', 'WG', '1');
INSERT INTO `ocksena_zone` (`zone_id`, `country_id`, `name`, `code`, `status`) VALUES ('1292', '84', 'West Macedonia', 'WM', '1');
INSERT INTO `ocksena_zone` (`zone_id`, `country_id`, `name`, `code`, `status`) VALUES ('1293', '85', 'Avannaa', 'A', '1');
INSERT INTO `ocksena_zone` (`zone_id`, `country_id`, `name`, `code`, `status`) VALUES ('1294', '85', 'Tunu', 'T', '1');
INSERT INTO `ocksena_zone` (`zone_id`, `country_id`, `name`, `code`, `status`) VALUES ('1295', '85', 'Kitaa', 'K', '1');
INSERT INTO `ocksena_zone` (`zone_id`, `country_id`, `name`, `code`, `status`) VALUES ('1296', '86', 'Saint Andrew', 'A', '1');
INSERT INTO `ocksena_zone` (`zone_id`, `country_id`, `name`, `code`, `status`) VALUES ('1297', '86', 'Saint David', 'D', '1');
INSERT INTO `ocksena_zone` (`zone_id`, `country_id`, `name`, `code`, `status`) VALUES ('1298', '86', 'Saint George', 'G', '1');
INSERT INTO `ocksena_zone` (`zone_id`, `country_id`, `name`, `code`, `status`) VALUES ('1299', '86', 'Saint John', 'J', '1');
INSERT INTO `ocksena_zone` (`zone_id`, `country_id`, `name`, `code`, `status`) VALUES ('1300', '86', 'Saint Mark', 'M', '1');
INSERT INTO `ocksena_zone` (`zone_id`, `country_id`, `name`, `code`, `status`) VALUES ('1301', '86', 'Saint Patrick', 'P', '1');
INSERT INTO `ocksena_zone` (`zone_id`, `country_id`, `name`, `code`, `status`) VALUES ('1302', '86', 'Carriacou', 'C', '1');
INSERT INTO `ocksena_zone` (`zone_id`, `country_id`, `name`, `code`, `status`) VALUES ('1303', '86', 'Petit Martinique', 'Q', '1');
INSERT INTO `ocksena_zone` (`zone_id`, `country_id`, `name`, `code`, `status`) VALUES ('1304', '89', 'Alta Verapaz', 'AV', '1');
INSERT INTO `ocksena_zone` (`zone_id`, `country_id`, `name`, `code`, `status`) VALUES ('1305', '89', 'Baja Verapaz', 'BV', '1');
INSERT INTO `ocksena_zone` (`zone_id`, `country_id`, `name`, `code`, `status`) VALUES ('1306', '89', 'Chimaltenango', 'CM', '1');
INSERT INTO `ocksena_zone` (`zone_id`, `country_id`, `name`, `code`, `status`) VALUES ('1307', '89', 'Chiquimula', 'CQ', '1');
INSERT INTO `ocksena_zone` (`zone_id`, `country_id`, `name`, `code`, `status`) VALUES ('1308', '89', 'El Peten', 'PE', '1');
INSERT INTO `ocksena_zone` (`zone_id`, `country_id`, `name`, `code`, `status`) VALUES ('1309', '89', 'El Progreso', 'PR', '1');
INSERT INTO `ocksena_zone` (`zone_id`, `country_id`, `name`, `code`, `status`) VALUES ('1310', '89', 'El Quiche', 'QC', '1');
INSERT INTO `ocksena_zone` (`zone_id`, `country_id`, `name`, `code`, `status`) VALUES ('1311', '89', 'Escuintla', 'ES', '1');
INSERT INTO `ocksena_zone` (`zone_id`, `country_id`, `name`, `code`, `status`) VALUES ('1312', '89', 'Guatemala', 'GU', '1');
INSERT INTO `ocksena_zone` (`zone_id`, `country_id`, `name`, `code`, `status`) VALUES ('1313', '89', 'Huehuetenango', 'HU', '1');
INSERT INTO `ocksena_zone` (`zone_id`, `country_id`, `name`, `code`, `status`) VALUES ('1314', '89', 'Izabal', 'IZ', '1');
INSERT INTO `ocksena_zone` (`zone_id`, `country_id`, `name`, `code`, `status`) VALUES ('1315', '89', 'Jalapa', 'JA', '1');
INSERT INTO `ocksena_zone` (`zone_id`, `country_id`, `name`, `code`, `status`) VALUES ('1316', '89', 'Jutiapa', 'JU', '1');
INSERT INTO `ocksena_zone` (`zone_id`, `country_id`, `name`, `code`, `status`) VALUES ('1317', '89', 'Quetzaltenango', 'QZ', '1');
INSERT INTO `ocksena_zone` (`zone_id`, `country_id`, `name`, `code`, `status`) VALUES ('1318', '89', 'Retalhuleu', 'RE', '1');
INSERT INTO `ocksena_zone` (`zone_id`, `country_id`, `name`, `code`, `status`) VALUES ('1319', '89', 'Sacatepequez', 'ST', '1');
INSERT INTO `ocksena_zone` (`zone_id`, `country_id`, `name`, `code`, `status`) VALUES ('1320', '89', 'San Marcos', 'SM', '1');
INSERT INTO `ocksena_zone` (`zone_id`, `country_id`, `name`, `code`, `status`) VALUES ('1321', '89', 'Santa Rosa', 'SR', '1');
INSERT INTO `ocksena_zone` (`zone_id`, `country_id`, `name`, `code`, `status`) VALUES ('1322', '89', 'Solola', 'SO', '1');
INSERT INTO `ocksena_zone` (`zone_id`, `country_id`, `name`, `code`, `status`) VALUES ('1323', '89', 'Suchitepequez', 'SU', '1');
INSERT INTO `ocksena_zone` (`zone_id`, `country_id`, `name`, `code`, `status`) VALUES ('1324', '89', 'Totonicapan', 'TO', '1');
INSERT INTO `ocksena_zone` (`zone_id`, `country_id`, `name`, `code`, `status`) VALUES ('1325', '89', 'Zacapa', 'ZA', '1');
INSERT INTO `ocksena_zone` (`zone_id`, `country_id`, `name`, `code`, `status`) VALUES ('1326', '90', 'Conakry', 'CNK', '1');
INSERT INTO `ocksena_zone` (`zone_id`, `country_id`, `name`, `code`, `status`) VALUES ('1327', '90', 'Beyla', 'BYL', '1');
INSERT INTO `ocksena_zone` (`zone_id`, `country_id`, `name`, `code`, `status`) VALUES ('1328', '90', 'Boffa', 'BFA', '1');
INSERT INTO `ocksena_zone` (`zone_id`, `country_id`, `name`, `code`, `status`) VALUES ('1329', '90', 'Boke', 'BOK', '1');
INSERT INTO `ocksena_zone` (`zone_id`, `country_id`, `name`, `code`, `status`) VALUES ('1330', '90', 'Coyah', 'COY', '1');
INSERT INTO `ocksena_zone` (`zone_id`, `country_id`, `name`, `code`, `status`) VALUES ('1331', '90', 'Dabola', 'DBL', '1');
INSERT INTO `ocksena_zone` (`zone_id`, `country_id`, `name`, `code`, `status`) VALUES ('1332', '90', 'Dalaba', 'DLB', '1');
INSERT INTO `ocksena_zone` (`zone_id`, `country_id`, `name`, `code`, `status`) VALUES ('1333', '90', 'Dinguiraye', 'DGR', '1');
INSERT INTO `ocksena_zone` (`zone_id`, `country_id`, `name`, `code`, `status`) VALUES ('1334', '90', 'Dubreka', 'DBR', '1');
INSERT INTO `ocksena_zone` (`zone_id`, `country_id`, `name`, `code`, `status`) VALUES ('1335', '90', 'Faranah', 'FRN', '1');
INSERT INTO `ocksena_zone` (`zone_id`, `country_id`, `name`, `code`, `status`) VALUES ('1336', '90', 'Forecariah', 'FRC', '1');
INSERT INTO `ocksena_zone` (`zone_id`, `country_id`, `name`, `code`, `status`) VALUES ('1337', '90', 'Fria', 'FRI', '1');
INSERT INTO `ocksena_zone` (`zone_id`, `country_id`, `name`, `code`, `status`) VALUES ('1338', '90', 'Gaoual', 'GAO', '1');
INSERT INTO `ocksena_zone` (`zone_id`, `country_id`, `name`, `code`, `status`) VALUES ('1339', '90', 'Gueckedou', 'GCD', '1');
INSERT INTO `ocksena_zone` (`zone_id`, `country_id`, `name`, `code`, `status`) VALUES ('1340', '90', 'Kankan', 'KNK', '1');
INSERT INTO `ocksena_zone` (`zone_id`, `country_id`, `name`, `code`, `status`) VALUES ('1341', '90', 'Kerouane', 'KRN', '1');
INSERT INTO `ocksena_zone` (`zone_id`, `country_id`, `name`, `code`, `status`) VALUES ('1342', '90', 'Kindia', 'KND', '1');
INSERT INTO `ocksena_zone` (`zone_id`, `country_id`, `name`, `code`, `status`) VALUES ('1343', '90', 'Kissidougou', 'KSD', '1');
INSERT INTO `ocksena_zone` (`zone_id`, `country_id`, `name`, `code`, `status`) VALUES ('1344', '90', 'Koubia', 'KBA', '1');
INSERT INTO `ocksena_zone` (`zone_id`, `country_id`, `name`, `code`, `status`) VALUES ('1345', '90', 'Koundara', 'KDA', '1');
INSERT INTO `ocksena_zone` (`zone_id`, `country_id`, `name`, `code`, `status`) VALUES ('1346', '90', 'Kouroussa', 'KRA', '1');
INSERT INTO `ocksena_zone` (`zone_id`, `country_id`, `name`, `code`, `status`) VALUES ('1347', '90', 'Labe', 'LAB', '1');
INSERT INTO `ocksena_zone` (`zone_id`, `country_id`, `name`, `code`, `status`) VALUES ('1348', '90', 'Lelouma', 'LLM', '1');
INSERT INTO `ocksena_zone` (`zone_id`, `country_id`, `name`, `code`, `status`) VALUES ('1349', '90', 'Lola', 'LOL', '1');
INSERT INTO `ocksena_zone` (`zone_id`, `country_id`, `name`, `code`, `status`) VALUES ('1350', '90', 'Macenta', 'MCT', '1');
INSERT INTO `ocksena_zone` (`zone_id`, `country_id`, `name`, `code`, `status`) VALUES ('1351', '90', 'Mali', 'MAL', '1');
INSERT INTO `ocksena_zone` (`zone_id`, `country_id`, `name`, `code`, `status`) VALUES ('1352', '90', 'Mamou', 'MAM', '1');
INSERT INTO `ocksena_zone` (`zone_id`, `country_id`, `name`, `code`, `status`) VALUES ('1353', '90', 'Mandiana', 'MAN', '1');
INSERT INTO `ocksena_zone` (`zone_id`, `country_id`, `name`, `code`, `status`) VALUES ('1354', '90', 'Nzerekore', 'NZR', '1');
INSERT INTO `ocksena_zone` (`zone_id`, `country_id`, `name`, `code`, `status`) VALUES ('1355', '90', 'Pita', 'PIT', '1');
INSERT INTO `ocksena_zone` (`zone_id`, `country_id`, `name`, `code`, `status`) VALUES ('1356', '90', 'Siguiri', 'SIG', '1');
INSERT INTO `ocksena_zone` (`zone_id`, `country_id`, `name`, `code`, `status`) VALUES ('1357', '90', 'Telimele', 'TLM', '1');
INSERT INTO `ocksena_zone` (`zone_id`, `country_id`, `name`, `code`, `status`) VALUES ('1358', '90', 'Tougue', 'TOG', '1');
INSERT INTO `ocksena_zone` (`zone_id`, `country_id`, `name`, `code`, `status`) VALUES ('1359', '90', 'Yomou', 'YOM', '1');
INSERT INTO `ocksena_zone` (`zone_id`, `country_id`, `name`, `code`, `status`) VALUES ('1360', '91', 'Bafata Region', 'BF', '1');
INSERT INTO `ocksena_zone` (`zone_id`, `country_id`, `name`, `code`, `status`) VALUES ('1361', '91', 'Biombo Region', 'BB', '1');
INSERT INTO `ocksena_zone` (`zone_id`, `country_id`, `name`, `code`, `status`) VALUES ('1362', '91', 'Bissau Region', 'BS', '1');
INSERT INTO `ocksena_zone` (`zone_id`, `country_id`, `name`, `code`, `status`) VALUES ('1363', '91', 'Bolama Region', 'BL', '1');
INSERT INTO `ocksena_zone` (`zone_id`, `country_id`, `name`, `code`, `status`) VALUES ('1364', '91', 'Cacheu Region', 'CA', '1');
INSERT INTO `ocksena_zone` (`zone_id`, `country_id`, `name`, `code`, `status`) VALUES ('1365', '91', 'Gabu Region', 'GA', '1');
INSERT INTO `ocksena_zone` (`zone_id`, `country_id`, `name`, `code`, `status`) VALUES ('1366', '91', 'Oio Region', 'OI', '1');
INSERT INTO `ocksena_zone` (`zone_id`, `country_id`, `name`, `code`, `status`) VALUES ('1367', '91', 'Quinara Region', 'QU', '1');
INSERT INTO `ocksena_zone` (`zone_id`, `country_id`, `name`, `code`, `status`) VALUES ('1368', '91', 'Tombali Region', 'TO', '1');
INSERT INTO `ocksena_zone` (`zone_id`, `country_id`, `name`, `code`, `status`) VALUES ('1369', '92', 'Barima-Waini', 'BW', '1');
INSERT INTO `ocksena_zone` (`zone_id`, `country_id`, `name`, `code`, `status`) VALUES ('1370', '92', 'Cuyuni-Mazaruni', 'CM', '1');
INSERT INTO `ocksena_zone` (`zone_id`, `country_id`, `name`, `code`, `status`) VALUES ('1371', '92', 'Demerara-Mahaica', 'DM', '1');
INSERT INTO `ocksena_zone` (`zone_id`, `country_id`, `name`, `code`, `status`) VALUES ('1372', '92', 'East Berbice-Corentyne', 'EC', '1');
INSERT INTO `ocksena_zone` (`zone_id`, `country_id`, `name`, `code`, `status`) VALUES ('1373', '92', 'Essequibo Islands-West Demerara', 'EW', '1');
INSERT INTO `ocksena_zone` (`zone_id`, `country_id`, `name`, `code`, `status`) VALUES ('1374', '92', 'Mahaica-Berbice', 'MB', '1');
INSERT INTO `ocksena_zone` (`zone_id`, `country_id`, `name`, `code`, `status`) VALUES ('1375', '92', 'Pomeroon-Supenaam', 'PM', '1');
INSERT INTO `ocksena_zone` (`zone_id`, `country_id`, `name`, `code`, `status`) VALUES ('1376', '92', 'Potaro-Siparuni', 'PI', '1');
INSERT INTO `ocksena_zone` (`zone_id`, `country_id`, `name`, `code`, `status`) VALUES ('1377', '92', 'Upper Demerara-Berbice', 'UD', '1');
INSERT INTO `ocksena_zone` (`zone_id`, `country_id`, `name`, `code`, `status`) VALUES ('1378', '92', 'Upper Takutu-Upper Essequibo', 'UT', '1');
INSERT INTO `ocksena_zone` (`zone_id`, `country_id`, `name`, `code`, `status`) VALUES ('1379', '93', 'Artibonite', 'AR', '1');
INSERT INTO `ocksena_zone` (`zone_id`, `country_id`, `name`, `code`, `status`) VALUES ('1380', '93', 'Centre', 'CE', '1');
INSERT INTO `ocksena_zone` (`zone_id`, `country_id`, `name`, `code`, `status`) VALUES ('1381', '93', 'Grand\'Anse', 'GA', '1');
INSERT INTO `ocksena_zone` (`zone_id`, `country_id`, `name`, `code`, `status`) VALUES ('1382', '93', 'Nord', 'ND', '1');
INSERT INTO `ocksena_zone` (`zone_id`, `country_id`, `name`, `code`, `status`) VALUES ('1383', '93', 'Nord-Est', 'NE', '1');
INSERT INTO `ocksena_zone` (`zone_id`, `country_id`, `name`, `code`, `status`) VALUES ('1384', '93', 'Nord-Ouest', 'NO', '1');
INSERT INTO `ocksena_zone` (`zone_id`, `country_id`, `name`, `code`, `status`) VALUES ('1385', '93', 'Ouest', 'OU', '1');
INSERT INTO `ocksena_zone` (`zone_id`, `country_id`, `name`, `code`, `status`) VALUES ('1386', '93', 'Sud', 'SD', '1');
INSERT INTO `ocksena_zone` (`zone_id`, `country_id`, `name`, `code`, `status`) VALUES ('1387', '93', 'Sud-Est', 'SE', '1');
INSERT INTO `ocksena_zone` (`zone_id`, `country_id`, `name`, `code`, `status`) VALUES ('1388', '94', 'Flat Island', 'F', '1');
INSERT INTO `ocksena_zone` (`zone_id`, `country_id`, `name`, `code`, `status`) VALUES ('1389', '94', 'McDonald Island', 'M', '1');
INSERT INTO `ocksena_zone` (`zone_id`, `country_id`, `name`, `code`, `status`) VALUES ('1390', '94', 'Shag Island', 'S', '1');
INSERT INTO `ocksena_zone` (`zone_id`, `country_id`, `name`, `code`, `status`) VALUES ('1391', '94', 'Heard Island', 'H', '1');
INSERT INTO `ocksena_zone` (`zone_id`, `country_id`, `name`, `code`, `status`) VALUES ('1392', '95', 'Atlantida', 'AT', '1');
INSERT INTO `ocksena_zone` (`zone_id`, `country_id`, `name`, `code`, `status`) VALUES ('1393', '95', 'Choluteca', 'CH', '1');
INSERT INTO `ocksena_zone` (`zone_id`, `country_id`, `name`, `code`, `status`) VALUES ('1394', '95', 'Colon', 'CL', '1');
INSERT INTO `ocksena_zone` (`zone_id`, `country_id`, `name`, `code`, `status`) VALUES ('1395', '95', 'Comayagua', 'CM', '1');
INSERT INTO `ocksena_zone` (`zone_id`, `country_id`, `name`, `code`, `status`) VALUES ('1396', '95', 'Copan', 'CP', '1');
INSERT INTO `ocksena_zone` (`zone_id`, `country_id`, `name`, `code`, `status`) VALUES ('1397', '95', 'Cortes', 'CR', '1');
INSERT INTO `ocksena_zone` (`zone_id`, `country_id`, `name`, `code`, `status`) VALUES ('1398', '95', 'El Paraiso', 'PA', '1');
INSERT INTO `ocksena_zone` (`zone_id`, `country_id`, `name`, `code`, `status`) VALUES ('1399', '95', 'Francisco Morazan', 'FM', '1');
INSERT INTO `ocksena_zone` (`zone_id`, `country_id`, `name`, `code`, `status`) VALUES ('1400', '95', 'Gracias a Dios', 'GD', '1');
INSERT INTO `ocksena_zone` (`zone_id`, `country_id`, `name`, `code`, `status`) VALUES ('1401', '95', 'Intibuca', 'IN', '1');
INSERT INTO `ocksena_zone` (`zone_id`, `country_id`, `name`, `code`, `status`) VALUES ('1402', '95', 'Islas de la Bahia (Bay Islands)', 'IB', '1');
INSERT INTO `ocksena_zone` (`zone_id`, `country_id`, `name`, `code`, `status`) VALUES ('1403', '95', 'La Paz', 'PZ', '1');
INSERT INTO `ocksena_zone` (`zone_id`, `country_id`, `name`, `code`, `status`) VALUES ('1404', '95', 'Lempira', 'LE', '1');
INSERT INTO `ocksena_zone` (`zone_id`, `country_id`, `name`, `code`, `status`) VALUES ('1405', '95', 'Ocotepeque', 'OC', '1');
INSERT INTO `ocksena_zone` (`zone_id`, `country_id`, `name`, `code`, `status`) VALUES ('1406', '95', 'Olancho', 'OL', '1');
INSERT INTO `ocksena_zone` (`zone_id`, `country_id`, `name`, `code`, `status`) VALUES ('1407', '95', 'Santa Barbara', 'SB', '1');
INSERT INTO `ocksena_zone` (`zone_id`, `country_id`, `name`, `code`, `status`) VALUES ('1408', '95', 'Valle', 'VA', '1');
INSERT INTO `ocksena_zone` (`zone_id`, `country_id`, `name`, `code`, `status`) VALUES ('1409', '95', 'Yoro', 'YO', '1');
INSERT INTO `ocksena_zone` (`zone_id`, `country_id`, `name`, `code`, `status`) VALUES ('1410', '96', 'Central and Western Hong Kong Island', 'HCW', '1');
INSERT INTO `ocksena_zone` (`zone_id`, `country_id`, `name`, `code`, `status`) VALUES ('1411', '96', 'Eastern Hong Kong Island', 'HEA', '1');
INSERT INTO `ocksena_zone` (`zone_id`, `country_id`, `name`, `code`, `status`) VALUES ('1412', '96', 'Southern Hong Kong Island', 'HSO', '1');
INSERT INTO `ocksena_zone` (`zone_id`, `country_id`, `name`, `code`, `status`) VALUES ('1413', '96', 'Wan Chai Hong Kong Island', 'HWC', '1');
INSERT INTO `ocksena_zone` (`zone_id`, `country_id`, `name`, `code`, `status`) VALUES ('1414', '96', 'Kowloon City Kowloon', 'KKC', '1');
INSERT INTO `ocksena_zone` (`zone_id`, `country_id`, `name`, `code`, `status`) VALUES ('1415', '96', 'Kwun Tong Kowloon', 'KKT', '1');
INSERT INTO `ocksena_zone` (`zone_id`, `country_id`, `name`, `code`, `status`) VALUES ('1416', '96', 'Sham Shui Po Kowloon', 'KSS', '1');
INSERT INTO `ocksena_zone` (`zone_id`, `country_id`, `name`, `code`, `status`) VALUES ('1417', '96', 'Wong Tai Sin Kowloon', 'KWT', '1');
INSERT INTO `ocksena_zone` (`zone_id`, `country_id`, `name`, `code`, `status`) VALUES ('1418', '96', 'Yau Tsim Mong Kowloon', 'KYT', '1');
INSERT INTO `ocksena_zone` (`zone_id`, `country_id`, `name`, `code`, `status`) VALUES ('1419', '96', 'Islands New Territories', 'NIS', '1');
INSERT INTO `ocksena_zone` (`zone_id`, `country_id`, `name`, `code`, `status`) VALUES ('1420', '96', 'Kwai Tsing New Territories', 'NKT', '1');
INSERT INTO `ocksena_zone` (`zone_id`, `country_id`, `name`, `code`, `status`) VALUES ('1421', '96', 'North New Territories', 'NNO', '1');
INSERT INTO `ocksena_zone` (`zone_id`, `country_id`, `name`, `code`, `status`) VALUES ('1422', '96', 'Sai Kung New Territories', 'NSK', '1');
INSERT INTO `ocksena_zone` (`zone_id`, `country_id`, `name`, `code`, `status`) VALUES ('1423', '96', 'Sha Tin New Territories', 'NST', '1');
INSERT INTO `ocksena_zone` (`zone_id`, `country_id`, `name`, `code`, `status`) VALUES ('1424', '96', 'Tai Po New Territories', 'NTP', '1');
INSERT INTO `ocksena_zone` (`zone_id`, `country_id`, `name`, `code`, `status`) VALUES ('1425', '96', 'Tsuen Wan New Territories', 'NTW', '1');
INSERT INTO `ocksena_zone` (`zone_id`, `country_id`, `name`, `code`, `status`) VALUES ('1426', '96', 'Tuen Mun New Territories', 'NTM', '1');
INSERT INTO `ocksena_zone` (`zone_id`, `country_id`, `name`, `code`, `status`) VALUES ('1427', '96', 'Yuen Long New Territories', 'NYL', '1');
INSERT INTO `ocksena_zone` (`zone_id`, `country_id`, `name`, `code`, `status`) VALUES ('1428', '97', 'Bacs-Kiskun', 'BK', '1');
INSERT INTO `ocksena_zone` (`zone_id`, `country_id`, `name`, `code`, `status`) VALUES ('1429', '97', 'Baranya', 'BA', '1');
INSERT INTO `ocksena_zone` (`zone_id`, `country_id`, `name`, `code`, `status`) VALUES ('1430', '97', 'Bekes', 'BE', '1');
INSERT INTO `ocksena_zone` (`zone_id`, `country_id`, `name`, `code`, `status`) VALUES ('1431', '97', 'Bekescsaba', 'BS', '1');
INSERT INTO `ocksena_zone` (`zone_id`, `country_id`, `name`, `code`, `status`) VALUES ('1432', '97', 'Borsod-Abauj-Zemplen', 'BZ', '1');
INSERT INTO `ocksena_zone` (`zone_id`, `country_id`, `name`, `code`, `status`) VALUES ('1433', '97', 'Budapest', 'BU', '1');
INSERT INTO `ocksena_zone` (`zone_id`, `country_id`, `name`, `code`, `status`) VALUES ('1434', '97', 'Csongrad', 'CS', '1');
INSERT INTO `ocksena_zone` (`zone_id`, `country_id`, `name`, `code`, `status`) VALUES ('1435', '97', 'Debrecen', 'DE', '1');
INSERT INTO `ocksena_zone` (`zone_id`, `country_id`, `name`, `code`, `status`) VALUES ('1436', '97', 'Dunaujvaros', 'DU', '1');
INSERT INTO `ocksena_zone` (`zone_id`, `country_id`, `name`, `code`, `status`) VALUES ('1437', '97', 'Eger', 'EG', '1');
INSERT INTO `ocksena_zone` (`zone_id`, `country_id`, `name`, `code`, `status`) VALUES ('1438', '97', 'Fejer', 'FE', '1');
INSERT INTO `ocksena_zone` (`zone_id`, `country_id`, `name`, `code`, `status`) VALUES ('1439', '97', 'Gyor', 'GY', '1');
INSERT INTO `ocksena_zone` (`zone_id`, `country_id`, `name`, `code`, `status`) VALUES ('1440', '97', 'Gyor-Moson-Sopron', 'GM', '1');
INSERT INTO `ocksena_zone` (`zone_id`, `country_id`, `name`, `code`, `status`) VALUES ('1441', '97', 'Hajdu-Bihar', 'HB', '1');
INSERT INTO `ocksena_zone` (`zone_id`, `country_id`, `name`, `code`, `status`) VALUES ('1442', '97', 'Heves', 'HE', '1');
INSERT INTO `ocksena_zone` (`zone_id`, `country_id`, `name`, `code`, `status`) VALUES ('1443', '97', 'Hodmezovasarhely', 'HO', '1');
INSERT INTO `ocksena_zone` (`zone_id`, `country_id`, `name`, `code`, `status`) VALUES ('1444', '97', 'Jasz-Nagykun-Szolnok', 'JN', '1');
INSERT INTO `ocksena_zone` (`zone_id`, `country_id`, `name`, `code`, `status`) VALUES ('1445', '97', 'Kaposvar', 'KA', '1');
INSERT INTO `ocksena_zone` (`zone_id`, `country_id`, `name`, `code`, `status`) VALUES ('1446', '97', 'Kecskemet', 'KE', '1');
INSERT INTO `ocksena_zone` (`zone_id`, `country_id`, `name`, `code`, `status`) VALUES ('1447', '97', 'Komarom-Esztergom', 'KO', '1');
INSERT INTO `ocksena_zone` (`zone_id`, `country_id`, `name`, `code`, `status`) VALUES ('1448', '97', 'Miskolc', 'MI', '1');
INSERT INTO `ocksena_zone` (`zone_id`, `country_id`, `name`, `code`, `status`) VALUES ('1449', '97', 'Nagykanizsa', 'NA', '1');
INSERT INTO `ocksena_zone` (`zone_id`, `country_id`, `name`, `code`, `status`) VALUES ('1450', '97', 'Nograd', 'NO', '1');
INSERT INTO `ocksena_zone` (`zone_id`, `country_id`, `name`, `code`, `status`) VALUES ('1451', '97', 'Nyiregyhaza', 'NY', '1');
INSERT INTO `ocksena_zone` (`zone_id`, `country_id`, `name`, `code`, `status`) VALUES ('1452', '97', 'Pecs', 'PE', '1');
INSERT INTO `ocksena_zone` (`zone_id`, `country_id`, `name`, `code`, `status`) VALUES ('1453', '97', 'Pest', 'PS', '1');
INSERT INTO `ocksena_zone` (`zone_id`, `country_id`, `name`, `code`, `status`) VALUES ('1454', '97', 'Somogy', 'SO', '1');
INSERT INTO `ocksena_zone` (`zone_id`, `country_id`, `name`, `code`, `status`) VALUES ('1455', '97', 'Sopron', 'SP', '1');
INSERT INTO `ocksena_zone` (`zone_id`, `country_id`, `name`, `code`, `status`) VALUES ('1456', '97', 'Szabolcs-Szatmar-Bereg', 'SS', '1');
INSERT INTO `ocksena_zone` (`zone_id`, `country_id`, `name`, `code`, `status`) VALUES ('1457', '97', 'Szeged', 'SZ', '1');
INSERT INTO `ocksena_zone` (`zone_id`, `country_id`, `name`, `code`, `status`) VALUES ('1458', '97', 'Szekesfehervar', 'SE', '1');
INSERT INTO `ocksena_zone` (`zone_id`, `country_id`, `name`, `code`, `status`) VALUES ('1459', '97', 'Szolnok', 'SL', '1');
INSERT INTO `ocksena_zone` (`zone_id`, `country_id`, `name`, `code`, `status`) VALUES ('1460', '97', 'Szombathely', 'SM', '1');
INSERT INTO `ocksena_zone` (`zone_id`, `country_id`, `name`, `code`, `status`) VALUES ('1461', '97', 'Tatabanya', 'TA', '1');
INSERT INTO `ocksena_zone` (`zone_id`, `country_id`, `name`, `code`, `status`) VALUES ('1462', '97', 'Tolna', 'TO', '1');
INSERT INTO `ocksena_zone` (`zone_id`, `country_id`, `name`, `code`, `status`) VALUES ('1463', '97', 'Vas', 'VA', '1');
INSERT INTO `ocksena_zone` (`zone_id`, `country_id`, `name`, `code`, `status`) VALUES ('1464', '97', 'Veszprem', 'VE', '1');
INSERT INTO `ocksena_zone` (`zone_id`, `country_id`, `name`, `code`, `status`) VALUES ('1465', '97', 'Zala', 'ZA', '1');
INSERT INTO `ocksena_zone` (`zone_id`, `country_id`, `name`, `code`, `status`) VALUES ('1466', '97', 'Zalaegerszeg', 'ZZ', '1');
INSERT INTO `ocksena_zone` (`zone_id`, `country_id`, `name`, `code`, `status`) VALUES ('1467', '98', 'Austurland', 'AL', '1');
INSERT INTO `ocksena_zone` (`zone_id`, `country_id`, `name`, `code`, `status`) VALUES ('1468', '98', 'Hofuoborgarsvaeoi', 'HF', '1');
INSERT INTO `ocksena_zone` (`zone_id`, `country_id`, `name`, `code`, `status`) VALUES ('1469', '98', 'Norourland eystra', 'NE', '1');
INSERT INTO `ocksena_zone` (`zone_id`, `country_id`, `name`, `code`, `status`) VALUES ('1470', '98', 'Norourland vestra', 'NV', '1');
INSERT INTO `ocksena_zone` (`zone_id`, `country_id`, `name`, `code`, `status`) VALUES ('1471', '98', 'Suourland', 'SL', '1');
INSERT INTO `ocksena_zone` (`zone_id`, `country_id`, `name`, `code`, `status`) VALUES ('1472', '98', 'Suournes', 'SN', '1');
INSERT INTO `ocksena_zone` (`zone_id`, `country_id`, `name`, `code`, `status`) VALUES ('1473', '98', 'Vestfiroir', 'VF', '1');
INSERT INTO `ocksena_zone` (`zone_id`, `country_id`, `name`, `code`, `status`) VALUES ('1474', '98', 'Vesturland', 'VL', '1');
INSERT INTO `ocksena_zone` (`zone_id`, `country_id`, `name`, `code`, `status`) VALUES ('1475', '99', 'Andaman and Nicobar Islands', 'AN', '1');
INSERT INTO `ocksena_zone` (`zone_id`, `country_id`, `name`, `code`, `status`) VALUES ('1476', '99', 'Andhra Pradesh', 'AP', '1');
INSERT INTO `ocksena_zone` (`zone_id`, `country_id`, `name`, `code`, `status`) VALUES ('1477', '99', 'Arunachal Pradesh', 'AR', '1');
INSERT INTO `ocksena_zone` (`zone_id`, `country_id`, `name`, `code`, `status`) VALUES ('1478', '99', 'Assam', 'AS', '1');
INSERT INTO `ocksena_zone` (`zone_id`, `country_id`, `name`, `code`, `status`) VALUES ('1479', '99', 'Bihar', 'BI', '1');
INSERT INTO `ocksena_zone` (`zone_id`, `country_id`, `name`, `code`, `status`) VALUES ('1480', '99', 'Chandigarh', 'CH', '1');
INSERT INTO `ocksena_zone` (`zone_id`, `country_id`, `name`, `code`, `status`) VALUES ('1481', '99', 'Dadra and Nagar Haveli', 'DA', '1');
INSERT INTO `ocksena_zone` (`zone_id`, `country_id`, `name`, `code`, `status`) VALUES ('1482', '99', 'Daman and Diu', 'DM', '1');
INSERT INTO `ocksena_zone` (`zone_id`, `country_id`, `name`, `code`, `status`) VALUES ('1483', '99', 'Delhi', 'DE', '1');
INSERT INTO `ocksena_zone` (`zone_id`, `country_id`, `name`, `code`, `status`) VALUES ('1484', '99', 'Goa', 'GO', '1');
INSERT INTO `ocksena_zone` (`zone_id`, `country_id`, `name`, `code`, `status`) VALUES ('1485', '99', 'Gujarat', 'GU', '1');
INSERT INTO `ocksena_zone` (`zone_id`, `country_id`, `name`, `code`, `status`) VALUES ('1486', '99', 'Haryana', 'HA', '1');
INSERT INTO `ocksena_zone` (`zone_id`, `country_id`, `name`, `code`, `status`) VALUES ('1487', '99', 'Himachal Pradesh', 'HP', '1');
INSERT INTO `ocksena_zone` (`zone_id`, `country_id`, `name`, `code`, `status`) VALUES ('1488', '99', 'Jammu and Kashmir', 'JA', '1');
INSERT INTO `ocksena_zone` (`zone_id`, `country_id`, `name`, `code`, `status`) VALUES ('1489', '99', 'Karnataka', 'KA', '1');
INSERT INTO `ocksena_zone` (`zone_id`, `country_id`, `name`, `code`, `status`) VALUES ('1490', '99', 'Kerala', 'KE', '1');
INSERT INTO `ocksena_zone` (`zone_id`, `country_id`, `name`, `code`, `status`) VALUES ('1491', '99', 'Lakshadweep Islands', 'LI', '1');
INSERT INTO `ocksena_zone` (`zone_id`, `country_id`, `name`, `code`, `status`) VALUES ('1492', '99', 'Madhya Pradesh', 'MP', '1');
INSERT INTO `ocksena_zone` (`zone_id`, `country_id`, `name`, `code`, `status`) VALUES ('1493', '99', 'Maharashtra', 'MA', '1');
INSERT INTO `ocksena_zone` (`zone_id`, `country_id`, `name`, `code`, `status`) VALUES ('1494', '99', 'Manipur', 'MN', '1');
INSERT INTO `ocksena_zone` (`zone_id`, `country_id`, `name`, `code`, `status`) VALUES ('1495', '99', 'Meghalaya', 'ME', '1');
INSERT INTO `ocksena_zone` (`zone_id`, `country_id`, `name`, `code`, `status`) VALUES ('1496', '99', 'Mizoram', 'MI', '1');
INSERT INTO `ocksena_zone` (`zone_id`, `country_id`, `name`, `code`, `status`) VALUES ('1497', '99', 'Nagaland', 'NA', '1');
INSERT INTO `ocksena_zone` (`zone_id`, `country_id`, `name`, `code`, `status`) VALUES ('1498', '99', 'Orissa', 'OR', '1');
INSERT INTO `ocksena_zone` (`zone_id`, `country_id`, `name`, `code`, `status`) VALUES ('1499', '99', 'Pondicherry', 'PO', '1');
INSERT INTO `ocksena_zone` (`zone_id`, `country_id`, `name`, `code`, `status`) VALUES ('1500', '99', 'Punjab', 'PU', '1');
INSERT INTO `ocksena_zone` (`zone_id`, `country_id`, `name`, `code`, `status`) VALUES ('1501', '99', 'Rajasthan', 'RA', '1');
INSERT INTO `ocksena_zone` (`zone_id`, `country_id`, `name`, `code`, `status`) VALUES ('1502', '99', 'Sikkim', 'SI', '1');
INSERT INTO `ocksena_zone` (`zone_id`, `country_id`, `name`, `code`, `status`) VALUES ('1503', '99', 'Tamil Nadu', 'TN', '1');
INSERT INTO `ocksena_zone` (`zone_id`, `country_id`, `name`, `code`, `status`) VALUES ('1504', '99', 'Tripura', 'TR', '1');
INSERT INTO `ocksena_zone` (`zone_id`, `country_id`, `name`, `code`, `status`) VALUES ('1505', '99', 'Uttar Pradesh', 'UP', '1');
INSERT INTO `ocksena_zone` (`zone_id`, `country_id`, `name`, `code`, `status`) VALUES ('1506', '99', 'West Bengal', 'WB', '1');
INSERT INTO `ocksena_zone` (`zone_id`, `country_id`, `name`, `code`, `status`) VALUES ('1507', '100', 'Aceh', 'AC', '1');
INSERT INTO `ocksena_zone` (`zone_id`, `country_id`, `name`, `code`, `status`) VALUES ('1508', '100', 'Bali', 'BA', '1');
INSERT INTO `ocksena_zone` (`zone_id`, `country_id`, `name`, `code`, `status`) VALUES ('1509', '100', 'Banten', 'BT', '1');
INSERT INTO `ocksena_zone` (`zone_id`, `country_id`, `name`, `code`, `status`) VALUES ('1510', '100', 'Bengkulu', 'BE', '1');
INSERT INTO `ocksena_zone` (`zone_id`, `country_id`, `name`, `code`, `status`) VALUES ('1511', '100', 'BoDeTaBek', 'BD', '1');
INSERT INTO `ocksena_zone` (`zone_id`, `country_id`, `name`, `code`, `status`) VALUES ('1512', '100', 'Gorontalo', 'GO', '1');
INSERT INTO `ocksena_zone` (`zone_id`, `country_id`, `name`, `code`, `status`) VALUES ('1513', '100', 'Jakarta Raya', 'JK', '1');
INSERT INTO `ocksena_zone` (`zone_id`, `country_id`, `name`, `code`, `status`) VALUES ('1514', '100', 'Jambi', 'JA', '1');
INSERT INTO `ocksena_zone` (`zone_id`, `country_id`, `name`, `code`, `status`) VALUES ('1515', '100', 'Jawa Barat', 'JB', '1');
INSERT INTO `ocksena_zone` (`zone_id`, `country_id`, `name`, `code`, `status`) VALUES ('1516', '100', 'Jawa Tengah', 'JT', '1');
INSERT INTO `ocksena_zone` (`zone_id`, `country_id`, `name`, `code`, `status`) VALUES ('1517', '100', 'Jawa Timur', 'JI', '1');
INSERT INTO `ocksena_zone` (`zone_id`, `country_id`, `name`, `code`, `status`) VALUES ('1518', '100', 'Kalimantan Barat', 'KB', '1');
INSERT INTO `ocksena_zone` (`zone_id`, `country_id`, `name`, `code`, `status`) VALUES ('1519', '100', 'Kalimantan Selatan', 'KS', '1');
INSERT INTO `ocksena_zone` (`zone_id`, `country_id`, `name`, `code`, `status`) VALUES ('1520', '100', 'Kalimantan Tengah', 'KT', '1');
INSERT INTO `ocksena_zone` (`zone_id`, `country_id`, `name`, `code`, `status`) VALUES ('1521', '100', 'Kalimantan Timur', 'KI', '1');
INSERT INTO `ocksena_zone` (`zone_id`, `country_id`, `name`, `code`, `status`) VALUES ('1522', '100', 'Kepulauan Bangka Belitung', 'BB', '1');
INSERT INTO `ocksena_zone` (`zone_id`, `country_id`, `name`, `code`, `status`) VALUES ('1523', '100', 'Lampung', 'LA', '1');
INSERT INTO `ocksena_zone` (`zone_id`, `country_id`, `name`, `code`, `status`) VALUES ('1524', '100', 'Maluku', 'MA', '1');
INSERT INTO `ocksena_zone` (`zone_id`, `country_id`, `name`, `code`, `status`) VALUES ('1525', '100', 'Maluku Utara', 'MU', '1');
INSERT INTO `ocksena_zone` (`zone_id`, `country_id`, `name`, `code`, `status`) VALUES ('1526', '100', 'Nusa Tenggara Barat', 'NB', '1');
INSERT INTO `ocksena_zone` (`zone_id`, `country_id`, `name`, `code`, `status`) VALUES ('1527', '100', 'Nusa Tenggara Timur', 'NT', '1');
INSERT INTO `ocksena_zone` (`zone_id`, `country_id`, `name`, `code`, `status`) VALUES ('1528', '100', 'Papua', 'PA', '1');
INSERT INTO `ocksena_zone` (`zone_id`, `country_id`, `name`, `code`, `status`) VALUES ('1529', '100', 'Riau', 'RI', '1');
INSERT INTO `ocksena_zone` (`zone_id`, `country_id`, `name`, `code`, `status`) VALUES ('1530', '100', 'Sulawesi Selatan', 'SN', '1');
INSERT INTO `ocksena_zone` (`zone_id`, `country_id`, `name`, `code`, `status`) VALUES ('1531', '100', 'Sulawesi Tengah', 'ST', '1');
INSERT INTO `ocksena_zone` (`zone_id`, `country_id`, `name`, `code`, `status`) VALUES ('1532', '100', 'Sulawesi Tenggara', 'SG', '1');
INSERT INTO `ocksena_zone` (`zone_id`, `country_id`, `name`, `code`, `status`) VALUES ('1533', '100', 'Sulawesi Utara', 'SA', '1');
INSERT INTO `ocksena_zone` (`zone_id`, `country_id`, `name`, `code`, `status`) VALUES ('1534', '100', 'Sumatera Barat', 'SB', '1');
INSERT INTO `ocksena_zone` (`zone_id`, `country_id`, `name`, `code`, `status`) VALUES ('1535', '100', 'Sumatera Selatan', 'SS', '1');
INSERT INTO `ocksena_zone` (`zone_id`, `country_id`, `name`, `code`, `status`) VALUES ('1536', '100', 'Sumatera Utara', 'SU', '1');
INSERT INTO `ocksena_zone` (`zone_id`, `country_id`, `name`, `code`, `status`) VALUES ('1537', '100', 'Yogyakarta', 'YO', '1');
INSERT INTO `ocksena_zone` (`zone_id`, `country_id`, `name`, `code`, `status`) VALUES ('1538', '101', 'Tehran', 'TEH', '1');
INSERT INTO `ocksena_zone` (`zone_id`, `country_id`, `name`, `code`, `status`) VALUES ('1539', '101', 'Qom', 'QOM', '1');
INSERT INTO `ocksena_zone` (`zone_id`, `country_id`, `name`, `code`, `status`) VALUES ('1540', '101', 'Markazi', 'MKZ', '1');
INSERT INTO `ocksena_zone` (`zone_id`, `country_id`, `name`, `code`, `status`) VALUES ('1541', '101', 'Qazvin', 'QAZ', '1');
INSERT INTO `ocksena_zone` (`zone_id`, `country_id`, `name`, `code`, `status`) VALUES ('1542', '101', 'Gilan', 'GIL', '1');
INSERT INTO `ocksena_zone` (`zone_id`, `country_id`, `name`, `code`, `status`) VALUES ('1543', '101', 'Ardabil', 'ARD', '1');
INSERT INTO `ocksena_zone` (`zone_id`, `country_id`, `name`, `code`, `status`) VALUES ('1544', '101', 'Zanjan', 'ZAN', '1');
INSERT INTO `ocksena_zone` (`zone_id`, `country_id`, `name`, `code`, `status`) VALUES ('1545', '101', 'East Azarbaijan', 'EAZ', '1');
INSERT INTO `ocksena_zone` (`zone_id`, `country_id`, `name`, `code`, `status`) VALUES ('1546', '101', 'West Azarbaijan', 'WEZ', '1');
INSERT INTO `ocksena_zone` (`zone_id`, `country_id`, `name`, `code`, `status`) VALUES ('1547', '101', 'Kurdistan', 'KRD', '1');
INSERT INTO `ocksena_zone` (`zone_id`, `country_id`, `name`, `code`, `status`) VALUES ('1548', '101', 'Hamadan', 'HMD', '1');
INSERT INTO `ocksena_zone` (`zone_id`, `country_id`, `name`, `code`, `status`) VALUES ('1549', '101', 'Kermanshah', 'KRM', '1');
INSERT INTO `ocksena_zone` (`zone_id`, `country_id`, `name`, `code`, `status`) VALUES ('1550', '101', 'Ilam', 'ILM', '1');
INSERT INTO `ocksena_zone` (`zone_id`, `country_id`, `name`, `code`, `status`) VALUES ('1551', '101', 'Lorestan', 'LRS', '1');
INSERT INTO `ocksena_zone` (`zone_id`, `country_id`, `name`, `code`, `status`) VALUES ('1552', '101', 'Khuzestan', 'KZT', '1');
INSERT INTO `ocksena_zone` (`zone_id`, `country_id`, `name`, `code`, `status`) VALUES ('1553', '101', 'Chahar Mahaal and Bakhtiari', 'CMB', '1');
INSERT INTO `ocksena_zone` (`zone_id`, `country_id`, `name`, `code`, `status`) VALUES ('1554', '101', 'Kohkiluyeh and Buyer Ahmad', 'KBA', '1');
INSERT INTO `ocksena_zone` (`zone_id`, `country_id`, `name`, `code`, `status`) VALUES ('1555', '101', 'Bushehr', 'BSH', '1');
INSERT INTO `ocksena_zone` (`zone_id`, `country_id`, `name`, `code`, `status`) VALUES ('1556', '101', 'Fars', 'FAR', '1');
INSERT INTO `ocksena_zone` (`zone_id`, `country_id`, `name`, `code`, `status`) VALUES ('1557', '101', 'Hormozgan', 'HRM', '1');
INSERT INTO `ocksena_zone` (`zone_id`, `country_id`, `name`, `code`, `status`) VALUES ('1558', '101', 'Sistan and Baluchistan', 'SBL', '1');
INSERT INTO `ocksena_zone` (`zone_id`, `country_id`, `name`, `code`, `status`) VALUES ('1559', '101', 'Kerman', 'KRB', '1');
INSERT INTO `ocksena_zone` (`zone_id`, `country_id`, `name`, `code`, `status`) VALUES ('1560', '101', 'Yazd', 'YZD', '1');
INSERT INTO `ocksena_zone` (`zone_id`, `country_id`, `name`, `code`, `status`) VALUES ('1561', '101', 'Esfahan', 'EFH', '1');
INSERT INTO `ocksena_zone` (`zone_id`, `country_id`, `name`, `code`, `status`) VALUES ('1562', '101', 'Semnan', 'SMN', '1');
INSERT INTO `ocksena_zone` (`zone_id`, `country_id`, `name`, `code`, `status`) VALUES ('1563', '101', 'Mazandaran', 'MZD', '1');
INSERT INTO `ocksena_zone` (`zone_id`, `country_id`, `name`, `code`, `status`) VALUES ('1564', '101', 'Golestan', 'GLS', '1');
INSERT INTO `ocksena_zone` (`zone_id`, `country_id`, `name`, `code`, `status`) VALUES ('1565', '101', 'North Khorasan', 'NKH', '1');
INSERT INTO `ocksena_zone` (`zone_id`, `country_id`, `name`, `code`, `status`) VALUES ('1566', '101', 'Razavi Khorasan', 'RKH', '1');
INSERT INTO `ocksena_zone` (`zone_id`, `country_id`, `name`, `code`, `status`) VALUES ('1567', '101', 'South Khorasan', 'SKH', '1');
INSERT INTO `ocksena_zone` (`zone_id`, `country_id`, `name`, `code`, `status`) VALUES ('1568', '102', 'Baghdad', 'BD', '1');
INSERT INTO `ocksena_zone` (`zone_id`, `country_id`, `name`, `code`, `status`) VALUES ('1569', '102', 'Salah ad Din', 'SD', '1');
INSERT INTO `ocksena_zone` (`zone_id`, `country_id`, `name`, `code`, `status`) VALUES ('1570', '102', 'Diyala', 'DY', '1');
INSERT INTO `ocksena_zone` (`zone_id`, `country_id`, `name`, `code`, `status`) VALUES ('1571', '102', 'Wasit', 'WS', '1');
INSERT INTO `ocksena_zone` (`zone_id`, `country_id`, `name`, `code`, `status`) VALUES ('1572', '102', 'Maysan', 'MY', '1');
INSERT INTO `ocksena_zone` (`zone_id`, `country_id`, `name`, `code`, `status`) VALUES ('1573', '102', 'Al Basrah', 'BA', '1');
INSERT INTO `ocksena_zone` (`zone_id`, `country_id`, `name`, `code`, `status`) VALUES ('1574', '102', 'Dhi Qar', 'DQ', '1');
INSERT INTO `ocksena_zone` (`zone_id`, `country_id`, `name`, `code`, `status`) VALUES ('1575', '102', 'Al Muthanna', 'MU', '1');
INSERT INTO `ocksena_zone` (`zone_id`, `country_id`, `name`, `code`, `status`) VALUES ('1576', '102', 'Al Qadisyah', 'QA', '1');
INSERT INTO `ocksena_zone` (`zone_id`, `country_id`, `name`, `code`, `status`) VALUES ('1577', '102', 'Babil', 'BB', '1');
INSERT INTO `ocksena_zone` (`zone_id`, `country_id`, `name`, `code`, `status`) VALUES ('1578', '102', 'Al Karbala', 'KB', '1');
INSERT INTO `ocksena_zone` (`zone_id`, `country_id`, `name`, `code`, `status`) VALUES ('1579', '102', 'An Najaf', 'NJ', '1');
INSERT INTO `ocksena_zone` (`zone_id`, `country_id`, `name`, `code`, `status`) VALUES ('1580', '102', 'Al Anbar', 'AB', '1');
INSERT INTO `ocksena_zone` (`zone_id`, `country_id`, `name`, `code`, `status`) VALUES ('1581', '102', 'Ninawa', 'NN', '1');
INSERT INTO `ocksena_zone` (`zone_id`, `country_id`, `name`, `code`, `status`) VALUES ('1582', '102', 'Dahuk', 'DH', '1');
INSERT INTO `ocksena_zone` (`zone_id`, `country_id`, `name`, `code`, `status`) VALUES ('1583', '102', 'Arbil', 'AL', '1');
INSERT INTO `ocksena_zone` (`zone_id`, `country_id`, `name`, `code`, `status`) VALUES ('1584', '102', 'At Ta\'mim', 'TM', '1');
INSERT INTO `ocksena_zone` (`zone_id`, `country_id`, `name`, `code`, `status`) VALUES ('1585', '102', 'As Sulaymaniyah', 'SL', '1');
INSERT INTO `ocksena_zone` (`zone_id`, `country_id`, `name`, `code`, `status`) VALUES ('1586', '103', 'Carlow', 'CA', '1');
INSERT INTO `ocksena_zone` (`zone_id`, `country_id`, `name`, `code`, `status`) VALUES ('1587', '103', 'Cavan', 'CV', '1');
INSERT INTO `ocksena_zone` (`zone_id`, `country_id`, `name`, `code`, `status`) VALUES ('1588', '103', 'Clare', 'CL', '1');
INSERT INTO `ocksena_zone` (`zone_id`, `country_id`, `name`, `code`, `status`) VALUES ('1589', '103', 'Cork', 'CO', '1');
INSERT INTO `ocksena_zone` (`zone_id`, `country_id`, `name`, `code`, `status`) VALUES ('1590', '103', 'Donegal', 'DO', '1');
INSERT INTO `ocksena_zone` (`zone_id`, `country_id`, `name`, `code`, `status`) VALUES ('1591', '103', 'Dublin', 'DU', '1');
INSERT INTO `ocksena_zone` (`zone_id`, `country_id`, `name`, `code`, `status`) VALUES ('1592', '103', 'Galway', 'GA', '1');
INSERT INTO `ocksena_zone` (`zone_id`, `country_id`, `name`, `code`, `status`) VALUES ('1593', '103', 'Kerry', 'KE', '1');
INSERT INTO `ocksena_zone` (`zone_id`, `country_id`, `name`, `code`, `status`) VALUES ('1594', '103', 'Kildare', 'KI', '1');
INSERT INTO `ocksena_zone` (`zone_id`, `country_id`, `name`, `code`, `status`) VALUES ('1595', '103', 'Kilkenny', 'KL', '1');
INSERT INTO `ocksena_zone` (`zone_id`, `country_id`, `name`, `code`, `status`) VALUES ('1596', '103', 'Laois', 'LA', '1');
INSERT INTO `ocksena_zone` (`zone_id`, `country_id`, `name`, `code`, `status`) VALUES ('1597', '103', 'Leitrim', 'LE', '1');
INSERT INTO `ocksena_zone` (`zone_id`, `country_id`, `name`, `code`, `status`) VALUES ('1598', '103', 'Limerick', 'LI', '1');
INSERT INTO `ocksena_zone` (`zone_id`, `country_id`, `name`, `code`, `status`) VALUES ('1599', '103', 'Longford', 'LO', '1');
INSERT INTO `ocksena_zone` (`zone_id`, `country_id`, `name`, `code`, `status`) VALUES ('1600', '103', 'Louth', 'LU', '1');
INSERT INTO `ocksena_zone` (`zone_id`, `country_id`, `name`, `code`, `status`) VALUES ('1601', '103', 'Mayo', 'MA', '1');
INSERT INTO `ocksena_zone` (`zone_id`, `country_id`, `name`, `code`, `status`) VALUES ('1602', '103', 'Meath', 'ME', '1');
INSERT INTO `ocksena_zone` (`zone_id`, `country_id`, `name`, `code`, `status`) VALUES ('1603', '103', 'Monaghan', 'MO', '1');
INSERT INTO `ocksena_zone` (`zone_id`, `country_id`, `name`, `code`, `status`) VALUES ('1604', '103', 'Offaly', 'OF', '1');
INSERT INTO `ocksena_zone` (`zone_id`, `country_id`, `name`, `code`, `status`) VALUES ('1605', '103', 'Roscommon', 'RO', '1');
INSERT INTO `ocksena_zone` (`zone_id`, `country_id`, `name`, `code`, `status`) VALUES ('1606', '103', 'Sligo', 'SL', '1');
INSERT INTO `ocksena_zone` (`zone_id`, `country_id`, `name`, `code`, `status`) VALUES ('1607', '103', 'Tipperary', 'TI', '1');
INSERT INTO `ocksena_zone` (`zone_id`, `country_id`, `name`, `code`, `status`) VALUES ('1608', '103', 'Waterford', 'WA', '1');
INSERT INTO `ocksena_zone` (`zone_id`, `country_id`, `name`, `code`, `status`) VALUES ('1609', '103', 'Westmeath', 'WE', '1');
INSERT INTO `ocksena_zone` (`zone_id`, `country_id`, `name`, `code`, `status`) VALUES ('1610', '103', 'Wexford', 'WX', '1');
INSERT INTO `ocksena_zone` (`zone_id`, `country_id`, `name`, `code`, `status`) VALUES ('1611', '103', 'Wicklow', 'WI', '1');
INSERT INTO `ocksena_zone` (`zone_id`, `country_id`, `name`, `code`, `status`) VALUES ('1612', '104', 'Be\'er Sheva', 'BS', '1');
INSERT INTO `ocksena_zone` (`zone_id`, `country_id`, `name`, `code`, `status`) VALUES ('1613', '104', 'Bika\'at Hayarden', 'BH', '1');
INSERT INTO `ocksena_zone` (`zone_id`, `country_id`, `name`, `code`, `status`) VALUES ('1614', '104', 'Eilat and Arava', 'EA', '1');
INSERT INTO `ocksena_zone` (`zone_id`, `country_id`, `name`, `code`, `status`) VALUES ('1615', '104', 'Galil', 'GA', '1');
INSERT INTO `ocksena_zone` (`zone_id`, `country_id`, `name`, `code`, `status`) VALUES ('1616', '104', 'Haifa', 'HA', '1');
INSERT INTO `ocksena_zone` (`zone_id`, `country_id`, `name`, `code`, `status`) VALUES ('1617', '104', 'Jehuda Mountains', 'JM', '1');
INSERT INTO `ocksena_zone` (`zone_id`, `country_id`, `name`, `code`, `status`) VALUES ('1618', '104', 'Jerusalem', 'JE', '1');
INSERT INTO `ocksena_zone` (`zone_id`, `country_id`, `name`, `code`, `status`) VALUES ('1619', '104', 'Negev', 'NE', '1');
INSERT INTO `ocksena_zone` (`zone_id`, `country_id`, `name`, `code`, `status`) VALUES ('1620', '104', 'Semaria', 'SE', '1');
INSERT INTO `ocksena_zone` (`zone_id`, `country_id`, `name`, `code`, `status`) VALUES ('1621', '104', 'Sharon', 'SH', '1');
INSERT INTO `ocksena_zone` (`zone_id`, `country_id`, `name`, `code`, `status`) VALUES ('1622', '104', 'Tel Aviv (Gosh Dan)', 'TA', '1');
INSERT INTO `ocksena_zone` (`zone_id`, `country_id`, `name`, `code`, `status`) VALUES ('3860', '105', 'Caltanissetta', 'CL', '1');
INSERT INTO `ocksena_zone` (`zone_id`, `country_id`, `name`, `code`, `status`) VALUES ('3842', '105', 'Agrigento', 'AG', '1');
INSERT INTO `ocksena_zone` (`zone_id`, `country_id`, `name`, `code`, `status`) VALUES ('3843', '105', 'Alessandria', 'AL', '1');
INSERT INTO `ocksena_zone` (`zone_id`, `country_id`, `name`, `code`, `status`) VALUES ('3844', '105', 'Ancona', 'AN', '1');
INSERT INTO `ocksena_zone` (`zone_id`, `country_id`, `name`, `code`, `status`) VALUES ('3845', '105', 'Aosta', 'AO', '1');
INSERT INTO `ocksena_zone` (`zone_id`, `country_id`, `name`, `code`, `status`) VALUES ('3846', '105', 'Arezzo', 'AR', '1');
INSERT INTO `ocksena_zone` (`zone_id`, `country_id`, `name`, `code`, `status`) VALUES ('3847', '105', 'Ascoli Piceno', 'AP', '1');
INSERT INTO `ocksena_zone` (`zone_id`, `country_id`, `name`, `code`, `status`) VALUES ('3848', '105', 'Asti', 'AT', '1');
INSERT INTO `ocksena_zone` (`zone_id`, `country_id`, `name`, `code`, `status`) VALUES ('3849', '105', 'Avellino', 'AV', '1');
INSERT INTO `ocksena_zone` (`zone_id`, `country_id`, `name`, `code`, `status`) VALUES ('3850', '105', 'Bari', 'BA', '1');
INSERT INTO `ocksena_zone` (`zone_id`, `country_id`, `name`, `code`, `status`) VALUES ('3851', '105', 'Belluno', 'BL', '1');
INSERT INTO `ocksena_zone` (`zone_id`, `country_id`, `name`, `code`, `status`) VALUES ('3852', '105', 'Benevento', 'BN', '1');
INSERT INTO `ocksena_zone` (`zone_id`, `country_id`, `name`, `code`, `status`) VALUES ('3853', '105', 'Bergamo', 'BG', '1');
INSERT INTO `ocksena_zone` (`zone_id`, `country_id`, `name`, `code`, `status`) VALUES ('3854', '105', 'Biella', 'BI', '1');
INSERT INTO `ocksena_zone` (`zone_id`, `country_id`, `name`, `code`, `status`) VALUES ('3855', '105', 'Bologna', 'BO', '1');
INSERT INTO `ocksena_zone` (`zone_id`, `country_id`, `name`, `code`, `status`) VALUES ('3856', '105', 'Bolzano', 'BZ', '1');
INSERT INTO `ocksena_zone` (`zone_id`, `country_id`, `name`, `code`, `status`) VALUES ('3857', '105', 'Brescia', 'BS', '1');
INSERT INTO `ocksena_zone` (`zone_id`, `country_id`, `name`, `code`, `status`) VALUES ('3858', '105', 'Brindisi', 'BR', '1');
INSERT INTO `ocksena_zone` (`zone_id`, `country_id`, `name`, `code`, `status`) VALUES ('3859', '105', 'Cagliari', 'CA', '1');
INSERT INTO `ocksena_zone` (`zone_id`, `country_id`, `name`, `code`, `status`) VALUES ('1643', '106', 'Clarendon Parish', 'CLA', '1');
INSERT INTO `ocksena_zone` (`zone_id`, `country_id`, `name`, `code`, `status`) VALUES ('1644', '106', 'Hanover Parish', 'HAN', '1');
INSERT INTO `ocksena_zone` (`zone_id`, `country_id`, `name`, `code`, `status`) VALUES ('1645', '106', 'Kingston Parish', 'KIN', '1');
INSERT INTO `ocksena_zone` (`zone_id`, `country_id`, `name`, `code`, `status`) VALUES ('1646', '106', 'Manchester Parish', 'MAN', '1');
INSERT INTO `ocksena_zone` (`zone_id`, `country_id`, `name`, `code`, `status`) VALUES ('1647', '106', 'Portland Parish', 'POR', '1');
INSERT INTO `ocksena_zone` (`zone_id`, `country_id`, `name`, `code`, `status`) VALUES ('1648', '106', 'Saint Andrew Parish', 'AND', '1');
INSERT INTO `ocksena_zone` (`zone_id`, `country_id`, `name`, `code`, `status`) VALUES ('1649', '106', 'Saint Ann Parish', 'ANN', '1');
INSERT INTO `ocksena_zone` (`zone_id`, `country_id`, `name`, `code`, `status`) VALUES ('1650', '106', 'Saint Catherine Parish', 'CAT', '1');
INSERT INTO `ocksena_zone` (`zone_id`, `country_id`, `name`, `code`, `status`) VALUES ('1651', '106', 'Saint Elizabeth Parish', 'ELI', '1');
INSERT INTO `ocksena_zone` (`zone_id`, `country_id`, `name`, `code`, `status`) VALUES ('1652', '106', 'Saint James Parish', 'JAM', '1');
INSERT INTO `ocksena_zone` (`zone_id`, `country_id`, `name`, `code`, `status`) VALUES ('1653', '106', 'Saint Mary Parish', 'MAR', '1');
INSERT INTO `ocksena_zone` (`zone_id`, `country_id`, `name`, `code`, `status`) VALUES ('1654', '106', 'Saint Thomas Parish', 'THO', '1');
INSERT INTO `ocksena_zone` (`zone_id`, `country_id`, `name`, `code`, `status`) VALUES ('1655', '106', 'Trelawny Parish', 'TRL', '1');
INSERT INTO `ocksena_zone` (`zone_id`, `country_id`, `name`, `code`, `status`) VALUES ('1656', '106', 'Westmoreland Parish', 'WML', '1');
INSERT INTO `ocksena_zone` (`zone_id`, `country_id`, `name`, `code`, `status`) VALUES ('1657', '107', 'Aichi', 'AI', '1');
INSERT INTO `ocksena_zone` (`zone_id`, `country_id`, `name`, `code`, `status`) VALUES ('1658', '107', 'Akita', 'AK', '1');
INSERT INTO `ocksena_zone` (`zone_id`, `country_id`, `name`, `code`, `status`) VALUES ('1659', '107', 'Aomori', 'AO', '1');
INSERT INTO `ocksena_zone` (`zone_id`, `country_id`, `name`, `code`, `status`) VALUES ('1660', '107', 'Chiba', 'CH', '1');
INSERT INTO `ocksena_zone` (`zone_id`, `country_id`, `name`, `code`, `status`) VALUES ('1661', '107', 'Ehime', 'EH', '1');
INSERT INTO `ocksena_zone` (`zone_id`, `country_id`, `name`, `code`, `status`) VALUES ('1662', '107', 'Fukui', 'FK', '1');
INSERT INTO `ocksena_zone` (`zone_id`, `country_id`, `name`, `code`, `status`) VALUES ('1663', '107', 'Fukuoka', 'FU', '1');
INSERT INTO `ocksena_zone` (`zone_id`, `country_id`, `name`, `code`, `status`) VALUES ('1664', '107', 'Fukushima', 'FS', '1');
INSERT INTO `ocksena_zone` (`zone_id`, `country_id`, `name`, `code`, `status`) VALUES ('1665', '107', 'Gifu', 'GI', '1');
INSERT INTO `ocksena_zone` (`zone_id`, `country_id`, `name`, `code`, `status`) VALUES ('1666', '107', 'Gumma', 'GU', '1');
INSERT INTO `ocksena_zone` (`zone_id`, `country_id`, `name`, `code`, `status`) VALUES ('1667', '107', 'Hiroshima', 'HI', '1');
INSERT INTO `ocksena_zone` (`zone_id`, `country_id`, `name`, `code`, `status`) VALUES ('1668', '107', 'Hokkaido', 'HO', '1');
INSERT INTO `ocksena_zone` (`zone_id`, `country_id`, `name`, `code`, `status`) VALUES ('1669', '107', 'Hyogo', 'HY', '1');
INSERT INTO `ocksena_zone` (`zone_id`, `country_id`, `name`, `code`, `status`) VALUES ('1670', '107', 'Ibaraki', 'IB', '1');
INSERT INTO `ocksena_zone` (`zone_id`, `country_id`, `name`, `code`, `status`) VALUES ('1671', '107', 'Ishikawa', 'IS', '1');
INSERT INTO `ocksena_zone` (`zone_id`, `country_id`, `name`, `code`, `status`) VALUES ('1672', '107', 'Iwate', 'IW', '1');
INSERT INTO `ocksena_zone` (`zone_id`, `country_id`, `name`, `code`, `status`) VALUES ('1673', '107', 'Kagawa', 'KA', '1');
INSERT INTO `ocksena_zone` (`zone_id`, `country_id`, `name`, `code`, `status`) VALUES ('1674', '107', 'Kagoshima', 'KG', '1');
INSERT INTO `ocksena_zone` (`zone_id`, `country_id`, `name`, `code`, `status`) VALUES ('1675', '107', 'Kanagawa', 'KN', '1');
INSERT INTO `ocksena_zone` (`zone_id`, `country_id`, `name`, `code`, `status`) VALUES ('1676', '107', 'Kochi', 'KO', '1');
INSERT INTO `ocksena_zone` (`zone_id`, `country_id`, `name`, `code`, `status`) VALUES ('1677', '107', 'Kumamoto', 'KU', '1');
INSERT INTO `ocksena_zone` (`zone_id`, `country_id`, `name`, `code`, `status`) VALUES ('1678', '107', 'Kyoto', 'KY', '1');
INSERT INTO `ocksena_zone` (`zone_id`, `country_id`, `name`, `code`, `status`) VALUES ('1679', '107', 'Mie', 'MI', '1');
INSERT INTO `ocksena_zone` (`zone_id`, `country_id`, `name`, `code`, `status`) VALUES ('1680', '107', 'Miyagi', 'MY', '1');
INSERT INTO `ocksena_zone` (`zone_id`, `country_id`, `name`, `code`, `status`) VALUES ('1681', '107', 'Miyazaki', 'MZ', '1');
INSERT INTO `ocksena_zone` (`zone_id`, `country_id`, `name`, `code`, `status`) VALUES ('1682', '107', 'Nagano', 'NA', '1');
INSERT INTO `ocksena_zone` (`zone_id`, `country_id`, `name`, `code`, `status`) VALUES ('1683', '107', 'Nagasaki', 'NG', '1');
INSERT INTO `ocksena_zone` (`zone_id`, `country_id`, `name`, `code`, `status`) VALUES ('1684', '107', 'Nara', 'NR', '1');
INSERT INTO `ocksena_zone` (`zone_id`, `country_id`, `name`, `code`, `status`) VALUES ('1685', '107', 'Niigata', 'NI', '1');
INSERT INTO `ocksena_zone` (`zone_id`, `country_id`, `name`, `code`, `status`) VALUES ('1686', '107', 'Oita', 'OI', '1');
INSERT INTO `ocksena_zone` (`zone_id`, `country_id`, `name`, `code`, `status`) VALUES ('1687', '107', 'Okayama', 'OK', '1');
INSERT INTO `ocksena_zone` (`zone_id`, `country_id`, `name`, `code`, `status`) VALUES ('1688', '107', 'Okinawa', 'ON', '1');
INSERT INTO `ocksena_zone` (`zone_id`, `country_id`, `name`, `code`, `status`) VALUES ('1689', '107', 'Osaka', 'OS', '1');
INSERT INTO `ocksena_zone` (`zone_id`, `country_id`, `name`, `code`, `status`) VALUES ('1690', '107', 'Saga', 'SA', '1');
INSERT INTO `ocksena_zone` (`zone_id`, `country_id`, `name`, `code`, `status`) VALUES ('1691', '107', 'Saitama', 'SI', '1');
INSERT INTO `ocksena_zone` (`zone_id`, `country_id`, `name`, `code`, `status`) VALUES ('1692', '107', 'Shiga', 'SH', '1');
INSERT INTO `ocksena_zone` (`zone_id`, `country_id`, `name`, `code`, `status`) VALUES ('1693', '107', 'Shimane', 'SM', '1');
INSERT INTO `ocksena_zone` (`zone_id`, `country_id`, `name`, `code`, `status`) VALUES ('1694', '107', 'Shizuoka', 'SZ', '1');
INSERT INTO `ocksena_zone` (`zone_id`, `country_id`, `name`, `code`, `status`) VALUES ('1695', '107', 'Tochigi', 'TO', '1');
INSERT INTO `ocksena_zone` (`zone_id`, `country_id`, `name`, `code`, `status`) VALUES ('1696', '107', 'Tokushima', 'TS', '1');
INSERT INTO `ocksena_zone` (`zone_id`, `country_id`, `name`, `code`, `status`) VALUES ('1697', '107', 'Tokyo', 'TK', '1');
INSERT INTO `ocksena_zone` (`zone_id`, `country_id`, `name`, `code`, `status`) VALUES ('1698', '107', 'Tottori', 'TT', '1');
INSERT INTO `ocksena_zone` (`zone_id`, `country_id`, `name`, `code`, `status`) VALUES ('1699', '107', 'Toyama', 'TY', '1');
INSERT INTO `ocksena_zone` (`zone_id`, `country_id`, `name`, `code`, `status`) VALUES ('1700', '107', 'Wakayama', 'WA', '1');
INSERT INTO `ocksena_zone` (`zone_id`, `country_id`, `name`, `code`, `status`) VALUES ('1701', '107', 'Yamagata', 'YA', '1');
INSERT INTO `ocksena_zone` (`zone_id`, `country_id`, `name`, `code`, `status`) VALUES ('1702', '107', 'Yamaguchi', 'YM', '1');
INSERT INTO `ocksena_zone` (`zone_id`, `country_id`, `name`, `code`, `status`) VALUES ('1703', '107', 'Yamanashi', 'YN', '1');
INSERT INTO `ocksena_zone` (`zone_id`, `country_id`, `name`, `code`, `status`) VALUES ('1704', '108', '\'Amman', 'AM', '1');
INSERT INTO `ocksena_zone` (`zone_id`, `country_id`, `name`, `code`, `status`) VALUES ('1705', '108', 'Ajlun', 'AJ', '1');
INSERT INTO `ocksena_zone` (`zone_id`, `country_id`, `name`, `code`, `status`) VALUES ('1706', '108', 'Al \'Aqabah', 'AA', '1');
INSERT INTO `ocksena_zone` (`zone_id`, `country_id`, `name`, `code`, `status`) VALUES ('1707', '108', 'Al Balqa\'', 'AB', '1');
INSERT INTO `ocksena_zone` (`zone_id`, `country_id`, `name`, `code`, `status`) VALUES ('1708', '108', 'Al Karak', 'AK', '1');
INSERT INTO `ocksena_zone` (`zone_id`, `country_id`, `name`, `code`, `status`) VALUES ('1709', '108', 'Al Mafraq', 'AL', '1');
INSERT INTO `ocksena_zone` (`zone_id`, `country_id`, `name`, `code`, `status`) VALUES ('1710', '108', 'At Tafilah', 'AT', '1');
INSERT INTO `ocksena_zone` (`zone_id`, `country_id`, `name`, `code`, `status`) VALUES ('1711', '108', 'Az Zarqa\'', 'AZ', '1');
INSERT INTO `ocksena_zone` (`zone_id`, `country_id`, `name`, `code`, `status`) VALUES ('1712', '108', 'Irbid', 'IR', '1');
INSERT INTO `ocksena_zone` (`zone_id`, `country_id`, `name`, `code`, `status`) VALUES ('1713', '108', 'Jarash', 'JA', '1');
INSERT INTO `ocksena_zone` (`zone_id`, `country_id`, `name`, `code`, `status`) VALUES ('1714', '108', 'Ma\'an', 'MA', '1');
INSERT INTO `ocksena_zone` (`zone_id`, `country_id`, `name`, `code`, `status`) VALUES ('1715', '108', 'Madaba', 'MD', '1');
INSERT INTO `ocksena_zone` (`zone_id`, `country_id`, `name`, `code`, `status`) VALUES ('1716', '109', 'Almaty', 'AL', '1');
INSERT INTO `ocksena_zone` (`zone_id`, `country_id`, `name`, `code`, `status`) VALUES ('1717', '109', 'Almaty City', 'AC', '1');
INSERT INTO `ocksena_zone` (`zone_id`, `country_id`, `name`, `code`, `status`) VALUES ('1718', '109', 'Aqmola', 'AM', '1');
INSERT INTO `ocksena_zone` (`zone_id`, `country_id`, `name`, `code`, `status`) VALUES ('1719', '109', 'Aqtobe', 'AQ', '1');
INSERT INTO `ocksena_zone` (`zone_id`, `country_id`, `name`, `code`, `status`) VALUES ('1720', '109', 'Astana City', 'AS', '1');
INSERT INTO `ocksena_zone` (`zone_id`, `country_id`, `name`, `code`, `status`) VALUES ('1721', '109', 'Atyrau', 'AT', '1');
INSERT INTO `ocksena_zone` (`zone_id`, `country_id`, `name`, `code`, `status`) VALUES ('1722', '109', 'Batys Qazaqstan', 'BA', '1');
INSERT INTO `ocksena_zone` (`zone_id`, `country_id`, `name`, `code`, `status`) VALUES ('1723', '109', 'Bayqongyr City', 'BY', '1');
INSERT INTO `ocksena_zone` (`zone_id`, `country_id`, `name`, `code`, `status`) VALUES ('1724', '109', 'Mangghystau', 'MA', '1');
INSERT INTO `ocksena_zone` (`zone_id`, `country_id`, `name`, `code`, `status`) VALUES ('1725', '109', 'Ongtustik Qazaqstan', 'ON', '1');
INSERT INTO `ocksena_zone` (`zone_id`, `country_id`, `name`, `code`, `status`) VALUES ('1726', '109', 'Pavlodar', 'PA', '1');
INSERT INTO `ocksena_zone` (`zone_id`, `country_id`, `name`, `code`, `status`) VALUES ('1727', '109', 'Qaraghandy', 'QA', '1');
INSERT INTO `ocksena_zone` (`zone_id`, `country_id`, `name`, `code`, `status`) VALUES ('1728', '109', 'Qostanay', 'QO', '1');
INSERT INTO `ocksena_zone` (`zone_id`, `country_id`, `name`, `code`, `status`) VALUES ('1729', '109', 'Qyzylorda', 'QY', '1');
INSERT INTO `ocksena_zone` (`zone_id`, `country_id`, `name`, `code`, `status`) VALUES ('1730', '109', 'Shyghys Qazaqstan', 'SH', '1');
INSERT INTO `ocksena_zone` (`zone_id`, `country_id`, `name`, `code`, `status`) VALUES ('1731', '109', 'Soltustik Qazaqstan', 'SO', '1');
INSERT INTO `ocksena_zone` (`zone_id`, `country_id`, `name`, `code`, `status`) VALUES ('1732', '109', 'Zhambyl', 'ZH', '1');
INSERT INTO `ocksena_zone` (`zone_id`, `country_id`, `name`, `code`, `status`) VALUES ('1733', '110', 'Central', 'CE', '1');
INSERT INTO `ocksena_zone` (`zone_id`, `country_id`, `name`, `code`, `status`) VALUES ('1734', '110', 'Coast', 'CO', '1');
INSERT INTO `ocksena_zone` (`zone_id`, `country_id`, `name`, `code`, `status`) VALUES ('1735', '110', 'Eastern', 'EA', '1');
INSERT INTO `ocksena_zone` (`zone_id`, `country_id`, `name`, `code`, `status`) VALUES ('1736', '110', 'Nairobi Area', 'NA', '1');
INSERT INTO `ocksena_zone` (`zone_id`, `country_id`, `name`, `code`, `status`) VALUES ('1737', '110', 'North Eastern', 'NE', '1');
INSERT INTO `ocksena_zone` (`zone_id`, `country_id`, `name`, `code`, `status`) VALUES ('1738', '110', 'Nyanza', 'NY', '1');
INSERT INTO `ocksena_zone` (`zone_id`, `country_id`, `name`, `code`, `status`) VALUES ('1739', '110', 'Rift Valley', 'RV', '1');
INSERT INTO `ocksena_zone` (`zone_id`, `country_id`, `name`, `code`, `status`) VALUES ('1740', '110', 'Western', 'WE', '1');
INSERT INTO `ocksena_zone` (`zone_id`, `country_id`, `name`, `code`, `status`) VALUES ('1741', '111', 'Abaiang', 'AG', '1');
INSERT INTO `ocksena_zone` (`zone_id`, `country_id`, `name`, `code`, `status`) VALUES ('1742', '111', 'Abemama', 'AM', '1');
INSERT INTO `ocksena_zone` (`zone_id`, `country_id`, `name`, `code`, `status`) VALUES ('1743', '111', 'Aranuka', 'AK', '1');
INSERT INTO `ocksena_zone` (`zone_id`, `country_id`, `name`, `code`, `status`) VALUES ('1744', '111', 'Arorae', 'AO', '1');
INSERT INTO `ocksena_zone` (`zone_id`, `country_id`, `name`, `code`, `status`) VALUES ('1745', '111', 'Banaba', 'BA', '1');
INSERT INTO `ocksena_zone` (`zone_id`, `country_id`, `name`, `code`, `status`) VALUES ('1746', '111', 'Beru', 'BE', '1');
INSERT INTO `ocksena_zone` (`zone_id`, `country_id`, `name`, `code`, `status`) VALUES ('1747', '111', 'Butaritari', 'bT', '1');
INSERT INTO `ocksena_zone` (`zone_id`, `country_id`, `name`, `code`, `status`) VALUES ('1748', '111', 'Kanton', 'KA', '1');
INSERT INTO `ocksena_zone` (`zone_id`, `country_id`, `name`, `code`, `status`) VALUES ('1749', '111', 'Kiritimati', 'KR', '1');
INSERT INTO `ocksena_zone` (`zone_id`, `country_id`, `name`, `code`, `status`) VALUES ('1750', '111', 'Kuria', 'KU', '1');
INSERT INTO `ocksena_zone` (`zone_id`, `country_id`, `name`, `code`, `status`) VALUES ('1751', '111', 'Maiana', 'MI', '1');
INSERT INTO `ocksena_zone` (`zone_id`, `country_id`, `name`, `code`, `status`) VALUES ('1752', '111', 'Makin', 'MN', '1');
INSERT INTO `ocksena_zone` (`zone_id`, `country_id`, `name`, `code`, `status`) VALUES ('1753', '111', 'Marakei', 'ME', '1');
INSERT INTO `ocksena_zone` (`zone_id`, `country_id`, `name`, `code`, `status`) VALUES ('1754', '111', 'Nikunau', 'NI', '1');
INSERT INTO `ocksena_zone` (`zone_id`, `country_id`, `name`, `code`, `status`) VALUES ('1755', '111', 'Nonouti', 'NO', '1');
INSERT INTO `ocksena_zone` (`zone_id`, `country_id`, `name`, `code`, `status`) VALUES ('1756', '111', 'Onotoa', 'ON', '1');
INSERT INTO `ocksena_zone` (`zone_id`, `country_id`, `name`, `code`, `status`) VALUES ('1757', '111', 'Tabiteuea', 'TT', '1');
INSERT INTO `ocksena_zone` (`zone_id`, `country_id`, `name`, `code`, `status`) VALUES ('1758', '111', 'Tabuaeran', 'TR', '1');
INSERT INTO `ocksena_zone` (`zone_id`, `country_id`, `name`, `code`, `status`) VALUES ('1759', '111', 'Tamana', 'TM', '1');
INSERT INTO `ocksena_zone` (`zone_id`, `country_id`, `name`, `code`, `status`) VALUES ('1760', '111', 'Tarawa', 'TW', '1');
INSERT INTO `ocksena_zone` (`zone_id`, `country_id`, `name`, `code`, `status`) VALUES ('1761', '111', 'Teraina', 'TE', '1');
INSERT INTO `ocksena_zone` (`zone_id`, `country_id`, `name`, `code`, `status`) VALUES ('1762', '112', 'Chagang-do', 'CHA', '1');
INSERT INTO `ocksena_zone` (`zone_id`, `country_id`, `name`, `code`, `status`) VALUES ('1763', '112', 'Hamgyong-bukto', 'HAB', '1');
INSERT INTO `ocksena_zone` (`zone_id`, `country_id`, `name`, `code`, `status`) VALUES ('1764', '112', 'Hamgyong-namdo', 'HAN', '1');
INSERT INTO `ocksena_zone` (`zone_id`, `country_id`, `name`, `code`, `status`) VALUES ('1765', '112', 'Hwanghae-bukto', 'HWB', '1');
INSERT INTO `ocksena_zone` (`zone_id`, `country_id`, `name`, `code`, `status`) VALUES ('1766', '112', 'Hwanghae-namdo', 'HWN', '1');
INSERT INTO `ocksena_zone` (`zone_id`, `country_id`, `name`, `code`, `status`) VALUES ('1767', '112', 'Kangwon-do', 'KAN', '1');
INSERT INTO `ocksena_zone` (`zone_id`, `country_id`, `name`, `code`, `status`) VALUES ('1768', '112', 'P\'yongan-bukto', 'PYB', '1');
INSERT INTO `ocksena_zone` (`zone_id`, `country_id`, `name`, `code`, `status`) VALUES ('1769', '112', 'P\'yongan-namdo', 'PYN', '1');
INSERT INTO `ocksena_zone` (`zone_id`, `country_id`, `name`, `code`, `status`) VALUES ('1770', '112', 'Ryanggang-do (Yanggang-do)', 'YAN', '1');
INSERT INTO `ocksena_zone` (`zone_id`, `country_id`, `name`, `code`, `status`) VALUES ('1771', '112', 'Rason Directly Governed City', 'NAJ', '1');
INSERT INTO `ocksena_zone` (`zone_id`, `country_id`, `name`, `code`, `status`) VALUES ('1772', '112', 'P\'yongyang Special City', 'PYO', '1');
INSERT INTO `ocksena_zone` (`zone_id`, `country_id`, `name`, `code`, `status`) VALUES ('1773', '113', 'Ch\'ungch\'ong-bukto', 'CO', '1');
INSERT INTO `ocksena_zone` (`zone_id`, `country_id`, `name`, `code`, `status`) VALUES ('1774', '113', 'Ch\'ungch\'ong-namdo', 'CH', '1');
INSERT INTO `ocksena_zone` (`zone_id`, `country_id`, `name`, `code`, `status`) VALUES ('1775', '113', 'Cheju-do', 'CD', '1');
INSERT INTO `ocksena_zone` (`zone_id`, `country_id`, `name`, `code`, `status`) VALUES ('1776', '113', 'Cholla-bukto', 'CB', '1');
INSERT INTO `ocksena_zone` (`zone_id`, `country_id`, `name`, `code`, `status`) VALUES ('1777', '113', 'Cholla-namdo', 'CN', '1');
INSERT INTO `ocksena_zone` (`zone_id`, `country_id`, `name`, `code`, `status`) VALUES ('1778', '113', 'Inch\'on-gwangyoksi', 'IG', '1');
INSERT INTO `ocksena_zone` (`zone_id`, `country_id`, `name`, `code`, `status`) VALUES ('1779', '113', 'Kangwon-do', 'KA', '1');
INSERT INTO `ocksena_zone` (`zone_id`, `country_id`, `name`, `code`, `status`) VALUES ('1780', '113', 'Kwangju-gwangyoksi', 'KG', '1');
INSERT INTO `ocksena_zone` (`zone_id`, `country_id`, `name`, `code`, `status`) VALUES ('1781', '113', 'Kyonggi-do', 'KD', '1');
INSERT INTO `ocksena_zone` (`zone_id`, `country_id`, `name`, `code`, `status`) VALUES ('1782', '113', 'Kyongsang-bukto', 'KB', '1');
INSERT INTO `ocksena_zone` (`zone_id`, `country_id`, `name`, `code`, `status`) VALUES ('1783', '113', 'Kyongsang-namdo', 'KN', '1');
INSERT INTO `ocksena_zone` (`zone_id`, `country_id`, `name`, `code`, `status`) VALUES ('1784', '113', 'Pusan-gwangyoksi', 'PG', '1');
INSERT INTO `ocksena_zone` (`zone_id`, `country_id`, `name`, `code`, `status`) VALUES ('1785', '113', 'Soul-t\'ukpyolsi', 'SO', '1');
INSERT INTO `ocksena_zone` (`zone_id`, `country_id`, `name`, `code`, `status`) VALUES ('1786', '113', 'Taegu-gwangyoksi', 'TA', '1');
INSERT INTO `ocksena_zone` (`zone_id`, `country_id`, `name`, `code`, `status`) VALUES ('1787', '113', 'Taejon-gwangyoksi', 'TG', '1');
INSERT INTO `ocksena_zone` (`zone_id`, `country_id`, `name`, `code`, `status`) VALUES ('1788', '114', 'Al \'Asimah', 'AL', '1');
INSERT INTO `ocksena_zone` (`zone_id`, `country_id`, `name`, `code`, `status`) VALUES ('1789', '114', 'Al Ahmadi', 'AA', '1');
INSERT INTO `ocksena_zone` (`zone_id`, `country_id`, `name`, `code`, `status`) VALUES ('1790', '114', 'Al Farwaniyah', 'AF', '1');
INSERT INTO `ocksena_zone` (`zone_id`, `country_id`, `name`, `code`, `status`) VALUES ('1791', '114', 'Al Jahra\'', 'AJ', '1');
INSERT INTO `ocksena_zone` (`zone_id`, `country_id`, `name`, `code`, `status`) VALUES ('1792', '114', 'Hawalli', 'HA', '1');
INSERT INTO `ocksena_zone` (`zone_id`, `country_id`, `name`, `code`, `status`) VALUES ('1793', '115', 'Bishkek', 'GB', '1');
INSERT INTO `ocksena_zone` (`zone_id`, `country_id`, `name`, `code`, `status`) VALUES ('1794', '115', 'Batken', 'B', '1');
INSERT INTO `ocksena_zone` (`zone_id`, `country_id`, `name`, `code`, `status`) VALUES ('1795', '115', 'Chu', 'C', '1');
INSERT INTO `ocksena_zone` (`zone_id`, `country_id`, `name`, `code`, `status`) VALUES ('1796', '115', 'Jalal-Abad', 'J', '1');
INSERT INTO `ocksena_zone` (`zone_id`, `country_id`, `name`, `code`, `status`) VALUES ('1797', '115', 'Naryn', 'N', '1');
INSERT INTO `ocksena_zone` (`zone_id`, `country_id`, `name`, `code`, `status`) VALUES ('1798', '115', 'Osh', 'O', '1');
INSERT INTO `ocksena_zone` (`zone_id`, `country_id`, `name`, `code`, `status`) VALUES ('1799', '115', 'Talas', 'T', '1');
INSERT INTO `ocksena_zone` (`zone_id`, `country_id`, `name`, `code`, `status`) VALUES ('1800', '115', 'Ysyk-Kol', 'Y', '1');
INSERT INTO `ocksena_zone` (`zone_id`, `country_id`, `name`, `code`, `status`) VALUES ('1801', '116', 'Vientiane', 'VT', '1');
INSERT INTO `ocksena_zone` (`zone_id`, `country_id`, `name`, `code`, `status`) VALUES ('1802', '116', 'Attapu', 'AT', '1');
INSERT INTO `ocksena_zone` (`zone_id`, `country_id`, `name`, `code`, `status`) VALUES ('1803', '116', 'Bokeo', 'BK', '1');
INSERT INTO `ocksena_zone` (`zone_id`, `country_id`, `name`, `code`, `status`) VALUES ('1804', '116', 'Bolikhamxai', 'BL', '1');
INSERT INTO `ocksena_zone` (`zone_id`, `country_id`, `name`, `code`, `status`) VALUES ('1805', '116', 'Champasak', 'CH', '1');
INSERT INTO `ocksena_zone` (`zone_id`, `country_id`, `name`, `code`, `status`) VALUES ('1806', '116', 'Houaphan', 'HO', '1');
INSERT INTO `ocksena_zone` (`zone_id`, `country_id`, `name`, `code`, `status`) VALUES ('1807', '116', 'Khammouan', 'KH', '1');
INSERT INTO `ocksena_zone` (`zone_id`, `country_id`, `name`, `code`, `status`) VALUES ('1808', '116', 'Louang Namtha', 'LM', '1');
INSERT INTO `ocksena_zone` (`zone_id`, `country_id`, `name`, `code`, `status`) VALUES ('1809', '116', 'Louangphabang', 'LP', '1');
INSERT INTO `ocksena_zone` (`zone_id`, `country_id`, `name`, `code`, `status`) VALUES ('1810', '116', 'Oudomxai', 'OU', '1');
INSERT INTO `ocksena_zone` (`zone_id`, `country_id`, `name`, `code`, `status`) VALUES ('1811', '116', 'Phongsali', 'PH', '1');
INSERT INTO `ocksena_zone` (`zone_id`, `country_id`, `name`, `code`, `status`) VALUES ('1812', '116', 'Salavan', 'SL', '1');
INSERT INTO `ocksena_zone` (`zone_id`, `country_id`, `name`, `code`, `status`) VALUES ('1813', '116', 'Savannakhet', 'SV', '1');
INSERT INTO `ocksena_zone` (`zone_id`, `country_id`, `name`, `code`, `status`) VALUES ('1814', '116', 'Vientiane', 'VI', '1');
INSERT INTO `ocksena_zone` (`zone_id`, `country_id`, `name`, `code`, `status`) VALUES ('1815', '116', 'Xaignabouli', 'XA', '1');
INSERT INTO `ocksena_zone` (`zone_id`, `country_id`, `name`, `code`, `status`) VALUES ('1816', '116', 'Xekong', 'XE', '1');
INSERT INTO `ocksena_zone` (`zone_id`, `country_id`, `name`, `code`, `status`) VALUES ('1817', '116', 'Xiangkhoang', 'XI', '1');
INSERT INTO `ocksena_zone` (`zone_id`, `country_id`, `name`, `code`, `status`) VALUES ('1818', '116', 'Xaisomboun', 'XN', '1');
INSERT INTO `ocksena_zone` (`zone_id`, `country_id`, `name`, `code`, `status`) VALUES ('1819', '117', 'Aizkraukles Rajons', 'AIZ', '1');
INSERT INTO `ocksena_zone` (`zone_id`, `country_id`, `name`, `code`, `status`) VALUES ('1820', '117', 'Aluksnes Rajons', 'ALU', '1');
INSERT INTO `ocksena_zone` (`zone_id`, `country_id`, `name`, `code`, `status`) VALUES ('1821', '117', 'Balvu Rajons', 'BAL', '1');
INSERT INTO `ocksena_zone` (`zone_id`, `country_id`, `name`, `code`, `status`) VALUES ('1822', '117', 'Bauskas Rajons', 'BAU', '1');
INSERT INTO `ocksena_zone` (`zone_id`, `country_id`, `name`, `code`, `status`) VALUES ('1823', '117', 'Cesu Rajons', 'CES', '1');
INSERT INTO `ocksena_zone` (`zone_id`, `country_id`, `name`, `code`, `status`) VALUES ('1824', '117', 'Daugavpils Rajons', 'DGR', '1');
INSERT INTO `ocksena_zone` (`zone_id`, `country_id`, `name`, `code`, `status`) VALUES ('1825', '117', 'Dobeles Rajons', 'DOB', '1');
INSERT INTO `ocksena_zone` (`zone_id`, `country_id`, `name`, `code`, `status`) VALUES ('1826', '117', 'Gulbenes Rajons', 'GUL', '1');
INSERT INTO `ocksena_zone` (`zone_id`, `country_id`, `name`, `code`, `status`) VALUES ('1827', '117', 'Jekabpils Rajons', 'JEK', '1');
INSERT INTO `ocksena_zone` (`zone_id`, `country_id`, `name`, `code`, `status`) VALUES ('1828', '117', 'Jelgavas Rajons', 'JGR', '1');
INSERT INTO `ocksena_zone` (`zone_id`, `country_id`, `name`, `code`, `status`) VALUES ('1829', '117', 'Kraslavas Rajons', 'KRA', '1');
INSERT INTO `ocksena_zone` (`zone_id`, `country_id`, `name`, `code`, `status`) VALUES ('1830', '117', 'Kuldigas Rajons', 'KUL', '1');
INSERT INTO `ocksena_zone` (`zone_id`, `country_id`, `name`, `code`, `status`) VALUES ('1831', '117', 'Liepajas Rajons', 'LPR', '1');
INSERT INTO `ocksena_zone` (`zone_id`, `country_id`, `name`, `code`, `status`) VALUES ('1832', '117', 'Limbazu Rajons', 'LIM', '1');
INSERT INTO `ocksena_zone` (`zone_id`, `country_id`, `name`, `code`, `status`) VALUES ('1833', '117', 'Ludzas Rajons', 'LUD', '1');
INSERT INTO `ocksena_zone` (`zone_id`, `country_id`, `name`, `code`, `status`) VALUES ('1834', '117', 'Madonas Rajons', 'MAD', '1');
INSERT INTO `ocksena_zone` (`zone_id`, `country_id`, `name`, `code`, `status`) VALUES ('1835', '117', 'Ogres Rajons', 'OGR', '1');
INSERT INTO `ocksena_zone` (`zone_id`, `country_id`, `name`, `code`, `status`) VALUES ('1836', '117', 'Preilu Rajons', 'PRE', '1');
INSERT INTO `ocksena_zone` (`zone_id`, `country_id`, `name`, `code`, `status`) VALUES ('1837', '117', 'Rezeknes Rajons', 'RZR', '1');
INSERT INTO `ocksena_zone` (`zone_id`, `country_id`, `name`, `code`, `status`) VALUES ('1838', '117', 'Rigas Rajons', 'RGR', '1');
INSERT INTO `ocksena_zone` (`zone_id`, `country_id`, `name`, `code`, `status`) VALUES ('1839', '117', 'Saldus Rajons', 'SAL', '1');
INSERT INTO `ocksena_zone` (`zone_id`, `country_id`, `name`, `code`, `status`) VALUES ('1840', '117', 'Talsu Rajons', 'TAL', '1');
INSERT INTO `ocksena_zone` (`zone_id`, `country_id`, `name`, `code`, `status`) VALUES ('1841', '117', 'Tukuma Rajons', 'TUK', '1');
INSERT INTO `ocksena_zone` (`zone_id`, `country_id`, `name`, `code`, `status`) VALUES ('1842', '117', 'Valkas Rajons', 'VLK', '1');
INSERT INTO `ocksena_zone` (`zone_id`, `country_id`, `name`, `code`, `status`) VALUES ('1843', '117', 'Valmieras Rajons', 'VLM', '1');
INSERT INTO `ocksena_zone` (`zone_id`, `country_id`, `name`, `code`, `status`) VALUES ('1844', '117', 'Ventspils Rajons', 'VSR', '1');
INSERT INTO `ocksena_zone` (`zone_id`, `country_id`, `name`, `code`, `status`) VALUES ('1845', '117', 'Daugavpils', 'DGV', '1');
INSERT INTO `ocksena_zone` (`zone_id`, `country_id`, `name`, `code`, `status`) VALUES ('1846', '117', 'Jelgava', 'JGV', '1');
INSERT INTO `ocksena_zone` (`zone_id`, `country_id`, `name`, `code`, `status`) VALUES ('1847', '117', 'Jurmala', 'JUR', '1');
INSERT INTO `ocksena_zone` (`zone_id`, `country_id`, `name`, `code`, `status`) VALUES ('1848', '117', 'Liepaja', 'LPK', '1');
INSERT INTO `ocksena_zone` (`zone_id`, `country_id`, `name`, `code`, `status`) VALUES ('1849', '117', 'Rezekne', 'RZK', '1');
INSERT INTO `ocksena_zone` (`zone_id`, `country_id`, `name`, `code`, `status`) VALUES ('1850', '117', 'Riga', 'RGA', '1');
INSERT INTO `ocksena_zone` (`zone_id`, `country_id`, `name`, `code`, `status`) VALUES ('1851', '117', 'Ventspils', 'VSL', '1');
INSERT INTO `ocksena_zone` (`zone_id`, `country_id`, `name`, `code`, `status`) VALUES ('1852', '119', 'Berea', 'BE', '1');
INSERT INTO `ocksena_zone` (`zone_id`, `country_id`, `name`, `code`, `status`) VALUES ('1853', '119', 'Butha-Buthe', 'BB', '1');
INSERT INTO `ocksena_zone` (`zone_id`, `country_id`, `name`, `code`, `status`) VALUES ('1854', '119', 'Leribe', 'LE', '1');
INSERT INTO `ocksena_zone` (`zone_id`, `country_id`, `name`, `code`, `status`) VALUES ('1855', '119', 'Mafeteng', 'MF', '1');
INSERT INTO `ocksena_zone` (`zone_id`, `country_id`, `name`, `code`, `status`) VALUES ('1856', '119', 'Maseru', 'MS', '1');
INSERT INTO `ocksena_zone` (`zone_id`, `country_id`, `name`, `code`, `status`) VALUES ('1857', '119', 'Mohale\'s Hoek', 'MH', '1');
INSERT INTO `ocksena_zone` (`zone_id`, `country_id`, `name`, `code`, `status`) VALUES ('1858', '119', 'Mokhotlong', 'MK', '1');
INSERT INTO `ocksena_zone` (`zone_id`, `country_id`, `name`, `code`, `status`) VALUES ('1859', '119', 'Qacha\'s Nek', 'QN', '1');
INSERT INTO `ocksena_zone` (`zone_id`, `country_id`, `name`, `code`, `status`) VALUES ('1860', '119', 'Quthing', 'QT', '1');
INSERT INTO `ocksena_zone` (`zone_id`, `country_id`, `name`, `code`, `status`) VALUES ('1861', '119', 'Thaba-Tseka', 'TT', '1');
INSERT INTO `ocksena_zone` (`zone_id`, `country_id`, `name`, `code`, `status`) VALUES ('1862', '120', 'Bomi', 'BI', '1');
INSERT INTO `ocksena_zone` (`zone_id`, `country_id`, `name`, `code`, `status`) VALUES ('1863', '120', 'Bong', 'BG', '1');
INSERT INTO `ocksena_zone` (`zone_id`, `country_id`, `name`, `code`, `status`) VALUES ('1864', '120', 'Grand Bassa', 'GB', '1');
INSERT INTO `ocksena_zone` (`zone_id`, `country_id`, `name`, `code`, `status`) VALUES ('1865', '120', 'Grand Cape Mount', 'CM', '1');
INSERT INTO `ocksena_zone` (`zone_id`, `country_id`, `name`, `code`, `status`) VALUES ('1866', '120', 'Grand Gedeh', 'GG', '1');
INSERT INTO `ocksena_zone` (`zone_id`, `country_id`, `name`, `code`, `status`) VALUES ('1867', '120', 'Grand Kru', 'GK', '1');
INSERT INTO `ocksena_zone` (`zone_id`, `country_id`, `name`, `code`, `status`) VALUES ('1868', '120', 'Lofa', 'LO', '1');
INSERT INTO `ocksena_zone` (`zone_id`, `country_id`, `name`, `code`, `status`) VALUES ('1869', '120', 'Margibi', 'MG', '1');
INSERT INTO `ocksena_zone` (`zone_id`, `country_id`, `name`, `code`, `status`) VALUES ('1870', '120', 'Maryland', 'ML', '1');
INSERT INTO `ocksena_zone` (`zone_id`, `country_id`, `name`, `code`, `status`) VALUES ('1871', '120', 'Montserrado', 'MS', '1');
INSERT INTO `ocksena_zone` (`zone_id`, `country_id`, `name`, `code`, `status`) VALUES ('1872', '120', 'Nimba', 'NB', '1');
INSERT INTO `ocksena_zone` (`zone_id`, `country_id`, `name`, `code`, `status`) VALUES ('1873', '120', 'River Cess', 'RC', '1');
INSERT INTO `ocksena_zone` (`zone_id`, `country_id`, `name`, `code`, `status`) VALUES ('1874', '120', 'Sinoe', 'SN', '1');
INSERT INTO `ocksena_zone` (`zone_id`, `country_id`, `name`, `code`, `status`) VALUES ('1875', '121', 'Ajdabiya', 'AJ', '1');
INSERT INTO `ocksena_zone` (`zone_id`, `country_id`, `name`, `code`, `status`) VALUES ('1876', '121', 'Al \'Aziziyah', 'AZ', '1');
INSERT INTO `ocksena_zone` (`zone_id`, `country_id`, `name`, `code`, `status`) VALUES ('1877', '121', 'Al Fatih', 'FA', '1');
INSERT INTO `ocksena_zone` (`zone_id`, `country_id`, `name`, `code`, `status`) VALUES ('1878', '121', 'Al Jabal al Akhdar', 'JA', '1');
INSERT INTO `ocksena_zone` (`zone_id`, `country_id`, `name`, `code`, `status`) VALUES ('1879', '121', 'Al Jufrah', 'JU', '1');
INSERT INTO `ocksena_zone` (`zone_id`, `country_id`, `name`, `code`, `status`) VALUES ('1880', '121', 'Al Khums', 'KH', '1');
INSERT INTO `ocksena_zone` (`zone_id`, `country_id`, `name`, `code`, `status`) VALUES ('1881', '121', 'Al Kufrah', 'KU', '1');
INSERT INTO `ocksena_zone` (`zone_id`, `country_id`, `name`, `code`, `status`) VALUES ('1882', '121', 'An Nuqat al Khams', 'NK', '1');
INSERT INTO `ocksena_zone` (`zone_id`, `country_id`, `name`, `code`, `status`) VALUES ('1883', '121', 'Ash Shati\'', 'AS', '1');
INSERT INTO `ocksena_zone` (`zone_id`, `country_id`, `name`, `code`, `status`) VALUES ('1884', '121', 'Awbari', 'AW', '1');
INSERT INTO `ocksena_zone` (`zone_id`, `country_id`, `name`, `code`, `status`) VALUES ('1885', '121', 'Az Zawiyah', 'ZA', '1');
INSERT INTO `ocksena_zone` (`zone_id`, `country_id`, `name`, `code`, `status`) VALUES ('1886', '121', 'Banghazi', 'BA', '1');
INSERT INTO `ocksena_zone` (`zone_id`, `country_id`, `name`, `code`, `status`) VALUES ('1887', '121', 'Darnah', 'DA', '1');
INSERT INTO `ocksena_zone` (`zone_id`, `country_id`, `name`, `code`, `status`) VALUES ('1888', '121', 'Ghadamis', 'GD', '1');
INSERT INTO `ocksena_zone` (`zone_id`, `country_id`, `name`, `code`, `status`) VALUES ('1889', '121', 'Gharyan', 'GY', '1');
INSERT INTO `ocksena_zone` (`zone_id`, `country_id`, `name`, `code`, `status`) VALUES ('1890', '121', 'Misratah', 'MI', '1');
INSERT INTO `ocksena_zone` (`zone_id`, `country_id`, `name`, `code`, `status`) VALUES ('1891', '121', 'Murzuq', 'MZ', '1');
INSERT INTO `ocksena_zone` (`zone_id`, `country_id`, `name`, `code`, `status`) VALUES ('1892', '121', 'Sabha', 'SB', '1');
INSERT INTO `ocksena_zone` (`zone_id`, `country_id`, `name`, `code`, `status`) VALUES ('1893', '121', 'Sawfajjin', 'SW', '1');
INSERT INTO `ocksena_zone` (`zone_id`, `country_id`, `name`, `code`, `status`) VALUES ('1894', '121', 'Surt', 'SU', '1');
INSERT INTO `ocksena_zone` (`zone_id`, `country_id`, `name`, `code`, `status`) VALUES ('1895', '121', 'Tarabulus (Tripoli)', 'TL', '1');
INSERT INTO `ocksena_zone` (`zone_id`, `country_id`, `name`, `code`, `status`) VALUES ('1896', '121', 'Tarhunah', 'TH', '1');
INSERT INTO `ocksena_zone` (`zone_id`, `country_id`, `name`, `code`, `status`) VALUES ('1897', '121', 'Tubruq', 'TU', '1');
INSERT INTO `ocksena_zone` (`zone_id`, `country_id`, `name`, `code`, `status`) VALUES ('1898', '121', 'Yafran', 'YA', '1');
INSERT INTO `ocksena_zone` (`zone_id`, `country_id`, `name`, `code`, `status`) VALUES ('1899', '121', 'Zlitan', 'ZL', '1');
INSERT INTO `ocksena_zone` (`zone_id`, `country_id`, `name`, `code`, `status`) VALUES ('1900', '122', 'Vaduz', 'V', '1');
INSERT INTO `ocksena_zone` (`zone_id`, `country_id`, `name`, `code`, `status`) VALUES ('1901', '122', 'Schaan', 'A', '1');
INSERT INTO `ocksena_zone` (`zone_id`, `country_id`, `name`, `code`, `status`) VALUES ('1902', '122', 'Balzers', 'B', '1');
INSERT INTO `ocksena_zone` (`zone_id`, `country_id`, `name`, `code`, `status`) VALUES ('1903', '122', 'Triesen', 'N', '1');
INSERT INTO `ocksena_zone` (`zone_id`, `country_id`, `name`, `code`, `status`) VALUES ('1904', '122', 'Eschen', 'E', '1');
INSERT INTO `ocksena_zone` (`zone_id`, `country_id`, `name`, `code`, `status`) VALUES ('1905', '122', 'Mauren', 'M', '1');
INSERT INTO `ocksena_zone` (`zone_id`, `country_id`, `name`, `code`, `status`) VALUES ('1906', '122', 'Triesenberg', 'T', '1');
INSERT INTO `ocksena_zone` (`zone_id`, `country_id`, `name`, `code`, `status`) VALUES ('1907', '122', 'Ruggell', 'R', '1');
INSERT INTO `ocksena_zone` (`zone_id`, `country_id`, `name`, `code`, `status`) VALUES ('1908', '122', 'Gamprin', 'G', '1');
INSERT INTO `ocksena_zone` (`zone_id`, `country_id`, `name`, `code`, `status`) VALUES ('1909', '122', 'Schellenberg', 'L', '1');
INSERT INTO `ocksena_zone` (`zone_id`, `country_id`, `name`, `code`, `status`) VALUES ('1910', '122', 'Planken', 'P', '1');
INSERT INTO `ocksena_zone` (`zone_id`, `country_id`, `name`, `code`, `status`) VALUES ('1911', '123', 'Alytus', 'AL', '1');
INSERT INTO `ocksena_zone` (`zone_id`, `country_id`, `name`, `code`, `status`) VALUES ('1912', '123', 'Kaunas', 'KA', '1');
INSERT INTO `ocksena_zone` (`zone_id`, `country_id`, `name`, `code`, `status`) VALUES ('1913', '123', 'Klaipeda', 'KL', '1');
INSERT INTO `ocksena_zone` (`zone_id`, `country_id`, `name`, `code`, `status`) VALUES ('1914', '123', 'Marijampole', 'MA', '1');
INSERT INTO `ocksena_zone` (`zone_id`, `country_id`, `name`, `code`, `status`) VALUES ('1915', '123', 'Panevezys', 'PA', '1');
INSERT INTO `ocksena_zone` (`zone_id`, `country_id`, `name`, `code`, `status`) VALUES ('1916', '123', 'Siauliai', 'SI', '1');
INSERT INTO `ocksena_zone` (`zone_id`, `country_id`, `name`, `code`, `status`) VALUES ('1917', '123', 'Taurage', 'TA', '1');
INSERT INTO `ocksena_zone` (`zone_id`, `country_id`, `name`, `code`, `status`) VALUES ('1918', '123', 'Telsiai', 'TE', '1');
INSERT INTO `ocksena_zone` (`zone_id`, `country_id`, `name`, `code`, `status`) VALUES ('1919', '123', 'Utena', 'UT', '1');
INSERT INTO `ocksena_zone` (`zone_id`, `country_id`, `name`, `code`, `status`) VALUES ('1920', '123', 'Vilnius', 'VI', '1');
INSERT INTO `ocksena_zone` (`zone_id`, `country_id`, `name`, `code`, `status`) VALUES ('1921', '124', 'Diekirch', 'DD', '1');
INSERT INTO `ocksena_zone` (`zone_id`, `country_id`, `name`, `code`, `status`) VALUES ('1922', '124', 'Clervaux', 'DC', '1');
INSERT INTO `ocksena_zone` (`zone_id`, `country_id`, `name`, `code`, `status`) VALUES ('1923', '124', 'Redange', 'DR', '1');
INSERT INTO `ocksena_zone` (`zone_id`, `country_id`, `name`, `code`, `status`) VALUES ('1924', '124', 'Vianden', 'DV', '1');
INSERT INTO `ocksena_zone` (`zone_id`, `country_id`, `name`, `code`, `status`) VALUES ('1925', '124', 'Wiltz', 'DW', '1');
INSERT INTO `ocksena_zone` (`zone_id`, `country_id`, `name`, `code`, `status`) VALUES ('1926', '124', 'Grevenmacher', 'GG', '1');
INSERT INTO `ocksena_zone` (`zone_id`, `country_id`, `name`, `code`, `status`) VALUES ('1927', '124', 'Echternach', 'GE', '1');
INSERT INTO `ocksena_zone` (`zone_id`, `country_id`, `name`, `code`, `status`) VALUES ('1928', '124', 'Remich', 'GR', '1');
INSERT INTO `ocksena_zone` (`zone_id`, `country_id`, `name`, `code`, `status`) VALUES ('1929', '124', 'Luxembourg', 'LL', '1');
INSERT INTO `ocksena_zone` (`zone_id`, `country_id`, `name`, `code`, `status`) VALUES ('1930', '124', 'Capellen', 'LC', '1');
INSERT INTO `ocksena_zone` (`zone_id`, `country_id`, `name`, `code`, `status`) VALUES ('1931', '124', 'Esch-sur-Alzette', 'LE', '1');
INSERT INTO `ocksena_zone` (`zone_id`, `country_id`, `name`, `code`, `status`) VALUES ('1932', '124', 'Mersch', 'LM', '1');
INSERT INTO `ocksena_zone` (`zone_id`, `country_id`, `name`, `code`, `status`) VALUES ('1933', '125', 'Our Lady Fatima Parish', 'OLF', '1');
INSERT INTO `ocksena_zone` (`zone_id`, `country_id`, `name`, `code`, `status`) VALUES ('1934', '125', 'St. Anthony Parish', 'ANT', '1');
INSERT INTO `ocksena_zone` (`zone_id`, `country_id`, `name`, `code`, `status`) VALUES ('1935', '125', 'St. Lazarus Parish', 'LAZ', '1');
INSERT INTO `ocksena_zone` (`zone_id`, `country_id`, `name`, `code`, `status`) VALUES ('1936', '125', 'Cathedral Parish', 'CAT', '1');
INSERT INTO `ocksena_zone` (`zone_id`, `country_id`, `name`, `code`, `status`) VALUES ('1937', '125', 'St. Lawrence Parish', 'LAW', '1');
INSERT INTO `ocksena_zone` (`zone_id`, `country_id`, `name`, `code`, `status`) VALUES ('1938', '127', 'Antananarivo', 'AN', '1');
INSERT INTO `ocksena_zone` (`zone_id`, `country_id`, `name`, `code`, `status`) VALUES ('1939', '127', 'Antsiranana', 'AS', '1');
INSERT INTO `ocksena_zone` (`zone_id`, `country_id`, `name`, `code`, `status`) VALUES ('1940', '127', 'Fianarantsoa', 'FN', '1');
INSERT INTO `ocksena_zone` (`zone_id`, `country_id`, `name`, `code`, `status`) VALUES ('1941', '127', 'Mahajanga', 'MJ', '1');
INSERT INTO `ocksena_zone` (`zone_id`, `country_id`, `name`, `code`, `status`) VALUES ('1942', '127', 'Toamasina', 'TM', '1');
INSERT INTO `ocksena_zone` (`zone_id`, `country_id`, `name`, `code`, `status`) VALUES ('1943', '127', 'Toliara', 'TL', '1');
INSERT INTO `ocksena_zone` (`zone_id`, `country_id`, `name`, `code`, `status`) VALUES ('1944', '128', 'Balaka', 'BLK', '1');
INSERT INTO `ocksena_zone` (`zone_id`, `country_id`, `name`, `code`, `status`) VALUES ('1945', '128', 'Blantyre', 'BLT', '1');
INSERT INTO `ocksena_zone` (`zone_id`, `country_id`, `name`, `code`, `status`) VALUES ('1946', '128', 'Chikwawa', 'CKW', '1');
INSERT INTO `ocksena_zone` (`zone_id`, `country_id`, `name`, `code`, `status`) VALUES ('1947', '128', 'Chiradzulu', 'CRD', '1');
INSERT INTO `ocksena_zone` (`zone_id`, `country_id`, `name`, `code`, `status`) VALUES ('1948', '128', 'Chitipa', 'CTP', '1');
INSERT INTO `ocksena_zone` (`zone_id`, `country_id`, `name`, `code`, `status`) VALUES ('1949', '128', 'Dedza', 'DDZ', '1');
INSERT INTO `ocksena_zone` (`zone_id`, `country_id`, `name`, `code`, `status`) VALUES ('1950', '128', 'Dowa', 'DWA', '1');
INSERT INTO `ocksena_zone` (`zone_id`, `country_id`, `name`, `code`, `status`) VALUES ('1951', '128', 'Karonga', 'KRG', '1');
INSERT INTO `ocksena_zone` (`zone_id`, `country_id`, `name`, `code`, `status`) VALUES ('1952', '128', 'Kasungu', 'KSG', '1');
INSERT INTO `ocksena_zone` (`zone_id`, `country_id`, `name`, `code`, `status`) VALUES ('1953', '128', 'Likoma', 'LKM', '1');
INSERT INTO `ocksena_zone` (`zone_id`, `country_id`, `name`, `code`, `status`) VALUES ('1954', '128', 'Lilongwe', 'LLG', '1');
INSERT INTO `ocksena_zone` (`zone_id`, `country_id`, `name`, `code`, `status`) VALUES ('1955', '128', 'Machinga', 'MCG', '1');
INSERT INTO `ocksena_zone` (`zone_id`, `country_id`, `name`, `code`, `status`) VALUES ('1956', '128', 'Mangochi', 'MGC', '1');
INSERT INTO `ocksena_zone` (`zone_id`, `country_id`, `name`, `code`, `status`) VALUES ('1957', '128', 'Mchinji', 'MCH', '1');
INSERT INTO `ocksena_zone` (`zone_id`, `country_id`, `name`, `code`, `status`) VALUES ('1958', '128', 'Mulanje', 'MLJ', '1');
INSERT INTO `ocksena_zone` (`zone_id`, `country_id`, `name`, `code`, `status`) VALUES ('1959', '128', 'Mwanza', 'MWZ', '1');
INSERT INTO `ocksena_zone` (`zone_id`, `country_id`, `name`, `code`, `status`) VALUES ('1960', '128', 'Mzimba', 'MZM', '1');
INSERT INTO `ocksena_zone` (`zone_id`, `country_id`, `name`, `code`, `status`) VALUES ('1961', '128', 'Ntcheu', 'NTU', '1');
INSERT INTO `ocksena_zone` (`zone_id`, `country_id`, `name`, `code`, `status`) VALUES ('1962', '128', 'Nkhata Bay', 'NKB', '1');
INSERT INTO `ocksena_zone` (`zone_id`, `country_id`, `name`, `code`, `status`) VALUES ('1963', '128', 'Nkhotakota', 'NKH', '1');
INSERT INTO `ocksena_zone` (`zone_id`, `country_id`, `name`, `code`, `status`) VALUES ('1964', '128', 'Nsanje', 'NSJ', '1');
INSERT INTO `ocksena_zone` (`zone_id`, `country_id`, `name`, `code`, `status`) VALUES ('1965', '128', 'Ntchisi', 'NTI', '1');
INSERT INTO `ocksena_zone` (`zone_id`, `country_id`, `name`, `code`, `status`) VALUES ('1966', '128', 'Phalombe', 'PHL', '1');
INSERT INTO `ocksena_zone` (`zone_id`, `country_id`, `name`, `code`, `status`) VALUES ('1967', '128', 'Rumphi', 'RMP', '1');
INSERT INTO `ocksena_zone` (`zone_id`, `country_id`, `name`, `code`, `status`) VALUES ('1968', '128', 'Salima', 'SLM', '1');
INSERT INTO `ocksena_zone` (`zone_id`, `country_id`, `name`, `code`, `status`) VALUES ('1969', '128', 'Thyolo', 'THY', '1');
INSERT INTO `ocksena_zone` (`zone_id`, `country_id`, `name`, `code`, `status`) VALUES ('1970', '128', 'Zomba', 'ZBA', '1');
INSERT INTO `ocksena_zone` (`zone_id`, `country_id`, `name`, `code`, `status`) VALUES ('1971', '129', 'Johor', 'JO', '1');
INSERT INTO `ocksena_zone` (`zone_id`, `country_id`, `name`, `code`, `status`) VALUES ('1972', '129', 'Kedah', 'KE', '1');
INSERT INTO `ocksena_zone` (`zone_id`, `country_id`, `name`, `code`, `status`) VALUES ('1973', '129', 'Kelantan', 'KL', '1');
INSERT INTO `ocksena_zone` (`zone_id`, `country_id`, `name`, `code`, `status`) VALUES ('1974', '129', 'Labuan', 'LA', '1');
INSERT INTO `ocksena_zone` (`zone_id`, `country_id`, `name`, `code`, `status`) VALUES ('1975', '129', 'Melaka', 'ME', '1');
INSERT INTO `ocksena_zone` (`zone_id`, `country_id`, `name`, `code`, `status`) VALUES ('1976', '129', 'Negeri Sembilan', 'NS', '1');
INSERT INTO `ocksena_zone` (`zone_id`, `country_id`, `name`, `code`, `status`) VALUES ('1977', '129', 'Pahang', 'PA', '1');
INSERT INTO `ocksena_zone` (`zone_id`, `country_id`, `name`, `code`, `status`) VALUES ('1978', '129', 'Perak', 'PE', '1');
INSERT INTO `ocksena_zone` (`zone_id`, `country_id`, `name`, `code`, `status`) VALUES ('1979', '129', 'Perlis', 'PR', '1');
INSERT INTO `ocksena_zone` (`zone_id`, `country_id`, `name`, `code`, `status`) VALUES ('1980', '129', 'Pulau Pinang', 'PP', '1');
INSERT INTO `ocksena_zone` (`zone_id`, `country_id`, `name`, `code`, `status`) VALUES ('1981', '129', 'Sabah', 'SA', '1');
INSERT INTO `ocksena_zone` (`zone_id`, `country_id`, `name`, `code`, `status`) VALUES ('1982', '129', 'Sarawak', 'SR', '1');
INSERT INTO `ocksena_zone` (`zone_id`, `country_id`, `name`, `code`, `status`) VALUES ('1983', '129', 'Selangor', 'SE', '1');
INSERT INTO `ocksena_zone` (`zone_id`, `country_id`, `name`, `code`, `status`) VALUES ('1984', '129', 'Terengganu', 'TE', '1');
INSERT INTO `ocksena_zone` (`zone_id`, `country_id`, `name`, `code`, `status`) VALUES ('1985', '129', 'Wilayah Persekutuan', 'WP', '1');
INSERT INTO `ocksena_zone` (`zone_id`, `country_id`, `name`, `code`, `status`) VALUES ('1986', '130', 'Thiladhunmathi Uthuru', 'THU', '1');
INSERT INTO `ocksena_zone` (`zone_id`, `country_id`, `name`, `code`, `status`) VALUES ('1987', '130', 'Thiladhunmathi Dhekunu', 'THD', '1');
INSERT INTO `ocksena_zone` (`zone_id`, `country_id`, `name`, `code`, `status`) VALUES ('1988', '130', 'Miladhunmadulu Uthuru', 'MLU', '1');
INSERT INTO `ocksena_zone` (`zone_id`, `country_id`, `name`, `code`, `status`) VALUES ('1989', '130', 'Miladhunmadulu Dhekunu', 'MLD', '1');
INSERT INTO `ocksena_zone` (`zone_id`, `country_id`, `name`, `code`, `status`) VALUES ('1990', '130', 'Maalhosmadulu Uthuru', 'MAU', '1');
INSERT INTO `ocksena_zone` (`zone_id`, `country_id`, `name`, `code`, `status`) VALUES ('1991', '130', 'Maalhosmadulu Dhekunu', 'MAD', '1');
INSERT INTO `ocksena_zone` (`zone_id`, `country_id`, `name`, `code`, `status`) VALUES ('1992', '130', 'Faadhippolhu', 'FAA', '1');
INSERT INTO `ocksena_zone` (`zone_id`, `country_id`, `name`, `code`, `status`) VALUES ('1993', '130', 'Male Atoll', 'MAA', '1');
INSERT INTO `ocksena_zone` (`zone_id`, `country_id`, `name`, `code`, `status`) VALUES ('1994', '130', 'Ari Atoll Uthuru', 'AAU', '1');
INSERT INTO `ocksena_zone` (`zone_id`, `country_id`, `name`, `code`, `status`) VALUES ('1995', '130', 'Ari Atoll Dheknu', 'AAD', '1');
INSERT INTO `ocksena_zone` (`zone_id`, `country_id`, `name`, `code`, `status`) VALUES ('1996', '130', 'Felidhe Atoll', 'FEA', '1');
INSERT INTO `ocksena_zone` (`zone_id`, `country_id`, `name`, `code`, `status`) VALUES ('1997', '130', 'Mulaku Atoll', 'MUA', '1');
INSERT INTO `ocksena_zone` (`zone_id`, `country_id`, `name`, `code`, `status`) VALUES ('1998', '130', 'Nilandhe Atoll Uthuru', 'NAU', '1');
INSERT INTO `ocksena_zone` (`zone_id`, `country_id`, `name`, `code`, `status`) VALUES ('1999', '130', 'Nilandhe Atoll Dhekunu', 'NAD', '1');
INSERT INTO `ocksena_zone` (`zone_id`, `country_id`, `name`, `code`, `status`) VALUES ('2000', '130', 'Kolhumadulu', 'KLH', '1');
INSERT INTO `ocksena_zone` (`zone_id`, `country_id`, `name`, `code`, `status`) VALUES ('2001', '130', 'Hadhdhunmathi', 'HDH', '1');
INSERT INTO `ocksena_zone` (`zone_id`, `country_id`, `name`, `code`, `status`) VALUES ('2002', '130', 'Huvadhu Atoll Uthuru', 'HAU', '1');
INSERT INTO `ocksena_zone` (`zone_id`, `country_id`, `name`, `code`, `status`) VALUES ('2003', '130', 'Huvadhu Atoll Dhekunu', 'HAD', '1');
INSERT INTO `ocksena_zone` (`zone_id`, `country_id`, `name`, `code`, `status`) VALUES ('2004', '130', 'Fua Mulaku', 'FMU', '1');
INSERT INTO `ocksena_zone` (`zone_id`, `country_id`, `name`, `code`, `status`) VALUES ('2005', '130', 'Addu', 'ADD', '1');
INSERT INTO `ocksena_zone` (`zone_id`, `country_id`, `name`, `code`, `status`) VALUES ('2006', '131', 'Gao', 'GA', '1');
INSERT INTO `ocksena_zone` (`zone_id`, `country_id`, `name`, `code`, `status`) VALUES ('2007', '131', 'Kayes', 'KY', '1');
INSERT INTO `ocksena_zone` (`zone_id`, `country_id`, `name`, `code`, `status`) VALUES ('2008', '131', 'Kidal', 'KD', '1');
INSERT INTO `ocksena_zone` (`zone_id`, `country_id`, `name`, `code`, `status`) VALUES ('2009', '131', 'Koulikoro', 'KL', '1');
INSERT INTO `ocksena_zone` (`zone_id`, `country_id`, `name`, `code`, `status`) VALUES ('2010', '131', 'Mopti', 'MP', '1');
INSERT INTO `ocksena_zone` (`zone_id`, `country_id`, `name`, `code`, `status`) VALUES ('2011', '131', 'Segou', 'SG', '1');
INSERT INTO `ocksena_zone` (`zone_id`, `country_id`, `name`, `code`, `status`) VALUES ('2012', '131', 'Sikasso', 'SK', '1');
INSERT INTO `ocksena_zone` (`zone_id`, `country_id`, `name`, `code`, `status`) VALUES ('2013', '131', 'Tombouctou', 'TB', '1');
INSERT INTO `ocksena_zone` (`zone_id`, `country_id`, `name`, `code`, `status`) VALUES ('2014', '131', 'Bamako Capital District', 'CD', '1');
INSERT INTO `ocksena_zone` (`zone_id`, `country_id`, `name`, `code`, `status`) VALUES ('2015', '132', 'Attard', 'ATT', '1');
INSERT INTO `ocksena_zone` (`zone_id`, `country_id`, `name`, `code`, `status`) VALUES ('2016', '132', 'Balzan', 'BAL', '1');
INSERT INTO `ocksena_zone` (`zone_id`, `country_id`, `name`, `code`, `status`) VALUES ('2017', '132', 'Birgu', 'BGU', '1');
INSERT INTO `ocksena_zone` (`zone_id`, `country_id`, `name`, `code`, `status`) VALUES ('2018', '132', 'Birkirkara', 'BKK', '1');
INSERT INTO `ocksena_zone` (`zone_id`, `country_id`, `name`, `code`, `status`) VALUES ('2019', '132', 'Birzebbuga', 'BRZ', '1');
INSERT INTO `ocksena_zone` (`zone_id`, `country_id`, `name`, `code`, `status`) VALUES ('2020', '132', 'Bormla', 'BOR', '1');
INSERT INTO `ocksena_zone` (`zone_id`, `country_id`, `name`, `code`, `status`) VALUES ('2021', '132', 'Dingli', 'DIN', '1');
INSERT INTO `ocksena_zone` (`zone_id`, `country_id`, `name`, `code`, `status`) VALUES ('2022', '132', 'Fgura', 'FGU', '1');
INSERT INTO `ocksena_zone` (`zone_id`, `country_id`, `name`, `code`, `status`) VALUES ('2023', '132', 'Floriana', 'FLO', '1');
INSERT INTO `ocksena_zone` (`zone_id`, `country_id`, `name`, `code`, `status`) VALUES ('2024', '132', 'Gudja', 'GDJ', '1');
INSERT INTO `ocksena_zone` (`zone_id`, `country_id`, `name`, `code`, `status`) VALUES ('2025', '132', 'Gzira', 'GZR', '1');
INSERT INTO `ocksena_zone` (`zone_id`, `country_id`, `name`, `code`, `status`) VALUES ('2026', '132', 'Gargur', 'GRG', '1');
INSERT INTO `ocksena_zone` (`zone_id`, `country_id`, `name`, `code`, `status`) VALUES ('2027', '132', 'Gaxaq', 'GXQ', '1');
INSERT INTO `ocksena_zone` (`zone_id`, `country_id`, `name`, `code`, `status`) VALUES ('2028', '132', 'Hamrun', 'HMR', '1');
INSERT INTO `ocksena_zone` (`zone_id`, `country_id`, `name`, `code`, `status`) VALUES ('2029', '132', 'Iklin', 'IKL', '1');
INSERT INTO `ocksena_zone` (`zone_id`, `country_id`, `name`, `code`, `status`) VALUES ('2030', '132', 'Isla', 'ISL', '1');
INSERT INTO `ocksena_zone` (`zone_id`, `country_id`, `name`, `code`, `status`) VALUES ('2031', '132', 'Kalkara', 'KLK', '1');
INSERT INTO `ocksena_zone` (`zone_id`, `country_id`, `name`, `code`, `status`) VALUES ('2032', '132', 'Kirkop', 'KRK', '1');
INSERT INTO `ocksena_zone` (`zone_id`, `country_id`, `name`, `code`, `status`) VALUES ('2033', '132', 'Lija', 'LIJ', '1');
INSERT INTO `ocksena_zone` (`zone_id`, `country_id`, `name`, `code`, `status`) VALUES ('2034', '132', 'Luqa', 'LUQ', '1');
INSERT INTO `ocksena_zone` (`zone_id`, `country_id`, `name`, `code`, `status`) VALUES ('2035', '132', 'Marsa', 'MRS', '1');
INSERT INTO `ocksena_zone` (`zone_id`, `country_id`, `name`, `code`, `status`) VALUES ('2036', '132', 'Marsaskala', 'MKL', '1');
INSERT INTO `ocksena_zone` (`zone_id`, `country_id`, `name`, `code`, `status`) VALUES ('2037', '132', 'Marsaxlokk', 'MXL', '1');
INSERT INTO `ocksena_zone` (`zone_id`, `country_id`, `name`, `code`, `status`) VALUES ('2038', '132', 'Mdina', 'MDN', '1');
INSERT INTO `ocksena_zone` (`zone_id`, `country_id`, `name`, `code`, `status`) VALUES ('2039', '132', 'Melliea', 'MEL', '1');
INSERT INTO `ocksena_zone` (`zone_id`, `country_id`, `name`, `code`, `status`) VALUES ('2040', '132', 'Mgarr', 'MGR', '1');
INSERT INTO `ocksena_zone` (`zone_id`, `country_id`, `name`, `code`, `status`) VALUES ('2041', '132', 'Mosta', 'MST', '1');
INSERT INTO `ocksena_zone` (`zone_id`, `country_id`, `name`, `code`, `status`) VALUES ('2042', '132', 'Mqabba', 'MQA', '1');
INSERT INTO `ocksena_zone` (`zone_id`, `country_id`, `name`, `code`, `status`) VALUES ('2043', '132', 'Msida', 'MSI', '1');
INSERT INTO `ocksena_zone` (`zone_id`, `country_id`, `name`, `code`, `status`) VALUES ('2044', '132', 'Mtarfa', 'MTF', '1');
INSERT INTO `ocksena_zone` (`zone_id`, `country_id`, `name`, `code`, `status`) VALUES ('2045', '132', 'Naxxar', 'NAX', '1');
INSERT INTO `ocksena_zone` (`zone_id`, `country_id`, `name`, `code`, `status`) VALUES ('2046', '132', 'Paola', 'PAO', '1');
INSERT INTO `ocksena_zone` (`zone_id`, `country_id`, `name`, `code`, `status`) VALUES ('2047', '132', 'Pembroke', 'PEM', '1');
INSERT INTO `ocksena_zone` (`zone_id`, `country_id`, `name`, `code`, `status`) VALUES ('2048', '132', 'Pieta', 'PIE', '1');
INSERT INTO `ocksena_zone` (`zone_id`, `country_id`, `name`, `code`, `status`) VALUES ('2049', '132', 'Qormi', 'QOR', '1');
INSERT INTO `ocksena_zone` (`zone_id`, `country_id`, `name`, `code`, `status`) VALUES ('2050', '132', 'Qrendi', 'QRE', '1');
INSERT INTO `ocksena_zone` (`zone_id`, `country_id`, `name`, `code`, `status`) VALUES ('2051', '132', 'Rabat', 'RAB', '1');
INSERT INTO `ocksena_zone` (`zone_id`, `country_id`, `name`, `code`, `status`) VALUES ('2052', '132', 'Safi', 'SAF', '1');
INSERT INTO `ocksena_zone` (`zone_id`, `country_id`, `name`, `code`, `status`) VALUES ('2053', '132', 'San Giljan', 'SGI', '1');
INSERT INTO `ocksena_zone` (`zone_id`, `country_id`, `name`, `code`, `status`) VALUES ('2054', '132', 'Santa Lucija', 'SLU', '1');
INSERT INTO `ocksena_zone` (`zone_id`, `country_id`, `name`, `code`, `status`) VALUES ('2055', '132', 'San Pawl il-Bahar', 'SPB', '1');
INSERT INTO `ocksena_zone` (`zone_id`, `country_id`, `name`, `code`, `status`) VALUES ('2056', '132', 'San Gwann', 'SGW', '1');
INSERT INTO `ocksena_zone` (`zone_id`, `country_id`, `name`, `code`, `status`) VALUES ('2057', '132', 'Santa Venera', 'SVE', '1');
INSERT INTO `ocksena_zone` (`zone_id`, `country_id`, `name`, `code`, `status`) VALUES ('2058', '132', 'Siggiewi', 'SIG', '1');
INSERT INTO `ocksena_zone` (`zone_id`, `country_id`, `name`, `code`, `status`) VALUES ('2059', '132', 'Sliema', 'SLM', '1');
INSERT INTO `ocksena_zone` (`zone_id`, `country_id`, `name`, `code`, `status`) VALUES ('2060', '132', 'Swieqi', 'SWQ', '1');
INSERT INTO `ocksena_zone` (`zone_id`, `country_id`, `name`, `code`, `status`) VALUES ('2061', '132', 'Ta Xbiex', 'TXB', '1');
INSERT INTO `ocksena_zone` (`zone_id`, `country_id`, `name`, `code`, `status`) VALUES ('2062', '132', 'Tarxien', 'TRX', '1');
INSERT INTO `ocksena_zone` (`zone_id`, `country_id`, `name`, `code`, `status`) VALUES ('2063', '132', 'Valletta', 'VLT', '1');
INSERT INTO `ocksena_zone` (`zone_id`, `country_id`, `name`, `code`, `status`) VALUES ('2064', '132', 'Xgajra', 'XGJ', '1');
INSERT INTO `ocksena_zone` (`zone_id`, `country_id`, `name`, `code`, `status`) VALUES ('2065', '132', 'Zabbar', 'ZBR', '1');
INSERT INTO `ocksena_zone` (`zone_id`, `country_id`, `name`, `code`, `status`) VALUES ('2066', '132', 'Zebbug', 'ZBG', '1');
INSERT INTO `ocksena_zone` (`zone_id`, `country_id`, `name`, `code`, `status`) VALUES ('2067', '132', 'Zejtun', 'ZJT', '1');
INSERT INTO `ocksena_zone` (`zone_id`, `country_id`, `name`, `code`, `status`) VALUES ('2068', '132', 'Zurrieq', 'ZRQ', '1');
INSERT INTO `ocksena_zone` (`zone_id`, `country_id`, `name`, `code`, `status`) VALUES ('2069', '132', 'Fontana', 'FNT', '1');
INSERT INTO `ocksena_zone` (`zone_id`, `country_id`, `name`, `code`, `status`) VALUES ('2070', '132', 'Ghajnsielem', 'GHJ', '1');
INSERT INTO `ocksena_zone` (`zone_id`, `country_id`, `name`, `code`, `status`) VALUES ('2071', '132', 'Gharb', 'GHR', '1');
INSERT INTO `ocksena_zone` (`zone_id`, `country_id`, `name`, `code`, `status`) VALUES ('2072', '132', 'Ghasri', 'GHS', '1');
INSERT INTO `ocksena_zone` (`zone_id`, `country_id`, `name`, `code`, `status`) VALUES ('2073', '132', 'Kercem', 'KRC', '1');
INSERT INTO `ocksena_zone` (`zone_id`, `country_id`, `name`, `code`, `status`) VALUES ('2074', '132', 'Munxar', 'MUN', '1');
INSERT INTO `ocksena_zone` (`zone_id`, `country_id`, `name`, `code`, `status`) VALUES ('2075', '132', 'Nadur', 'NAD', '1');
INSERT INTO `ocksena_zone` (`zone_id`, `country_id`, `name`, `code`, `status`) VALUES ('2076', '132', 'Qala', 'QAL', '1');
INSERT INTO `ocksena_zone` (`zone_id`, `country_id`, `name`, `code`, `status`) VALUES ('2077', '132', 'Victoria', 'VIC', '1');
INSERT INTO `ocksena_zone` (`zone_id`, `country_id`, `name`, `code`, `status`) VALUES ('2078', '132', 'San Lawrenz', 'SLA', '1');
INSERT INTO `ocksena_zone` (`zone_id`, `country_id`, `name`, `code`, `status`) VALUES ('2079', '132', 'Sannat', 'SNT', '1');
INSERT INTO `ocksena_zone` (`zone_id`, `country_id`, `name`, `code`, `status`) VALUES ('2080', '132', 'Xagra', 'ZAG', '1');
INSERT INTO `ocksena_zone` (`zone_id`, `country_id`, `name`, `code`, `status`) VALUES ('2081', '132', 'Xewkija', 'XEW', '1');
INSERT INTO `ocksena_zone` (`zone_id`, `country_id`, `name`, `code`, `status`) VALUES ('2082', '132', 'Zebbug', 'ZEB', '1');
INSERT INTO `ocksena_zone` (`zone_id`, `country_id`, `name`, `code`, `status`) VALUES ('2083', '133', 'Ailinginae', 'ALG', '1');
INSERT INTO `ocksena_zone` (`zone_id`, `country_id`, `name`, `code`, `status`) VALUES ('2084', '133', 'Ailinglaplap', 'ALL', '1');
INSERT INTO `ocksena_zone` (`zone_id`, `country_id`, `name`, `code`, `status`) VALUES ('2085', '133', 'Ailuk', 'ALK', '1');
INSERT INTO `ocksena_zone` (`zone_id`, `country_id`, `name`, `code`, `status`) VALUES ('2086', '133', 'Arno', 'ARN', '1');
INSERT INTO `ocksena_zone` (`zone_id`, `country_id`, `name`, `code`, `status`) VALUES ('2087', '133', 'Aur', 'AUR', '1');
INSERT INTO `ocksena_zone` (`zone_id`, `country_id`, `name`, `code`, `status`) VALUES ('2088', '133', 'Bikar', 'BKR', '1');
INSERT INTO `ocksena_zone` (`zone_id`, `country_id`, `name`, `code`, `status`) VALUES ('2089', '133', 'Bikini', 'BKN', '1');
INSERT INTO `ocksena_zone` (`zone_id`, `country_id`, `name`, `code`, `status`) VALUES ('2090', '133', 'Bokak', 'BKK', '1');
INSERT INTO `ocksena_zone` (`zone_id`, `country_id`, `name`, `code`, `status`) VALUES ('2091', '133', 'Ebon', 'EBN', '1');
INSERT INTO `ocksena_zone` (`zone_id`, `country_id`, `name`, `code`, `status`) VALUES ('2092', '133', 'Enewetak', 'ENT', '1');
INSERT INTO `ocksena_zone` (`zone_id`, `country_id`, `name`, `code`, `status`) VALUES ('2093', '133', 'Erikub', 'EKB', '1');
INSERT INTO `ocksena_zone` (`zone_id`, `country_id`, `name`, `code`, `status`) VALUES ('2094', '133', 'Jabat', 'JBT', '1');
INSERT INTO `ocksena_zone` (`zone_id`, `country_id`, `name`, `code`, `status`) VALUES ('2095', '133', 'Jaluit', 'JLT', '1');
INSERT INTO `ocksena_zone` (`zone_id`, `country_id`, `name`, `code`, `status`) VALUES ('2096', '133', 'Jemo', 'JEM', '1');
INSERT INTO `ocksena_zone` (`zone_id`, `country_id`, `name`, `code`, `status`) VALUES ('2097', '133', 'Kili', 'KIL', '1');
INSERT INTO `ocksena_zone` (`zone_id`, `country_id`, `name`, `code`, `status`) VALUES ('2098', '133', 'Kwajalein', 'KWJ', '1');
INSERT INTO `ocksena_zone` (`zone_id`, `country_id`, `name`, `code`, `status`) VALUES ('2099', '133', 'Lae', 'LAE', '1');
INSERT INTO `ocksena_zone` (`zone_id`, `country_id`, `name`, `code`, `status`) VALUES ('2100', '133', 'Lib', 'LIB', '1');
INSERT INTO `ocksena_zone` (`zone_id`, `country_id`, `name`, `code`, `status`) VALUES ('2101', '133', 'Likiep', 'LKP', '1');
INSERT INTO `ocksena_zone` (`zone_id`, `country_id`, `name`, `code`, `status`) VALUES ('2102', '133', 'Majuro', 'MJR', '1');
INSERT INTO `ocksena_zone` (`zone_id`, `country_id`, `name`, `code`, `status`) VALUES ('2103', '133', 'Maloelap', 'MLP', '1');
INSERT INTO `ocksena_zone` (`zone_id`, `country_id`, `name`, `code`, `status`) VALUES ('2104', '133', 'Mejit', 'MJT', '1');
INSERT INTO `ocksena_zone` (`zone_id`, `country_id`, `name`, `code`, `status`) VALUES ('2105', '133', 'Mili', 'MIL', '1');
INSERT INTO `ocksena_zone` (`zone_id`, `country_id`, `name`, `code`, `status`) VALUES ('2106', '133', 'Namorik', 'NMK', '1');
INSERT INTO `ocksena_zone` (`zone_id`, `country_id`, `name`, `code`, `status`) VALUES ('2107', '133', 'Namu', 'NAM', '1');
INSERT INTO `ocksena_zone` (`zone_id`, `country_id`, `name`, `code`, `status`) VALUES ('2108', '133', 'Rongelap', 'RGL', '1');
INSERT INTO `ocksena_zone` (`zone_id`, `country_id`, `name`, `code`, `status`) VALUES ('2109', '133', 'Rongrik', 'RGK', '1');
INSERT INTO `ocksena_zone` (`zone_id`, `country_id`, `name`, `code`, `status`) VALUES ('2110', '133', 'Toke', 'TOK', '1');
INSERT INTO `ocksena_zone` (`zone_id`, `country_id`, `name`, `code`, `status`) VALUES ('2111', '133', 'Ujae', 'UJA', '1');
INSERT INTO `ocksena_zone` (`zone_id`, `country_id`, `name`, `code`, `status`) VALUES ('2112', '133', 'Ujelang', 'UJL', '1');
INSERT INTO `ocksena_zone` (`zone_id`, `country_id`, `name`, `code`, `status`) VALUES ('2113', '133', 'Utirik', 'UTK', '1');
INSERT INTO `ocksena_zone` (`zone_id`, `country_id`, `name`, `code`, `status`) VALUES ('2114', '133', 'Wotho', 'WTH', '1');
INSERT INTO `ocksena_zone` (`zone_id`, `country_id`, `name`, `code`, `status`) VALUES ('2115', '133', 'Wotje', 'WTJ', '1');
INSERT INTO `ocksena_zone` (`zone_id`, `country_id`, `name`, `code`, `status`) VALUES ('2116', '135', 'Adrar', 'AD', '1');
INSERT INTO `ocksena_zone` (`zone_id`, `country_id`, `name`, `code`, `status`) VALUES ('2117', '135', 'Assaba', 'AS', '1');
INSERT INTO `ocksena_zone` (`zone_id`, `country_id`, `name`, `code`, `status`) VALUES ('2118', '135', 'Brakna', 'BR', '1');
INSERT INTO `ocksena_zone` (`zone_id`, `country_id`, `name`, `code`, `status`) VALUES ('2119', '135', 'Dakhlet Nouadhibou', 'DN', '1');
INSERT INTO `ocksena_zone` (`zone_id`, `country_id`, `name`, `code`, `status`) VALUES ('2120', '135', 'Gorgol', 'GO', '1');
INSERT INTO `ocksena_zone` (`zone_id`, `country_id`, `name`, `code`, `status`) VALUES ('2121', '135', 'Guidimaka', 'GM', '1');
INSERT INTO `ocksena_zone` (`zone_id`, `country_id`, `name`, `code`, `status`) VALUES ('2122', '135', 'Hodh Ech Chargui', 'HC', '1');
INSERT INTO `ocksena_zone` (`zone_id`, `country_id`, `name`, `code`, `status`) VALUES ('2123', '135', 'Hodh El Gharbi', 'HG', '1');
INSERT INTO `ocksena_zone` (`zone_id`, `country_id`, `name`, `code`, `status`) VALUES ('2124', '135', 'Inchiri', 'IN', '1');
INSERT INTO `ocksena_zone` (`zone_id`, `country_id`, `name`, `code`, `status`) VALUES ('2125', '135', 'Tagant', 'TA', '1');
INSERT INTO `ocksena_zone` (`zone_id`, `country_id`, `name`, `code`, `status`) VALUES ('2126', '135', 'Tiris Zemmour', 'TZ', '1');
INSERT INTO `ocksena_zone` (`zone_id`, `country_id`, `name`, `code`, `status`) VALUES ('2127', '135', 'Trarza', 'TR', '1');
INSERT INTO `ocksena_zone` (`zone_id`, `country_id`, `name`, `code`, `status`) VALUES ('2128', '135', 'Nouakchott', 'NO', '1');
INSERT INTO `ocksena_zone` (`zone_id`, `country_id`, `name`, `code`, `status`) VALUES ('2129', '136', 'Beau Bassin-Rose Hill', 'BR', '1');
INSERT INTO `ocksena_zone` (`zone_id`, `country_id`, `name`, `code`, `status`) VALUES ('2130', '136', 'Curepipe', 'CU', '1');
INSERT INTO `ocksena_zone` (`zone_id`, `country_id`, `name`, `code`, `status`) VALUES ('2131', '136', 'Port Louis', 'PU', '1');
INSERT INTO `ocksena_zone` (`zone_id`, `country_id`, `name`, `code`, `status`) VALUES ('2132', '136', 'Quatre Bornes', 'QB', '1');
INSERT INTO `ocksena_zone` (`zone_id`, `country_id`, `name`, `code`, `status`) VALUES ('2133', '136', 'Vacoas-Phoenix', 'VP', '1');
INSERT INTO `ocksena_zone` (`zone_id`, `country_id`, `name`, `code`, `status`) VALUES ('2134', '136', 'Agalega Islands', 'AG', '1');
INSERT INTO `ocksena_zone` (`zone_id`, `country_id`, `name`, `code`, `status`) VALUES ('2135', '136', 'Cargados Carajos Shoals (Saint Brandon Islands)', 'CC', '1');
INSERT INTO `ocksena_zone` (`zone_id`, `country_id`, `name`, `code`, `status`) VALUES ('2136', '136', 'Rodrigues', 'RO', '1');
INSERT INTO `ocksena_zone` (`zone_id`, `country_id`, `name`, `code`, `status`) VALUES ('2137', '136', 'Black River', 'BL', '1');
INSERT INTO `ocksena_zone` (`zone_id`, `country_id`, `name`, `code`, `status`) VALUES ('2138', '136', 'Flacq', 'FL', '1');
INSERT INTO `ocksena_zone` (`zone_id`, `country_id`, `name`, `code`, `status`) VALUES ('2139', '136', 'Grand Port', 'GP', '1');
INSERT INTO `ocksena_zone` (`zone_id`, `country_id`, `name`, `code`, `status`) VALUES ('2140', '136', 'Moka', 'MO', '1');
INSERT INTO `ocksena_zone` (`zone_id`, `country_id`, `name`, `code`, `status`) VALUES ('2141', '136', 'Pamplemousses', 'PA', '1');
INSERT INTO `ocksena_zone` (`zone_id`, `country_id`, `name`, `code`, `status`) VALUES ('2142', '136', 'Plaines Wilhems', 'PW', '1');
INSERT INTO `ocksena_zone` (`zone_id`, `country_id`, `name`, `code`, `status`) VALUES ('2143', '136', 'Port Louis', 'PL', '1');
INSERT INTO `ocksena_zone` (`zone_id`, `country_id`, `name`, `code`, `status`) VALUES ('2144', '136', 'Riviere du Rempart', 'RR', '1');
INSERT INTO `ocksena_zone` (`zone_id`, `country_id`, `name`, `code`, `status`) VALUES ('2145', '136', 'Savanne', 'SA', '1');
INSERT INTO `ocksena_zone` (`zone_id`, `country_id`, `name`, `code`, `status`) VALUES ('2146', '138', 'Baja California Norte', 'BN', '1');
INSERT INTO `ocksena_zone` (`zone_id`, `country_id`, `name`, `code`, `status`) VALUES ('2147', '138', 'Baja California Sur', 'BS', '1');
INSERT INTO `ocksena_zone` (`zone_id`, `country_id`, `name`, `code`, `status`) VALUES ('2148', '138', 'Campeche', 'CA', '1');
INSERT INTO `ocksena_zone` (`zone_id`, `country_id`, `name`, `code`, `status`) VALUES ('2149', '138', 'Chiapas', 'CI', '1');
INSERT INTO `ocksena_zone` (`zone_id`, `country_id`, `name`, `code`, `status`) VALUES ('2150', '138', 'Chihuahua', 'CH', '1');
INSERT INTO `ocksena_zone` (`zone_id`, `country_id`, `name`, `code`, `status`) VALUES ('2151', '138', 'Coahuila de Zaragoza', 'CZ', '1');
INSERT INTO `ocksena_zone` (`zone_id`, `country_id`, `name`, `code`, `status`) VALUES ('2152', '138', 'Colima', 'CL', '1');
INSERT INTO `ocksena_zone` (`zone_id`, `country_id`, `name`, `code`, `status`) VALUES ('2153', '138', 'Distrito Federal', 'DF', '1');
INSERT INTO `ocksena_zone` (`zone_id`, `country_id`, `name`, `code`, `status`) VALUES ('2154', '138', 'Durango', 'DU', '1');
INSERT INTO `ocksena_zone` (`zone_id`, `country_id`, `name`, `code`, `status`) VALUES ('2155', '138', 'Guanajuato', 'GA', '1');
INSERT INTO `ocksena_zone` (`zone_id`, `country_id`, `name`, `code`, `status`) VALUES ('2156', '138', 'Guerrero', 'GE', '1');
INSERT INTO `ocksena_zone` (`zone_id`, `country_id`, `name`, `code`, `status`) VALUES ('2157', '138', 'Hidalgo', 'HI', '1');
INSERT INTO `ocksena_zone` (`zone_id`, `country_id`, `name`, `code`, `status`) VALUES ('2158', '138', 'Jalisco', 'JA', '1');
INSERT INTO `ocksena_zone` (`zone_id`, `country_id`, `name`, `code`, `status`) VALUES ('2159', '138', 'Mexico', 'ME', '1');
INSERT INTO `ocksena_zone` (`zone_id`, `country_id`, `name`, `code`, `status`) VALUES ('2160', '138', 'Michoacan de Ocampo', 'MI', '1');
INSERT INTO `ocksena_zone` (`zone_id`, `country_id`, `name`, `code`, `status`) VALUES ('2161', '138', 'Morelos', 'MO', '1');
INSERT INTO `ocksena_zone` (`zone_id`, `country_id`, `name`, `code`, `status`) VALUES ('2162', '138', 'Nayarit', 'NA', '1');
INSERT INTO `ocksena_zone` (`zone_id`, `country_id`, `name`, `code`, `status`) VALUES ('2163', '138', 'Nuevo Leon', 'NL', '1');
INSERT INTO `ocksena_zone` (`zone_id`, `country_id`, `name`, `code`, `status`) VALUES ('2164', '138', 'Oaxaca', 'OA', '1');
INSERT INTO `ocksena_zone` (`zone_id`, `country_id`, `name`, `code`, `status`) VALUES ('2165', '138', 'Puebla', 'PU', '1');
INSERT INTO `ocksena_zone` (`zone_id`, `country_id`, `name`, `code`, `status`) VALUES ('2166', '138', 'Queretaro de Arteaga', 'QA', '1');
INSERT INTO `ocksena_zone` (`zone_id`, `country_id`, `name`, `code`, `status`) VALUES ('2167', '138', 'Quintana Roo', 'QR', '1');
INSERT INTO `ocksena_zone` (`zone_id`, `country_id`, `name`, `code`, `status`) VALUES ('2168', '138', 'San Luis Potosi', 'SA', '1');
INSERT INTO `ocksena_zone` (`zone_id`, `country_id`, `name`, `code`, `status`) VALUES ('2169', '138', 'Sinaloa', 'SI', '1');
INSERT INTO `ocksena_zone` (`zone_id`, `country_id`, `name`, `code`, `status`) VALUES ('2170', '138', 'Sonora', 'SO', '1');
INSERT INTO `ocksena_zone` (`zone_id`, `country_id`, `name`, `code`, `status`) VALUES ('2171', '138', 'Tabasco', 'TB', '1');
INSERT INTO `ocksena_zone` (`zone_id`, `country_id`, `name`, `code`, `status`) VALUES ('2172', '138', 'Tamaulipas', 'TM', '1');
INSERT INTO `ocksena_zone` (`zone_id`, `country_id`, `name`, `code`, `status`) VALUES ('2173', '138', 'Tlaxcala', 'TL', '1');
INSERT INTO `ocksena_zone` (`zone_id`, `country_id`, `name`, `code`, `status`) VALUES ('2174', '138', 'Veracruz-Llave', 'VE', '1');
INSERT INTO `ocksena_zone` (`zone_id`, `country_id`, `name`, `code`, `status`) VALUES ('2175', '138', 'Yucatan', 'YU', '1');
INSERT INTO `ocksena_zone` (`zone_id`, `country_id`, `name`, `code`, `status`) VALUES ('2176', '138', 'Zacatecas', 'ZA', '1');
INSERT INTO `ocksena_zone` (`zone_id`, `country_id`, `name`, `code`, `status`) VALUES ('2177', '139', 'Chuuk', 'C', '1');
INSERT INTO `ocksena_zone` (`zone_id`, `country_id`, `name`, `code`, `status`) VALUES ('2178', '139', 'Kosrae', 'K', '1');
INSERT INTO `ocksena_zone` (`zone_id`, `country_id`, `name`, `code`, `status`) VALUES ('2179', '139', 'Pohnpei', 'P', '1');
INSERT INTO `ocksena_zone` (`zone_id`, `country_id`, `name`, `code`, `status`) VALUES ('2180', '139', 'Yap', 'Y', '1');
INSERT INTO `ocksena_zone` (`zone_id`, `country_id`, `name`, `code`, `status`) VALUES ('2181', '140', 'Gagauzia', 'GA', '1');
INSERT INTO `ocksena_zone` (`zone_id`, `country_id`, `name`, `code`, `status`) VALUES ('2182', '140', 'Chisinau', 'CU', '1');
INSERT INTO `ocksena_zone` (`zone_id`, `country_id`, `name`, `code`, `status`) VALUES ('2183', '140', 'Balti', 'BA', '1');
INSERT INTO `ocksena_zone` (`zone_id`, `country_id`, `name`, `code`, `status`) VALUES ('2184', '140', 'Cahul', 'CA', '1');
INSERT INTO `ocksena_zone` (`zone_id`, `country_id`, `name`, `code`, `status`) VALUES ('2185', '140', 'Edinet', 'ED', '1');
INSERT INTO `ocksena_zone` (`zone_id`, `country_id`, `name`, `code`, `status`) VALUES ('2186', '140', 'Lapusna', 'LA', '1');
INSERT INTO `ocksena_zone` (`zone_id`, `country_id`, `name`, `code`, `status`) VALUES ('2187', '140', 'Orhei', 'OR', '1');
INSERT INTO `ocksena_zone` (`zone_id`, `country_id`, `name`, `code`, `status`) VALUES ('2188', '140', 'Soroca', 'SO', '1');
INSERT INTO `ocksena_zone` (`zone_id`, `country_id`, `name`, `code`, `status`) VALUES ('2189', '140', 'Tighina', 'TI', '1');
INSERT INTO `ocksena_zone` (`zone_id`, `country_id`, `name`, `code`, `status`) VALUES ('2190', '140', 'Ungheni', 'UN', '1');
INSERT INTO `ocksena_zone` (`zone_id`, `country_id`, `name`, `code`, `status`) VALUES ('2191', '140', 'St‚nga Nistrului', 'SN', '1');
INSERT INTO `ocksena_zone` (`zone_id`, `country_id`, `name`, `code`, `status`) VALUES ('2192', '141', 'Fontvieille', 'FV', '1');
INSERT INTO `ocksena_zone` (`zone_id`, `country_id`, `name`, `code`, `status`) VALUES ('2193', '141', 'La Condamine', 'LC', '1');
INSERT INTO `ocksena_zone` (`zone_id`, `country_id`, `name`, `code`, `status`) VALUES ('2194', '141', 'Monaco-Ville', 'MV', '1');
INSERT INTO `ocksena_zone` (`zone_id`, `country_id`, `name`, `code`, `status`) VALUES ('2195', '141', 'Monte-Carlo', 'MC', '1');
INSERT INTO `ocksena_zone` (`zone_id`, `country_id`, `name`, `code`, `status`) VALUES ('2196', '142', 'Ulanbaatar', '1', '1');
INSERT INTO `ocksena_zone` (`zone_id`, `country_id`, `name`, `code`, `status`) VALUES ('2197', '142', 'Orhon', '035', '1');
INSERT INTO `ocksena_zone` (`zone_id`, `country_id`, `name`, `code`, `status`) VALUES ('2198', '142', 'Darhan uul', '037', '1');
INSERT INTO `ocksena_zone` (`zone_id`, `country_id`, `name`, `code`, `status`) VALUES ('2199', '142', 'Hentiy', '039', '1');
INSERT INTO `ocksena_zone` (`zone_id`, `country_id`, `name`, `code`, `status`) VALUES ('2200', '142', 'Hovsgol', '041', '1');
INSERT INTO `ocksena_zone` (`zone_id`, `country_id`, `name`, `code`, `status`) VALUES ('2201', '142', 'Hovd', '043', '1');
INSERT INTO `ocksena_zone` (`zone_id`, `country_id`, `name`, `code`, `status`) VALUES ('2202', '142', 'Uvs', '046', '1');
INSERT INTO `ocksena_zone` (`zone_id`, `country_id`, `name`, `code`, `status`) VALUES ('2203', '142', 'Tov', '047', '1');
INSERT INTO `ocksena_zone` (`zone_id`, `country_id`, `name`, `code`, `status`) VALUES ('2204', '142', 'Selenge', '049', '1');
INSERT INTO `ocksena_zone` (`zone_id`, `country_id`, `name`, `code`, `status`) VALUES ('2205', '142', 'Suhbaatar', '051', '1');
INSERT INTO `ocksena_zone` (`zone_id`, `country_id`, `name`, `code`, `status`) VALUES ('2206', '142', 'Omnogovi', '053', '1');
INSERT INTO `ocksena_zone` (`zone_id`, `country_id`, `name`, `code`, `status`) VALUES ('2207', '142', 'Ovorhangay', '055', '1');
INSERT INTO `ocksena_zone` (`zone_id`, `country_id`, `name`, `code`, `status`) VALUES ('2208', '142', 'Dzavhan', '057', '1');
INSERT INTO `ocksena_zone` (`zone_id`, `country_id`, `name`, `code`, `status`) VALUES ('2209', '142', 'DundgovL', '059', '1');
INSERT INTO `ocksena_zone` (`zone_id`, `country_id`, `name`, `code`, `status`) VALUES ('2210', '142', 'Dornod', '061', '1');
INSERT INTO `ocksena_zone` (`zone_id`, `country_id`, `name`, `code`, `status`) VALUES ('2211', '142', 'Dornogov', '063', '1');
INSERT INTO `ocksena_zone` (`zone_id`, `country_id`, `name`, `code`, `status`) VALUES ('2212', '142', 'Govi-Sumber', '064', '1');
INSERT INTO `ocksena_zone` (`zone_id`, `country_id`, `name`, `code`, `status`) VALUES ('2213', '142', 'Govi-Altay', '065', '1');
INSERT INTO `ocksena_zone` (`zone_id`, `country_id`, `name`, `code`, `status`) VALUES ('2214', '142', 'Bulgan', '067', '1');
INSERT INTO `ocksena_zone` (`zone_id`, `country_id`, `name`, `code`, `status`) VALUES ('2215', '142', 'Bayanhongor', '069', '1');
INSERT INTO `ocksena_zone` (`zone_id`, `country_id`, `name`, `code`, `status`) VALUES ('2216', '142', 'Bayan-Olgiy', '071', '1');
INSERT INTO `ocksena_zone` (`zone_id`, `country_id`, `name`, `code`, `status`) VALUES ('2217', '142', 'Arhangay', '073', '1');
INSERT INTO `ocksena_zone` (`zone_id`, `country_id`, `name`, `code`, `status`) VALUES ('2218', '143', 'Saint Anthony', 'A', '1');
INSERT INTO `ocksena_zone` (`zone_id`, `country_id`, `name`, `code`, `status`) VALUES ('2219', '143', 'Saint Georges', 'G', '1');
INSERT INTO `ocksena_zone` (`zone_id`, `country_id`, `name`, `code`, `status`) VALUES ('2220', '143', 'Saint Peter', 'P', '1');
INSERT INTO `ocksena_zone` (`zone_id`, `country_id`, `name`, `code`, `status`) VALUES ('2221', '144', 'Agadir', 'AGD', '1');
INSERT INTO `ocksena_zone` (`zone_id`, `country_id`, `name`, `code`, `status`) VALUES ('2222', '144', 'Al Hoceima', 'HOC', '1');
INSERT INTO `ocksena_zone` (`zone_id`, `country_id`, `name`, `code`, `status`) VALUES ('2223', '144', 'Azilal', 'AZI', '1');
INSERT INTO `ocksena_zone` (`zone_id`, `country_id`, `name`, `code`, `status`) VALUES ('2224', '144', 'Beni Mellal', 'BME', '1');
INSERT INTO `ocksena_zone` (`zone_id`, `country_id`, `name`, `code`, `status`) VALUES ('2225', '144', 'Ben Slimane', 'BSL', '1');
INSERT INTO `ocksena_zone` (`zone_id`, `country_id`, `name`, `code`, `status`) VALUES ('2226', '144', 'Boulemane', 'BLM', '1');
INSERT INTO `ocksena_zone` (`zone_id`, `country_id`, `name`, `code`, `status`) VALUES ('2227', '144', 'Casablanca', 'CBL', '1');
INSERT INTO `ocksena_zone` (`zone_id`, `country_id`, `name`, `code`, `status`) VALUES ('2228', '144', 'Chaouen', 'CHA', '1');
INSERT INTO `ocksena_zone` (`zone_id`, `country_id`, `name`, `code`, `status`) VALUES ('2229', '144', 'El Jadida', 'EJA', '1');
INSERT INTO `ocksena_zone` (`zone_id`, `country_id`, `name`, `code`, `status`) VALUES ('2230', '144', 'El Kelaa des Sraghna', 'EKS', '1');
INSERT INTO `ocksena_zone` (`zone_id`, `country_id`, `name`, `code`, `status`) VALUES ('2231', '144', 'Er Rachidia', 'ERA', '1');
INSERT INTO `ocksena_zone` (`zone_id`, `country_id`, `name`, `code`, `status`) VALUES ('2232', '144', 'Essaouira', 'ESS', '1');
INSERT INTO `ocksena_zone` (`zone_id`, `country_id`, `name`, `code`, `status`) VALUES ('2233', '144', 'Fes', 'FES', '1');
INSERT INTO `ocksena_zone` (`zone_id`, `country_id`, `name`, `code`, `status`) VALUES ('2234', '144', 'Figuig', 'FIG', '1');
INSERT INTO `ocksena_zone` (`zone_id`, `country_id`, `name`, `code`, `status`) VALUES ('2235', '144', 'Guelmim', 'GLM', '1');
INSERT INTO `ocksena_zone` (`zone_id`, `country_id`, `name`, `code`, `status`) VALUES ('2236', '144', 'Ifrane', 'IFR', '1');
INSERT INTO `ocksena_zone` (`zone_id`, `country_id`, `name`, `code`, `status`) VALUES ('2237', '144', 'Kenitra', 'KEN', '1');
INSERT INTO `ocksena_zone` (`zone_id`, `country_id`, `name`, `code`, `status`) VALUES ('2238', '144', 'Khemisset', 'KHM', '1');
INSERT INTO `ocksena_zone` (`zone_id`, `country_id`, `name`, `code`, `status`) VALUES ('2239', '144', 'Khenifra', 'KHN', '1');
INSERT INTO `ocksena_zone` (`zone_id`, `country_id`, `name`, `code`, `status`) VALUES ('2240', '144', 'Khouribga', 'KHO', '1');
INSERT INTO `ocksena_zone` (`zone_id`, `country_id`, `name`, `code`, `status`) VALUES ('2241', '144', 'Laayoune', 'LYN', '1');
INSERT INTO `ocksena_zone` (`zone_id`, `country_id`, `name`, `code`, `status`) VALUES ('2242', '144', 'Larache', 'LAR', '1');
INSERT INTO `ocksena_zone` (`zone_id`, `country_id`, `name`, `code`, `status`) VALUES ('2243', '144', 'Marrakech', 'MRK', '1');
INSERT INTO `ocksena_zone` (`zone_id`, `country_id`, `name`, `code`, `status`) VALUES ('2244', '144', 'Meknes', 'MKN', '1');
INSERT INTO `ocksena_zone` (`zone_id`, `country_id`, `name`, `code`, `status`) VALUES ('2245', '144', 'Nador', 'NAD', '1');
INSERT INTO `ocksena_zone` (`zone_id`, `country_id`, `name`, `code`, `status`) VALUES ('2246', '144', 'Ouarzazate', 'ORZ', '1');
INSERT INTO `ocksena_zone` (`zone_id`, `country_id`, `name`, `code`, `status`) VALUES ('2247', '144', 'Oujda', 'OUJ', '1');
INSERT INTO `ocksena_zone` (`zone_id`, `country_id`, `name`, `code`, `status`) VALUES ('2248', '144', 'Rabat-Sale', 'RSA', '1');
INSERT INTO `ocksena_zone` (`zone_id`, `country_id`, `name`, `code`, `status`) VALUES ('2249', '144', 'Safi', 'SAF', '1');
INSERT INTO `ocksena_zone` (`zone_id`, `country_id`, `name`, `code`, `status`) VALUES ('2250', '144', 'Settat', 'SET', '1');
INSERT INTO `ocksena_zone` (`zone_id`, `country_id`, `name`, `code`, `status`) VALUES ('2251', '144', 'Sidi Kacem', 'SKA', '1');
INSERT INTO `ocksena_zone` (`zone_id`, `country_id`, `name`, `code`, `status`) VALUES ('2252', '144', 'Tangier', 'TGR', '1');
INSERT INTO `ocksena_zone` (`zone_id`, `country_id`, `name`, `code`, `status`) VALUES ('2253', '144', 'Tan-Tan', 'TAN', '1');
INSERT INTO `ocksena_zone` (`zone_id`, `country_id`, `name`, `code`, `status`) VALUES ('2254', '144', 'Taounate', 'TAO', '1');
INSERT INTO `ocksena_zone` (`zone_id`, `country_id`, `name`, `code`, `status`) VALUES ('2255', '144', 'Taroudannt', 'TRD', '1');
INSERT INTO `ocksena_zone` (`zone_id`, `country_id`, `name`, `code`, `status`) VALUES ('2256', '144', 'Tata', 'TAT', '1');
INSERT INTO `ocksena_zone` (`zone_id`, `country_id`, `name`, `code`, `status`) VALUES ('2257', '144', 'Taza', 'TAZ', '1');
INSERT INTO `ocksena_zone` (`zone_id`, `country_id`, `name`, `code`, `status`) VALUES ('2258', '144', 'Tetouan', 'TET', '1');
INSERT INTO `ocksena_zone` (`zone_id`, `country_id`, `name`, `code`, `status`) VALUES ('2259', '144', 'Tiznit', 'TIZ', '1');
INSERT INTO `ocksena_zone` (`zone_id`, `country_id`, `name`, `code`, `status`) VALUES ('2260', '144', 'Ad Dakhla', 'ADK', '1');
INSERT INTO `ocksena_zone` (`zone_id`, `country_id`, `name`, `code`, `status`) VALUES ('2261', '144', 'Boujdour', 'BJD', '1');
INSERT INTO `ocksena_zone` (`zone_id`, `country_id`, `name`, `code`, `status`) VALUES ('2262', '144', 'Es Smara', 'ESM', '1');
INSERT INTO `ocksena_zone` (`zone_id`, `country_id`, `name`, `code`, `status`) VALUES ('2263', '145', 'Cabo Delgado', 'CD', '1');
INSERT INTO `ocksena_zone` (`zone_id`, `country_id`, `name`, `code`, `status`) VALUES ('2264', '145', 'Gaza', 'GZ', '1');
INSERT INTO `ocksena_zone` (`zone_id`, `country_id`, `name`, `code`, `status`) VALUES ('2265', '145', 'Inhambane', 'IN', '1');
INSERT INTO `ocksena_zone` (`zone_id`, `country_id`, `name`, `code`, `status`) VALUES ('2266', '145', 'Manica', 'MN', '1');
INSERT INTO `ocksena_zone` (`zone_id`, `country_id`, `name`, `code`, `status`) VALUES ('2267', '145', 'Maputo (city)', 'MC', '1');
INSERT INTO `ocksena_zone` (`zone_id`, `country_id`, `name`, `code`, `status`) VALUES ('2268', '145', 'Maputo', 'MP', '1');
INSERT INTO `ocksena_zone` (`zone_id`, `country_id`, `name`, `code`, `status`) VALUES ('2269', '145', 'Nampula', 'NA', '1');
INSERT INTO `ocksena_zone` (`zone_id`, `country_id`, `name`, `code`, `status`) VALUES ('2270', '145', 'Niassa', 'NI', '1');
INSERT INTO `ocksena_zone` (`zone_id`, `country_id`, `name`, `code`, `status`) VALUES ('2271', '145', 'Sofala', 'SO', '1');
INSERT INTO `ocksena_zone` (`zone_id`, `country_id`, `name`, `code`, `status`) VALUES ('2272', '145', 'Tete', 'TE', '1');
INSERT INTO `ocksena_zone` (`zone_id`, `country_id`, `name`, `code`, `status`) VALUES ('2273', '145', 'Zambezia', 'ZA', '1');
INSERT INTO `ocksena_zone` (`zone_id`, `country_id`, `name`, `code`, `status`) VALUES ('2274', '146', 'Ayeyarwady', 'AY', '1');
INSERT INTO `ocksena_zone` (`zone_id`, `country_id`, `name`, `code`, `status`) VALUES ('2275', '146', 'Bago', 'BG', '1');
INSERT INTO `ocksena_zone` (`zone_id`, `country_id`, `name`, `code`, `status`) VALUES ('2276', '146', 'Magway', 'MG', '1');
INSERT INTO `ocksena_zone` (`zone_id`, `country_id`, `name`, `code`, `status`) VALUES ('2277', '146', 'Mandalay', 'MD', '1');
INSERT INTO `ocksena_zone` (`zone_id`, `country_id`, `name`, `code`, `status`) VALUES ('2278', '146', 'Sagaing', 'SG', '1');
INSERT INTO `ocksena_zone` (`zone_id`, `country_id`, `name`, `code`, `status`) VALUES ('2279', '146', 'Tanintharyi', 'TN', '1');
INSERT INTO `ocksena_zone` (`zone_id`, `country_id`, `name`, `code`, `status`) VALUES ('2280', '146', 'Yangon', 'YG', '1');
INSERT INTO `ocksena_zone` (`zone_id`, `country_id`, `name`, `code`, `status`) VALUES ('2281', '146', 'Chin State', 'CH', '1');
INSERT INTO `ocksena_zone` (`zone_id`, `country_id`, `name`, `code`, `status`) VALUES ('2282', '146', 'Kachin State', 'KC', '1');
INSERT INTO `ocksena_zone` (`zone_id`, `country_id`, `name`, `code`, `status`) VALUES ('2283', '146', 'Kayah State', 'KH', '1');
INSERT INTO `ocksena_zone` (`zone_id`, `country_id`, `name`, `code`, `status`) VALUES ('2284', '146', 'Kayin State', 'KN', '1');
INSERT INTO `ocksena_zone` (`zone_id`, `country_id`, `name`, `code`, `status`) VALUES ('2285', '146', 'Mon State', 'MN', '1');
INSERT INTO `ocksena_zone` (`zone_id`, `country_id`, `name`, `code`, `status`) VALUES ('2286', '146', 'Rakhine State', 'RK', '1');
INSERT INTO `ocksena_zone` (`zone_id`, `country_id`, `name`, `code`, `status`) VALUES ('2287', '146', 'Shan State', 'SH', '1');
INSERT INTO `ocksena_zone` (`zone_id`, `country_id`, `name`, `code`, `status`) VALUES ('2288', '147', 'Caprivi', 'CA', '1');
INSERT INTO `ocksena_zone` (`zone_id`, `country_id`, `name`, `code`, `status`) VALUES ('2289', '147', 'Erongo', 'ER', '1');
INSERT INTO `ocksena_zone` (`zone_id`, `country_id`, `name`, `code`, `status`) VALUES ('2290', '147', 'Hardap', 'HA', '1');
INSERT INTO `ocksena_zone` (`zone_id`, `country_id`, `name`, `code`, `status`) VALUES ('2291', '147', 'Karas', 'KR', '1');
INSERT INTO `ocksena_zone` (`zone_id`, `country_id`, `name`, `code`, `status`) VALUES ('2292', '147', 'Kavango', 'KV', '1');
INSERT INTO `ocksena_zone` (`zone_id`, `country_id`, `name`, `code`, `status`) VALUES ('2293', '147', 'Khomas', 'KH', '1');
INSERT INTO `ocksena_zone` (`zone_id`, `country_id`, `name`, `code`, `status`) VALUES ('2294', '147', 'Kunene', 'KU', '1');
INSERT INTO `ocksena_zone` (`zone_id`, `country_id`, `name`, `code`, `status`) VALUES ('2295', '147', 'Ohangwena', 'OW', '1');
INSERT INTO `ocksena_zone` (`zone_id`, `country_id`, `name`, `code`, `status`) VALUES ('2296', '147', 'Omaheke', 'OK', '1');
INSERT INTO `ocksena_zone` (`zone_id`, `country_id`, `name`, `code`, `status`) VALUES ('2297', '147', 'Omusati', 'OT', '1');
INSERT INTO `ocksena_zone` (`zone_id`, `country_id`, `name`, `code`, `status`) VALUES ('2298', '147', 'Oshana', 'ON', '1');
INSERT INTO `ocksena_zone` (`zone_id`, `country_id`, `name`, `code`, `status`) VALUES ('2299', '147', 'Oshikoto', 'OO', '1');
INSERT INTO `ocksena_zone` (`zone_id`, `country_id`, `name`, `code`, `status`) VALUES ('2300', '147', 'Otjozondjupa', 'OJ', '1');
INSERT INTO `ocksena_zone` (`zone_id`, `country_id`, `name`, `code`, `status`) VALUES ('2301', '148', 'Aiwo', 'AO', '1');
INSERT INTO `ocksena_zone` (`zone_id`, `country_id`, `name`, `code`, `status`) VALUES ('2302', '148', 'Anabar', 'AA', '1');
INSERT INTO `ocksena_zone` (`zone_id`, `country_id`, `name`, `code`, `status`) VALUES ('2303', '148', 'Anetan', 'AT', '1');
INSERT INTO `ocksena_zone` (`zone_id`, `country_id`, `name`, `code`, `status`) VALUES ('2304', '148', 'Anibare', 'AI', '1');
INSERT INTO `ocksena_zone` (`zone_id`, `country_id`, `name`, `code`, `status`) VALUES ('2305', '148', 'Baiti', 'BA', '1');
INSERT INTO `ocksena_zone` (`zone_id`, `country_id`, `name`, `code`, `status`) VALUES ('2306', '148', 'Boe', 'BO', '1');
INSERT INTO `ocksena_zone` (`zone_id`, `country_id`, `name`, `code`, `status`) VALUES ('2307', '148', 'Buada', 'BU', '1');
INSERT INTO `ocksena_zone` (`zone_id`, `country_id`, `name`, `code`, `status`) VALUES ('2308', '148', 'Denigomodu', 'DE', '1');
INSERT INTO `ocksena_zone` (`zone_id`, `country_id`, `name`, `code`, `status`) VALUES ('2309', '148', 'Ewa', 'EW', '1');
INSERT INTO `ocksena_zone` (`zone_id`, `country_id`, `name`, `code`, `status`) VALUES ('2310', '148', 'Ijuw', 'IJ', '1');
INSERT INTO `ocksena_zone` (`zone_id`, `country_id`, `name`, `code`, `status`) VALUES ('2311', '148', 'Meneng', 'ME', '1');
INSERT INTO `ocksena_zone` (`zone_id`, `country_id`, `name`, `code`, `status`) VALUES ('2312', '148', 'Nibok', 'NI', '1');
INSERT INTO `ocksena_zone` (`zone_id`, `country_id`, `name`, `code`, `status`) VALUES ('2313', '148', 'Uaboe', 'UA', '1');
INSERT INTO `ocksena_zone` (`zone_id`, `country_id`, `name`, `code`, `status`) VALUES ('2314', '148', 'Yaren', 'YA', '1');
INSERT INTO `ocksena_zone` (`zone_id`, `country_id`, `name`, `code`, `status`) VALUES ('2315', '149', 'Bagmati', 'BA', '1');
INSERT INTO `ocksena_zone` (`zone_id`, `country_id`, `name`, `code`, `status`) VALUES ('2316', '149', 'Bheri', 'BH', '1');
INSERT INTO `ocksena_zone` (`zone_id`, `country_id`, `name`, `code`, `status`) VALUES ('2317', '149', 'Dhawalagiri', 'DH', '1');
INSERT INTO `ocksena_zone` (`zone_id`, `country_id`, `name`, `code`, `status`) VALUES ('2318', '149', 'Gandaki', 'GA', '1');
INSERT INTO `ocksena_zone` (`zone_id`, `country_id`, `name`, `code`, `status`) VALUES ('2319', '149', 'Janakpur', 'JA', '1');
INSERT INTO `ocksena_zone` (`zone_id`, `country_id`, `name`, `code`, `status`) VALUES ('2320', '149', 'Karnali', 'KA', '1');
INSERT INTO `ocksena_zone` (`zone_id`, `country_id`, `name`, `code`, `status`) VALUES ('2321', '149', 'Kosi', 'KO', '1');
INSERT INTO `ocksena_zone` (`zone_id`, `country_id`, `name`, `code`, `status`) VALUES ('2322', '149', 'Lumbini', 'LU', '1');
INSERT INTO `ocksena_zone` (`zone_id`, `country_id`, `name`, `code`, `status`) VALUES ('2323', '149', 'Mahakali', 'MA', '1');
INSERT INTO `ocksena_zone` (`zone_id`, `country_id`, `name`, `code`, `status`) VALUES ('2324', '149', 'Mechi', 'ME', '1');
INSERT INTO `ocksena_zone` (`zone_id`, `country_id`, `name`, `code`, `status`) VALUES ('2325', '149', 'Narayani', 'NA', '1');
INSERT INTO `ocksena_zone` (`zone_id`, `country_id`, `name`, `code`, `status`) VALUES ('2326', '149', 'Rapti', 'RA', '1');
INSERT INTO `ocksena_zone` (`zone_id`, `country_id`, `name`, `code`, `status`) VALUES ('2327', '149', 'Sagarmatha', 'SA', '1');
INSERT INTO `ocksena_zone` (`zone_id`, `country_id`, `name`, `code`, `status`) VALUES ('2328', '149', 'Seti', 'SE', '1');
INSERT INTO `ocksena_zone` (`zone_id`, `country_id`, `name`, `code`, `status`) VALUES ('2329', '150', 'Drenthe', 'DR', '1');
INSERT INTO `ocksena_zone` (`zone_id`, `country_id`, `name`, `code`, `status`) VALUES ('2330', '150', 'Flevoland', 'FL', '1');
INSERT INTO `ocksena_zone` (`zone_id`, `country_id`, `name`, `code`, `status`) VALUES ('2331', '150', 'Friesland', 'FR', '1');
INSERT INTO `ocksena_zone` (`zone_id`, `country_id`, `name`, `code`, `status`) VALUES ('2332', '150', 'Gelderland', 'GE', '1');
INSERT INTO `ocksena_zone` (`zone_id`, `country_id`, `name`, `code`, `status`) VALUES ('2333', '150', 'Groningen', 'GR', '1');
INSERT INTO `ocksena_zone` (`zone_id`, `country_id`, `name`, `code`, `status`) VALUES ('2334', '150', 'Limburg', 'LI', '1');
INSERT INTO `ocksena_zone` (`zone_id`, `country_id`, `name`, `code`, `status`) VALUES ('2335', '150', 'Noord Brabant', 'NB', '1');
INSERT INTO `ocksena_zone` (`zone_id`, `country_id`, `name`, `code`, `status`) VALUES ('2336', '150', 'Noord Holland', 'NH', '1');
INSERT INTO `ocksena_zone` (`zone_id`, `country_id`, `name`, `code`, `status`) VALUES ('2337', '150', 'Overijssel', 'OV', '1');
INSERT INTO `ocksena_zone` (`zone_id`, `country_id`, `name`, `code`, `status`) VALUES ('2338', '150', 'Utrecht', 'UT', '1');
INSERT INTO `ocksena_zone` (`zone_id`, `country_id`, `name`, `code`, `status`) VALUES ('2339', '150', 'Zeeland', 'ZE', '1');
INSERT INTO `ocksena_zone` (`zone_id`, `country_id`, `name`, `code`, `status`) VALUES ('2340', '150', 'Zuid Holland', 'ZH', '1');
INSERT INTO `ocksena_zone` (`zone_id`, `country_id`, `name`, `code`, `status`) VALUES ('2341', '152', 'Iles Loyaute', 'L', '1');
INSERT INTO `ocksena_zone` (`zone_id`, `country_id`, `name`, `code`, `status`) VALUES ('2342', '152', 'Nord', 'N', '1');
INSERT INTO `ocksena_zone` (`zone_id`, `country_id`, `name`, `code`, `status`) VALUES ('2343', '152', 'Sud', 'S', '1');
INSERT INTO `ocksena_zone` (`zone_id`, `country_id`, `name`, `code`, `status`) VALUES ('2344', '153', 'Auckland', 'AUK', '1');
INSERT INTO `ocksena_zone` (`zone_id`, `country_id`, `name`, `code`, `status`) VALUES ('2345', '153', 'Bay of Plenty', 'BOP', '1');
INSERT INTO `ocksena_zone` (`zone_id`, `country_id`, `name`, `code`, `status`) VALUES ('2346', '153', 'Canterbury', 'CAN', '1');
INSERT INTO `ocksena_zone` (`zone_id`, `country_id`, `name`, `code`, `status`) VALUES ('2347', '153', 'Coromandel', 'COR', '1');
INSERT INTO `ocksena_zone` (`zone_id`, `country_id`, `name`, `code`, `status`) VALUES ('2348', '153', 'Gisborne', 'GIS', '1');
INSERT INTO `ocksena_zone` (`zone_id`, `country_id`, `name`, `code`, `status`) VALUES ('2349', '153', 'Fiordland', 'FIO', '1');
INSERT INTO `ocksena_zone` (`zone_id`, `country_id`, `name`, `code`, `status`) VALUES ('2350', '153', 'Hawke\'s Bay', 'HKB', '1');
INSERT INTO `ocksena_zone` (`zone_id`, `country_id`, `name`, `code`, `status`) VALUES ('2351', '153', 'Marlborough', 'MBH', '1');
INSERT INTO `ocksena_zone` (`zone_id`, `country_id`, `name`, `code`, `status`) VALUES ('2352', '153', 'Manawatu-Wanganui', 'MWT', '1');
INSERT INTO `ocksena_zone` (`zone_id`, `country_id`, `name`, `code`, `status`) VALUES ('2353', '153', 'Mt Cook-Mackenzie', 'MCM', '1');
INSERT INTO `ocksena_zone` (`zone_id`, `country_id`, `name`, `code`, `status`) VALUES ('2354', '153', 'Nelson', 'NSN', '1');
INSERT INTO `ocksena_zone` (`zone_id`, `country_id`, `name`, `code`, `status`) VALUES ('2355', '153', 'Northland', 'NTL', '1');
INSERT INTO `ocksena_zone` (`zone_id`, `country_id`, `name`, `code`, `status`) VALUES ('2356', '153', 'Otago', 'OTA', '1');
INSERT INTO `ocksena_zone` (`zone_id`, `country_id`, `name`, `code`, `status`) VALUES ('2357', '153', 'Southland', 'STL', '1');
INSERT INTO `ocksena_zone` (`zone_id`, `country_id`, `name`, `code`, `status`) VALUES ('2358', '153', 'Taranaki', 'TKI', '1');
INSERT INTO `ocksena_zone` (`zone_id`, `country_id`, `name`, `code`, `status`) VALUES ('2359', '153', 'Wellington', 'WGN', '1');
INSERT INTO `ocksena_zone` (`zone_id`, `country_id`, `name`, `code`, `status`) VALUES ('2360', '153', 'Waikato', 'WKO', '1');
INSERT INTO `ocksena_zone` (`zone_id`, `country_id`, `name`, `code`, `status`) VALUES ('2361', '153', 'Wairarapa', 'WAI', '1');
INSERT INTO `ocksena_zone` (`zone_id`, `country_id`, `name`, `code`, `status`) VALUES ('2362', '153', 'West Coast', 'WTC', '1');
INSERT INTO `ocksena_zone` (`zone_id`, `country_id`, `name`, `code`, `status`) VALUES ('2363', '154', 'Atlantico Norte', 'AN', '1');
INSERT INTO `ocksena_zone` (`zone_id`, `country_id`, `name`, `code`, `status`) VALUES ('2364', '154', 'Atlantico Sur', 'AS', '1');
INSERT INTO `ocksena_zone` (`zone_id`, `country_id`, `name`, `code`, `status`) VALUES ('2365', '154', 'Boaco', 'BO', '1');
INSERT INTO `ocksena_zone` (`zone_id`, `country_id`, `name`, `code`, `status`) VALUES ('2366', '154', 'Carazo', 'CA', '1');
INSERT INTO `ocksena_zone` (`zone_id`, `country_id`, `name`, `code`, `status`) VALUES ('2367', '154', 'Chinandega', 'CI', '1');
INSERT INTO `ocksena_zone` (`zone_id`, `country_id`, `name`, `code`, `status`) VALUES ('2368', '154', 'Chontales', 'CO', '1');
INSERT INTO `ocksena_zone` (`zone_id`, `country_id`, `name`, `code`, `status`) VALUES ('2369', '154', 'Esteli', 'ES', '1');
INSERT INTO `ocksena_zone` (`zone_id`, `country_id`, `name`, `code`, `status`) VALUES ('2370', '154', 'Granada', 'GR', '1');
INSERT INTO `ocksena_zone` (`zone_id`, `country_id`, `name`, `code`, `status`) VALUES ('2371', '154', 'Jinotega', 'JI', '1');
INSERT INTO `ocksena_zone` (`zone_id`, `country_id`, `name`, `code`, `status`) VALUES ('2372', '154', 'Leon', 'LE', '1');
INSERT INTO `ocksena_zone` (`zone_id`, `country_id`, `name`, `code`, `status`) VALUES ('2373', '154', 'Madriz', 'MD', '1');
INSERT INTO `ocksena_zone` (`zone_id`, `country_id`, `name`, `code`, `status`) VALUES ('2374', '154', 'Managua', 'MN', '1');
INSERT INTO `ocksena_zone` (`zone_id`, `country_id`, `name`, `code`, `status`) VALUES ('2375', '154', 'Masaya', 'MS', '1');
INSERT INTO `ocksena_zone` (`zone_id`, `country_id`, `name`, `code`, `status`) VALUES ('2376', '154', 'Matagalpa', 'MT', '1');
INSERT INTO `ocksena_zone` (`zone_id`, `country_id`, `name`, `code`, `status`) VALUES ('2377', '154', 'Nuevo Segovia', 'NS', '1');
INSERT INTO `ocksena_zone` (`zone_id`, `country_id`, `name`, `code`, `status`) VALUES ('2378', '154', 'Rio San Juan', 'RS', '1');
INSERT INTO `ocksena_zone` (`zone_id`, `country_id`, `name`, `code`, `status`) VALUES ('2379', '154', 'Rivas', 'RI', '1');
INSERT INTO `ocksena_zone` (`zone_id`, `country_id`, `name`, `code`, `status`) VALUES ('2380', '155', 'Agadez', 'AG', '1');
INSERT INTO `ocksena_zone` (`zone_id`, `country_id`, `name`, `code`, `status`) VALUES ('2381', '155', 'Diffa', 'DF', '1');
INSERT INTO `ocksena_zone` (`zone_id`, `country_id`, `name`, `code`, `status`) VALUES ('2382', '155', 'Dosso', 'DS', '1');
INSERT INTO `ocksena_zone` (`zone_id`, `country_id`, `name`, `code`, `status`) VALUES ('2383', '155', 'Maradi', 'MA', '1');
INSERT INTO `ocksena_zone` (`zone_id`, `country_id`, `name`, `code`, `status`) VALUES ('2384', '155', 'Niamey', 'NM', '1');
INSERT INTO `ocksena_zone` (`zone_id`, `country_id`, `name`, `code`, `status`) VALUES ('2385', '155', 'Tahoua', 'TH', '1');
INSERT INTO `ocksena_zone` (`zone_id`, `country_id`, `name`, `code`, `status`) VALUES ('2386', '155', 'Tillaberi', 'TL', '1');
INSERT INTO `ocksena_zone` (`zone_id`, `country_id`, `name`, `code`, `status`) VALUES ('2387', '155', 'Zinder', 'ZD', '1');
INSERT INTO `ocksena_zone` (`zone_id`, `country_id`, `name`, `code`, `status`) VALUES ('2388', '156', 'Abia', 'AB', '1');
INSERT INTO `ocksena_zone` (`zone_id`, `country_id`, `name`, `code`, `status`) VALUES ('2389', '156', 'Abuja Federal Capital Territory', 'CT', '1');
INSERT INTO `ocksena_zone` (`zone_id`, `country_id`, `name`, `code`, `status`) VALUES ('2390', '156', 'Adamawa', 'AD', '1');
INSERT INTO `ocksena_zone` (`zone_id`, `country_id`, `name`, `code`, `status`) VALUES ('2391', '156', 'Akwa Ibom', 'AK', '1');
INSERT INTO `ocksena_zone` (`zone_id`, `country_id`, `name`, `code`, `status`) VALUES ('2392', '156', 'Anambra', 'AN', '1');
INSERT INTO `ocksena_zone` (`zone_id`, `country_id`, `name`, `code`, `status`) VALUES ('2393', '156', 'Bauchi', 'BC', '1');
INSERT INTO `ocksena_zone` (`zone_id`, `country_id`, `name`, `code`, `status`) VALUES ('2394', '156', 'Bayelsa', 'BY', '1');
INSERT INTO `ocksena_zone` (`zone_id`, `country_id`, `name`, `code`, `status`) VALUES ('2395', '156', 'Benue', 'BN', '1');
INSERT INTO `ocksena_zone` (`zone_id`, `country_id`, `name`, `code`, `status`) VALUES ('2396', '156', 'Borno', 'BO', '1');
INSERT INTO `ocksena_zone` (`zone_id`, `country_id`, `name`, `code`, `status`) VALUES ('2397', '156', 'Cross River', 'CR', '1');
INSERT INTO `ocksena_zone` (`zone_id`, `country_id`, `name`, `code`, `status`) VALUES ('2398', '156', 'Delta', 'DE', '1');
INSERT INTO `ocksena_zone` (`zone_id`, `country_id`, `name`, `code`, `status`) VALUES ('2399', '156', 'Ebonyi', 'EB', '1');
INSERT INTO `ocksena_zone` (`zone_id`, `country_id`, `name`, `code`, `status`) VALUES ('2400', '156', 'Edo', 'ED', '1');
INSERT INTO `ocksena_zone` (`zone_id`, `country_id`, `name`, `code`, `status`) VALUES ('2401', '156', 'Ekiti', 'EK', '1');
INSERT INTO `ocksena_zone` (`zone_id`, `country_id`, `name`, `code`, `status`) VALUES ('2402', '156', 'Enugu', 'EN', '1');
INSERT INTO `ocksena_zone` (`zone_id`, `country_id`, `name`, `code`, `status`) VALUES ('2403', '156', 'Gombe', 'GO', '1');
INSERT INTO `ocksena_zone` (`zone_id`, `country_id`, `name`, `code`, `status`) VALUES ('2404', '156', 'Imo', 'IM', '1');
INSERT INTO `ocksena_zone` (`zone_id`, `country_id`, `name`, `code`, `status`) VALUES ('2405', '156', 'Jigawa', 'JI', '1');
INSERT INTO `ocksena_zone` (`zone_id`, `country_id`, `name`, `code`, `status`) VALUES ('2406', '156', 'Kaduna', 'KD', '1');
INSERT INTO `ocksena_zone` (`zone_id`, `country_id`, `name`, `code`, `status`) VALUES ('2407', '156', 'Kano', 'KN', '1');
INSERT INTO `ocksena_zone` (`zone_id`, `country_id`, `name`, `code`, `status`) VALUES ('2408', '156', 'Katsina', 'KT', '1');
INSERT INTO `ocksena_zone` (`zone_id`, `country_id`, `name`, `code`, `status`) VALUES ('2409', '156', 'Kebbi', 'KE', '1');
INSERT INTO `ocksena_zone` (`zone_id`, `country_id`, `name`, `code`, `status`) VALUES ('2410', '156', 'Kogi', 'KO', '1');
INSERT INTO `ocksena_zone` (`zone_id`, `country_id`, `name`, `code`, `status`) VALUES ('2411', '156', 'Kwara', 'KW', '1');
INSERT INTO `ocksena_zone` (`zone_id`, `country_id`, `name`, `code`, `status`) VALUES ('2412', '156', 'Lagos', 'LA', '1');
INSERT INTO `ocksena_zone` (`zone_id`, `country_id`, `name`, `code`, `status`) VALUES ('2413', '156', 'Nassarawa', 'NA', '1');
INSERT INTO `ocksena_zone` (`zone_id`, `country_id`, `name`, `code`, `status`) VALUES ('2414', '156', 'Niger', 'NI', '1');
INSERT INTO `ocksena_zone` (`zone_id`, `country_id`, `name`, `code`, `status`) VALUES ('2415', '156', 'Ogun', 'OG', '1');
INSERT INTO `ocksena_zone` (`zone_id`, `country_id`, `name`, `code`, `status`) VALUES ('2416', '156', 'Ondo', 'ONG', '1');
INSERT INTO `ocksena_zone` (`zone_id`, `country_id`, `name`, `code`, `status`) VALUES ('2417', '156', 'Osun', 'OS', '1');
INSERT INTO `ocksena_zone` (`zone_id`, `country_id`, `name`, `code`, `status`) VALUES ('2418', '156', 'Oyo', 'OY', '1');
INSERT INTO `ocksena_zone` (`zone_id`, `country_id`, `name`, `code`, `status`) VALUES ('2419', '156', 'Plateau', 'PL', '1');
INSERT INTO `ocksena_zone` (`zone_id`, `country_id`, `name`, `code`, `status`) VALUES ('2420', '156', 'Rivers', 'RI', '1');
INSERT INTO `ocksena_zone` (`zone_id`, `country_id`, `name`, `code`, `status`) VALUES ('2421', '156', 'Sokoto', 'SO', '1');
INSERT INTO `ocksena_zone` (`zone_id`, `country_id`, `name`, `code`, `status`) VALUES ('2422', '156', 'Taraba', 'TA', '1');
INSERT INTO `ocksena_zone` (`zone_id`, `country_id`, `name`, `code`, `status`) VALUES ('2423', '156', 'Yobe', 'YO', '1');
INSERT INTO `ocksena_zone` (`zone_id`, `country_id`, `name`, `code`, `status`) VALUES ('2424', '156', 'Zamfara', 'ZA', '1');
INSERT INTO `ocksena_zone` (`zone_id`, `country_id`, `name`, `code`, `status`) VALUES ('2425', '159', 'Northern Islands', 'N', '1');
INSERT INTO `ocksena_zone` (`zone_id`, `country_id`, `name`, `code`, `status`) VALUES ('2426', '159', 'Rota', 'R', '1');
INSERT INTO `ocksena_zone` (`zone_id`, `country_id`, `name`, `code`, `status`) VALUES ('2427', '159', 'Saipan', 'S', '1');
INSERT INTO `ocksena_zone` (`zone_id`, `country_id`, `name`, `code`, `status`) VALUES ('2428', '159', 'Tinian', 'T', '1');
INSERT INTO `ocksena_zone` (`zone_id`, `country_id`, `name`, `code`, `status`) VALUES ('2429', '160', 'Akershus', 'AK', '1');
INSERT INTO `ocksena_zone` (`zone_id`, `country_id`, `name`, `code`, `status`) VALUES ('2430', '160', 'Aust-Agder', 'AA', '1');
INSERT INTO `ocksena_zone` (`zone_id`, `country_id`, `name`, `code`, `status`) VALUES ('2431', '160', 'Buskerud', 'BU', '1');
INSERT INTO `ocksena_zone` (`zone_id`, `country_id`, `name`, `code`, `status`) VALUES ('2432', '160', 'Finnmark', 'FM', '1');
INSERT INTO `ocksena_zone` (`zone_id`, `country_id`, `name`, `code`, `status`) VALUES ('2433', '160', 'Hedmark', 'HM', '1');
INSERT INTO `ocksena_zone` (`zone_id`, `country_id`, `name`, `code`, `status`) VALUES ('2434', '160', 'Hordaland', 'HL', '1');
INSERT INTO `ocksena_zone` (`zone_id`, `country_id`, `name`, `code`, `status`) VALUES ('2435', '160', 'More og Romdal', 'MR', '1');
INSERT INTO `ocksena_zone` (`zone_id`, `country_id`, `name`, `code`, `status`) VALUES ('2436', '160', 'Nord-Trondelag', 'NT', '1');
INSERT INTO `ocksena_zone` (`zone_id`, `country_id`, `name`, `code`, `status`) VALUES ('2437', '160', 'Nordland', 'NL', '1');
INSERT INTO `ocksena_zone` (`zone_id`, `country_id`, `name`, `code`, `status`) VALUES ('2438', '160', 'Ostfold', 'OF', '1');
INSERT INTO `ocksena_zone` (`zone_id`, `country_id`, `name`, `code`, `status`) VALUES ('2439', '160', 'Oppland', 'OP', '1');
INSERT INTO `ocksena_zone` (`zone_id`, `country_id`, `name`, `code`, `status`) VALUES ('2440', '160', 'Oslo', 'OL', '1');
INSERT INTO `ocksena_zone` (`zone_id`, `country_id`, `name`, `code`, `status`) VALUES ('2441', '160', 'Rogaland', 'RL', '1');
INSERT INTO `ocksena_zone` (`zone_id`, `country_id`, `name`, `code`, `status`) VALUES ('2442', '160', 'Sor-Trondelag', 'ST', '1');
INSERT INTO `ocksena_zone` (`zone_id`, `country_id`, `name`, `code`, `status`) VALUES ('2443', '160', 'Sogn og Fjordane', 'SJ', '1');
INSERT INTO `ocksena_zone` (`zone_id`, `country_id`, `name`, `code`, `status`) VALUES ('2444', '160', 'Svalbard', 'SV', '1');
INSERT INTO `ocksena_zone` (`zone_id`, `country_id`, `name`, `code`, `status`) VALUES ('2445', '160', 'Telemark', 'TM', '1');
INSERT INTO `ocksena_zone` (`zone_id`, `country_id`, `name`, `code`, `status`) VALUES ('2446', '160', 'Troms', 'TR', '1');
INSERT INTO `ocksena_zone` (`zone_id`, `country_id`, `name`, `code`, `status`) VALUES ('2447', '160', 'Vest-Agder', 'VA', '1');
INSERT INTO `ocksena_zone` (`zone_id`, `country_id`, `name`, `code`, `status`) VALUES ('2448', '160', 'Vestfold', 'VF', '1');
INSERT INTO `ocksena_zone` (`zone_id`, `country_id`, `name`, `code`, `status`) VALUES ('2449', '161', 'Ad Dakhiliyah', 'DA', '1');
INSERT INTO `ocksena_zone` (`zone_id`, `country_id`, `name`, `code`, `status`) VALUES ('2450', '161', 'Al Batinah', 'BA', '1');
INSERT INTO `ocksena_zone` (`zone_id`, `country_id`, `name`, `code`, `status`) VALUES ('2451', '161', 'Al Wusta', 'WU', '1');
INSERT INTO `ocksena_zone` (`zone_id`, `country_id`, `name`, `code`, `status`) VALUES ('2452', '161', 'Ash Sharqiyah', 'SH', '1');
INSERT INTO `ocksena_zone` (`zone_id`, `country_id`, `name`, `code`, `status`) VALUES ('2453', '161', 'Az Zahirah', 'ZA', '1');
INSERT INTO `ocksena_zone` (`zone_id`, `country_id`, `name`, `code`, `status`) VALUES ('2454', '161', 'Masqat', 'MA', '1');
INSERT INTO `ocksena_zone` (`zone_id`, `country_id`, `name`, `code`, `status`) VALUES ('2455', '161', 'Musandam', 'MU', '1');
INSERT INTO `ocksena_zone` (`zone_id`, `country_id`, `name`, `code`, `status`) VALUES ('2456', '161', 'Zufar', 'ZU', '1');
INSERT INTO `ocksena_zone` (`zone_id`, `country_id`, `name`, `code`, `status`) VALUES ('2457', '162', 'Balochistan', 'B', '1');
INSERT INTO `ocksena_zone` (`zone_id`, `country_id`, `name`, `code`, `status`) VALUES ('2458', '162', 'Federally Administered Tribal Areas', 'T', '1');
INSERT INTO `ocksena_zone` (`zone_id`, `country_id`, `name`, `code`, `status`) VALUES ('2459', '162', 'Islamabad Capital Territory', 'I', '1');
INSERT INTO `ocksena_zone` (`zone_id`, `country_id`, `name`, `code`, `status`) VALUES ('2460', '162', 'North-West Frontier', 'N', '1');
INSERT INTO `ocksena_zone` (`zone_id`, `country_id`, `name`, `code`, `status`) VALUES ('2461', '162', 'Punjab', 'P', '1');
INSERT INTO `ocksena_zone` (`zone_id`, `country_id`, `name`, `code`, `status`) VALUES ('2462', '162', 'Sindh', 'S', '1');
INSERT INTO `ocksena_zone` (`zone_id`, `country_id`, `name`, `code`, `status`) VALUES ('2463', '163', 'Aimeliik', 'AM', '1');
INSERT INTO `ocksena_zone` (`zone_id`, `country_id`, `name`, `code`, `status`) VALUES ('2464', '163', 'Airai', 'AR', '1');
INSERT INTO `ocksena_zone` (`zone_id`, `country_id`, `name`, `code`, `status`) VALUES ('2465', '163', 'Angaur', 'AN', '1');
INSERT INTO `ocksena_zone` (`zone_id`, `country_id`, `name`, `code`, `status`) VALUES ('2466', '163', 'Hatohobei', 'HA', '1');
INSERT INTO `ocksena_zone` (`zone_id`, `country_id`, `name`, `code`, `status`) VALUES ('2467', '163', 'Kayangel', 'KA', '1');
INSERT INTO `ocksena_zone` (`zone_id`, `country_id`, `name`, `code`, `status`) VALUES ('2468', '163', 'Koror', 'KO', '1');
INSERT INTO `ocksena_zone` (`zone_id`, `country_id`, `name`, `code`, `status`) VALUES ('2469', '163', 'Melekeok', 'ME', '1');
INSERT INTO `ocksena_zone` (`zone_id`, `country_id`, `name`, `code`, `status`) VALUES ('2470', '163', 'Ngaraard', 'NA', '1');
INSERT INTO `ocksena_zone` (`zone_id`, `country_id`, `name`, `code`, `status`) VALUES ('2471', '163', 'Ngarchelong', 'NG', '1');
INSERT INTO `ocksena_zone` (`zone_id`, `country_id`, `name`, `code`, `status`) VALUES ('2472', '163', 'Ngardmau', 'ND', '1');
INSERT INTO `ocksena_zone` (`zone_id`, `country_id`, `name`, `code`, `status`) VALUES ('2473', '163', 'Ngatpang', 'NT', '1');
INSERT INTO `ocksena_zone` (`zone_id`, `country_id`, `name`, `code`, `status`) VALUES ('2474', '163', 'Ngchesar', 'NC', '1');
INSERT INTO `ocksena_zone` (`zone_id`, `country_id`, `name`, `code`, `status`) VALUES ('2475', '163', 'Ngeremlengui', 'NR', '1');
INSERT INTO `ocksena_zone` (`zone_id`, `country_id`, `name`, `code`, `status`) VALUES ('2476', '163', 'Ngiwal', 'NW', '1');
INSERT INTO `ocksena_zone` (`zone_id`, `country_id`, `name`, `code`, `status`) VALUES ('2477', '163', 'Peleliu', 'PE', '1');
INSERT INTO `ocksena_zone` (`zone_id`, `country_id`, `name`, `code`, `status`) VALUES ('2478', '163', 'Sonsorol', 'SO', '1');
INSERT INTO `ocksena_zone` (`zone_id`, `country_id`, `name`, `code`, `status`) VALUES ('2479', '164', 'Bocas del Toro', 'BT', '1');
INSERT INTO `ocksena_zone` (`zone_id`, `country_id`, `name`, `code`, `status`) VALUES ('2480', '164', 'Chiriqui', 'CH', '1');
INSERT INTO `ocksena_zone` (`zone_id`, `country_id`, `name`, `code`, `status`) VALUES ('2481', '164', 'Cocle', 'CC', '1');
INSERT INTO `ocksena_zone` (`zone_id`, `country_id`, `name`, `code`, `status`) VALUES ('2482', '164', 'Colon', 'CL', '1');
INSERT INTO `ocksena_zone` (`zone_id`, `country_id`, `name`, `code`, `status`) VALUES ('2483', '164', 'Darien', 'DA', '1');
INSERT INTO `ocksena_zone` (`zone_id`, `country_id`, `name`, `code`, `status`) VALUES ('2484', '164', 'Herrera', 'HE', '1');
INSERT INTO `ocksena_zone` (`zone_id`, `country_id`, `name`, `code`, `status`) VALUES ('2485', '164', 'Los Santos', 'LS', '1');
INSERT INTO `ocksena_zone` (`zone_id`, `country_id`, `name`, `code`, `status`) VALUES ('2486', '164', 'Panama', 'PA', '1');
INSERT INTO `ocksena_zone` (`zone_id`, `country_id`, `name`, `code`, `status`) VALUES ('2487', '164', 'San Blas', 'SB', '1');
INSERT INTO `ocksena_zone` (`zone_id`, `country_id`, `name`, `code`, `status`) VALUES ('2488', '164', 'Veraguas', 'VG', '1');
INSERT INTO `ocksena_zone` (`zone_id`, `country_id`, `name`, `code`, `status`) VALUES ('2489', '165', 'Bougainville', 'BV', '1');
INSERT INTO `ocksena_zone` (`zone_id`, `country_id`, `name`, `code`, `status`) VALUES ('2490', '165', 'Central', 'CE', '1');
INSERT INTO `ocksena_zone` (`zone_id`, `country_id`, `name`, `code`, `status`) VALUES ('2491', '165', 'Chimbu', 'CH', '1');
INSERT INTO `ocksena_zone` (`zone_id`, `country_id`, `name`, `code`, `status`) VALUES ('2492', '165', 'Eastern Highlands', 'EH', '1');
INSERT INTO `ocksena_zone` (`zone_id`, `country_id`, `name`, `code`, `status`) VALUES ('2493', '165', 'East New Britain', 'EB', '1');
INSERT INTO `ocksena_zone` (`zone_id`, `country_id`, `name`, `code`, `status`) VALUES ('2494', '165', 'East Sepik', 'ES', '1');
INSERT INTO `ocksena_zone` (`zone_id`, `country_id`, `name`, `code`, `status`) VALUES ('2495', '165', 'Enga', 'EN', '1');
INSERT INTO `ocksena_zone` (`zone_id`, `country_id`, `name`, `code`, `status`) VALUES ('2496', '165', 'Gulf', 'GU', '1');
INSERT INTO `ocksena_zone` (`zone_id`, `country_id`, `name`, `code`, `status`) VALUES ('2497', '165', 'Madang', 'MD', '1');
INSERT INTO `ocksena_zone` (`zone_id`, `country_id`, `name`, `code`, `status`) VALUES ('2498', '165', 'Manus', 'MN', '1');
INSERT INTO `ocksena_zone` (`zone_id`, `country_id`, `name`, `code`, `status`) VALUES ('2499', '165', 'Milne Bay', 'MB', '1');
INSERT INTO `ocksena_zone` (`zone_id`, `country_id`, `name`, `code`, `status`) VALUES ('2500', '165', 'Morobe', 'MR', '1');
INSERT INTO `ocksena_zone` (`zone_id`, `country_id`, `name`, `code`, `status`) VALUES ('2501', '165', 'National Capital', 'NC', '1');
INSERT INTO `ocksena_zone` (`zone_id`, `country_id`, `name`, `code`, `status`) VALUES ('2502', '165', 'New Ireland', 'NI', '1');
INSERT INTO `ocksena_zone` (`zone_id`, `country_id`, `name`, `code`, `status`) VALUES ('2503', '165', 'Northern', 'NO', '1');
INSERT INTO `ocksena_zone` (`zone_id`, `country_id`, `name`, `code`, `status`) VALUES ('2504', '165', 'Sandaun', 'SA', '1');
INSERT INTO `ocksena_zone` (`zone_id`, `country_id`, `name`, `code`, `status`) VALUES ('2505', '165', 'Southern Highlands', 'SH', '1');
INSERT INTO `ocksena_zone` (`zone_id`, `country_id`, `name`, `code`, `status`) VALUES ('2506', '165', 'Western', 'WE', '1');
INSERT INTO `ocksena_zone` (`zone_id`, `country_id`, `name`, `code`, `status`) VALUES ('2507', '165', 'Western Highlands', 'WH', '1');
INSERT INTO `ocksena_zone` (`zone_id`, `country_id`, `name`, `code`, `status`) VALUES ('2508', '165', 'West New Britain', 'WB', '1');
INSERT INTO `ocksena_zone` (`zone_id`, `country_id`, `name`, `code`, `status`) VALUES ('2509', '166', 'Alto Paraguay', 'AG', '1');
INSERT INTO `ocksena_zone` (`zone_id`, `country_id`, `name`, `code`, `status`) VALUES ('2510', '166', 'Alto Parana', 'AN', '1');
INSERT INTO `ocksena_zone` (`zone_id`, `country_id`, `name`, `code`, `status`) VALUES ('2511', '166', 'Amambay', 'AM', '1');
INSERT INTO `ocksena_zone` (`zone_id`, `country_id`, `name`, `code`, `status`) VALUES ('2512', '166', 'Asuncion', 'AS', '1');
INSERT INTO `ocksena_zone` (`zone_id`, `country_id`, `name`, `code`, `status`) VALUES ('2513', '166', 'Boqueron', 'BO', '1');
INSERT INTO `ocksena_zone` (`zone_id`, `country_id`, `name`, `code`, `status`) VALUES ('2514', '166', 'Caaguazu', 'CG', '1');
INSERT INTO `ocksena_zone` (`zone_id`, `country_id`, `name`, `code`, `status`) VALUES ('2515', '166', 'Caazapa', 'CZ', '1');
INSERT INTO `ocksena_zone` (`zone_id`, `country_id`, `name`, `code`, `status`) VALUES ('2516', '166', 'Canindeyu', 'CN', '1');
INSERT INTO `ocksena_zone` (`zone_id`, `country_id`, `name`, `code`, `status`) VALUES ('2517', '166', 'Central', 'CE', '1');
INSERT INTO `ocksena_zone` (`zone_id`, `country_id`, `name`, `code`, `status`) VALUES ('2518', '166', 'Concepcion', 'CC', '1');
INSERT INTO `ocksena_zone` (`zone_id`, `country_id`, `name`, `code`, `status`) VALUES ('2519', '166', 'Cordillera', 'CD', '1');
INSERT INTO `ocksena_zone` (`zone_id`, `country_id`, `name`, `code`, `status`) VALUES ('2520', '166', 'Guaira', 'GU', '1');
INSERT INTO `ocksena_zone` (`zone_id`, `country_id`, `name`, `code`, `status`) VALUES ('2521', '166', 'Itapua', 'IT', '1');
INSERT INTO `ocksena_zone` (`zone_id`, `country_id`, `name`, `code`, `status`) VALUES ('2522', '166', 'Misiones', 'MI', '1');
INSERT INTO `ocksena_zone` (`zone_id`, `country_id`, `name`, `code`, `status`) VALUES ('2523', '166', 'Neembucu', 'NE', '1');
INSERT INTO `ocksena_zone` (`zone_id`, `country_id`, `name`, `code`, `status`) VALUES ('2524', '166', 'Paraguari', 'PA', '1');
INSERT INTO `ocksena_zone` (`zone_id`, `country_id`, `name`, `code`, `status`) VALUES ('2525', '166', 'Presidente Hayes', 'PH', '1');
INSERT INTO `ocksena_zone` (`zone_id`, `country_id`, `name`, `code`, `status`) VALUES ('2526', '166', 'San Pedro', 'SP', '1');
INSERT INTO `ocksena_zone` (`zone_id`, `country_id`, `name`, `code`, `status`) VALUES ('2527', '167', 'Amazonas', 'AM', '1');
INSERT INTO `ocksena_zone` (`zone_id`, `country_id`, `name`, `code`, `status`) VALUES ('2528', '167', 'Ancash', 'AN', '1');
INSERT INTO `ocksena_zone` (`zone_id`, `country_id`, `name`, `code`, `status`) VALUES ('2529', '167', 'Apurimac', 'AP', '1');
INSERT INTO `ocksena_zone` (`zone_id`, `country_id`, `name`, `code`, `status`) VALUES ('2530', '167', 'Arequipa', 'AR', '1');
INSERT INTO `ocksena_zone` (`zone_id`, `country_id`, `name`, `code`, `status`) VALUES ('2531', '167', 'Ayacucho', 'AY', '1');
INSERT INTO `ocksena_zone` (`zone_id`, `country_id`, `name`, `code`, `status`) VALUES ('2532', '167', 'Cajamarca', 'CJ', '1');
INSERT INTO `ocksena_zone` (`zone_id`, `country_id`, `name`, `code`, `status`) VALUES ('2533', '167', 'Callao', 'CL', '1');
INSERT INTO `ocksena_zone` (`zone_id`, `country_id`, `name`, `code`, `status`) VALUES ('2534', '167', 'Cusco', 'CU', '1');
INSERT INTO `ocksena_zone` (`zone_id`, `country_id`, `name`, `code`, `status`) VALUES ('2535', '167', 'Huancavelica', 'HV', '1');
INSERT INTO `ocksena_zone` (`zone_id`, `country_id`, `name`, `code`, `status`) VALUES ('2536', '167', 'Huanuco', 'HO', '1');
INSERT INTO `ocksena_zone` (`zone_id`, `country_id`, `name`, `code`, `status`) VALUES ('2537', '167', 'Ica', 'IC', '1');
INSERT INTO `ocksena_zone` (`zone_id`, `country_id`, `name`, `code`, `status`) VALUES ('2538', '167', 'Junin', 'JU', '1');
INSERT INTO `ocksena_zone` (`zone_id`, `country_id`, `name`, `code`, `status`) VALUES ('2539', '167', 'La Libertad', 'LD', '1');
INSERT INTO `ocksena_zone` (`zone_id`, `country_id`, `name`, `code`, `status`) VALUES ('2540', '167', 'Lambayeque', 'LY', '1');
INSERT INTO `ocksena_zone` (`zone_id`, `country_id`, `name`, `code`, `status`) VALUES ('2541', '167', 'Lima', 'LI', '1');
INSERT INTO `ocksena_zone` (`zone_id`, `country_id`, `name`, `code`, `status`) VALUES ('2542', '167', 'Loreto', 'LO', '1');
INSERT INTO `ocksena_zone` (`zone_id`, `country_id`, `name`, `code`, `status`) VALUES ('2543', '167', 'Madre de Dios', 'MD', '1');
INSERT INTO `ocksena_zone` (`zone_id`, `country_id`, `name`, `code`, `status`) VALUES ('2544', '167', 'Moquegua', 'MO', '1');
INSERT INTO `ocksena_zone` (`zone_id`, `country_id`, `name`, `code`, `status`) VALUES ('2545', '167', 'Pasco', 'PA', '1');
INSERT INTO `ocksena_zone` (`zone_id`, `country_id`, `name`, `code`, `status`) VALUES ('2546', '167', 'Piura', 'PI', '1');
INSERT INTO `ocksena_zone` (`zone_id`, `country_id`, `name`, `code`, `status`) VALUES ('2547', '167', 'Puno', 'PU', '1');
INSERT INTO `ocksena_zone` (`zone_id`, `country_id`, `name`, `code`, `status`) VALUES ('2548', '167', 'San Martin', 'SM', '1');
INSERT INTO `ocksena_zone` (`zone_id`, `country_id`, `name`, `code`, `status`) VALUES ('2549', '167', 'Tacna', 'TA', '1');
INSERT INTO `ocksena_zone` (`zone_id`, `country_id`, `name`, `code`, `status`) VALUES ('2550', '167', 'Tumbes', 'TU', '1');
INSERT INTO `ocksena_zone` (`zone_id`, `country_id`, `name`, `code`, `status`) VALUES ('2551', '167', 'Ucayali', 'UC', '1');
INSERT INTO `ocksena_zone` (`zone_id`, `country_id`, `name`, `code`, `status`) VALUES ('2552', '168', 'Abra', 'ABR', '1');
INSERT INTO `ocksena_zone` (`zone_id`, `country_id`, `name`, `code`, `status`) VALUES ('2553', '168', 'Agusan del Norte', 'ANO', '1');
INSERT INTO `ocksena_zone` (`zone_id`, `country_id`, `name`, `code`, `status`) VALUES ('2554', '168', 'Agusan del Sur', 'ASU', '1');
INSERT INTO `ocksena_zone` (`zone_id`, `country_id`, `name`, `code`, `status`) VALUES ('2555', '168', 'Aklan', 'AKL', '1');
INSERT INTO `ocksena_zone` (`zone_id`, `country_id`, `name`, `code`, `status`) VALUES ('2556', '168', 'Albay', 'ALB', '1');
INSERT INTO `ocksena_zone` (`zone_id`, `country_id`, `name`, `code`, `status`) VALUES ('2557', '168', 'Antique', 'ANT', '1');
INSERT INTO `ocksena_zone` (`zone_id`, `country_id`, `name`, `code`, `status`) VALUES ('2558', '168', 'Apayao', 'APY', '1');
INSERT INTO `ocksena_zone` (`zone_id`, `country_id`, `name`, `code`, `status`) VALUES ('2559', '168', 'Aurora', 'AUR', '1');
INSERT INTO `ocksena_zone` (`zone_id`, `country_id`, `name`, `code`, `status`) VALUES ('2560', '168', 'Basilan', 'BAS', '1');
INSERT INTO `ocksena_zone` (`zone_id`, `country_id`, `name`, `code`, `status`) VALUES ('2561', '168', 'Bataan', 'BTA', '1');
INSERT INTO `ocksena_zone` (`zone_id`, `country_id`, `name`, `code`, `status`) VALUES ('2562', '168', 'Batanes', 'BTE', '1');
INSERT INTO `ocksena_zone` (`zone_id`, `country_id`, `name`, `code`, `status`) VALUES ('2563', '168', 'Batangas', 'BTG', '1');
INSERT INTO `ocksena_zone` (`zone_id`, `country_id`, `name`, `code`, `status`) VALUES ('2564', '168', 'Biliran', 'BLR', '1');
INSERT INTO `ocksena_zone` (`zone_id`, `country_id`, `name`, `code`, `status`) VALUES ('2565', '168', 'Benguet', 'BEN', '1');
INSERT INTO `ocksena_zone` (`zone_id`, `country_id`, `name`, `code`, `status`) VALUES ('2566', '168', 'Bohol', 'BOL', '1');
INSERT INTO `ocksena_zone` (`zone_id`, `country_id`, `name`, `code`, `status`) VALUES ('2567', '168', 'Bukidnon', 'BUK', '1');
INSERT INTO `ocksena_zone` (`zone_id`, `country_id`, `name`, `code`, `status`) VALUES ('2568', '168', 'Bulacan', 'BUL', '1');
INSERT INTO `ocksena_zone` (`zone_id`, `country_id`, `name`, `code`, `status`) VALUES ('2569', '168', 'Cagayan', 'CAG', '1');
INSERT INTO `ocksena_zone` (`zone_id`, `country_id`, `name`, `code`, `status`) VALUES ('2570', '168', 'Camarines Norte', 'CNO', '1');
INSERT INTO `ocksena_zone` (`zone_id`, `country_id`, `name`, `code`, `status`) VALUES ('2571', '168', 'Camarines Sur', 'CSU', '1');
INSERT INTO `ocksena_zone` (`zone_id`, `country_id`, `name`, `code`, `status`) VALUES ('2572', '168', 'Camiguin', 'CAM', '1');
INSERT INTO `ocksena_zone` (`zone_id`, `country_id`, `name`, `code`, `status`) VALUES ('2573', '168', 'Capiz', 'CAP', '1');
INSERT INTO `ocksena_zone` (`zone_id`, `country_id`, `name`, `code`, `status`) VALUES ('2574', '168', 'Catanduanes', 'CAT', '1');
INSERT INTO `ocksena_zone` (`zone_id`, `country_id`, `name`, `code`, `status`) VALUES ('2575', '168', 'Cavite', 'CAV', '1');
INSERT INTO `ocksena_zone` (`zone_id`, `country_id`, `name`, `code`, `status`) VALUES ('2576', '168', 'Cebu', 'CEB', '1');
INSERT INTO `ocksena_zone` (`zone_id`, `country_id`, `name`, `code`, `status`) VALUES ('2577', '168', 'Compostela', 'CMP', '1');
INSERT INTO `ocksena_zone` (`zone_id`, `country_id`, `name`, `code`, `status`) VALUES ('2578', '168', 'Davao del Norte', 'DNO', '1');
INSERT INTO `ocksena_zone` (`zone_id`, `country_id`, `name`, `code`, `status`) VALUES ('2579', '168', 'Davao del Sur', 'DSU', '1');
INSERT INTO `ocksena_zone` (`zone_id`, `country_id`, `name`, `code`, `status`) VALUES ('2580', '168', 'Davao Oriental', 'DOR', '1');
INSERT INTO `ocksena_zone` (`zone_id`, `country_id`, `name`, `code`, `status`) VALUES ('2581', '168', 'Eastern Samar', 'ESA', '1');
INSERT INTO `ocksena_zone` (`zone_id`, `country_id`, `name`, `code`, `status`) VALUES ('2582', '168', 'Guimaras', 'GUI', '1');
INSERT INTO `ocksena_zone` (`zone_id`, `country_id`, `name`, `code`, `status`) VALUES ('2583', '168', 'Ifugao', 'IFU', '1');
INSERT INTO `ocksena_zone` (`zone_id`, `country_id`, `name`, `code`, `status`) VALUES ('2584', '168', 'Ilocos Norte', 'INO', '1');
INSERT INTO `ocksena_zone` (`zone_id`, `country_id`, `name`, `code`, `status`) VALUES ('2585', '168', 'Ilocos Sur', 'ISU', '1');
INSERT INTO `ocksena_zone` (`zone_id`, `country_id`, `name`, `code`, `status`) VALUES ('2586', '168', 'Iloilo', 'ILO', '1');
INSERT INTO `ocksena_zone` (`zone_id`, `country_id`, `name`, `code`, `status`) VALUES ('2587', '168', 'Isabela', 'ISA', '1');
INSERT INTO `ocksena_zone` (`zone_id`, `country_id`, `name`, `code`, `status`) VALUES ('2588', '168', 'Kalinga', 'KAL', '1');
INSERT INTO `ocksena_zone` (`zone_id`, `country_id`, `name`, `code`, `status`) VALUES ('2589', '168', 'Laguna', 'LAG', '1');
INSERT INTO `ocksena_zone` (`zone_id`, `country_id`, `name`, `code`, `status`) VALUES ('2590', '168', 'Lanao del Norte', 'LNO', '1');
INSERT INTO `ocksena_zone` (`zone_id`, `country_id`, `name`, `code`, `status`) VALUES ('2591', '168', 'Lanao del Sur', 'LSU', '1');
INSERT INTO `ocksena_zone` (`zone_id`, `country_id`, `name`, `code`, `status`) VALUES ('2592', '168', 'La Union', 'UNI', '1');
INSERT INTO `ocksena_zone` (`zone_id`, `country_id`, `name`, `code`, `status`) VALUES ('2593', '168', 'Leyte', 'LEY', '1');
INSERT INTO `ocksena_zone` (`zone_id`, `country_id`, `name`, `code`, `status`) VALUES ('2594', '168', 'Maguindanao', 'MAG', '1');
INSERT INTO `ocksena_zone` (`zone_id`, `country_id`, `name`, `code`, `status`) VALUES ('2595', '168', 'Marinduque', 'MRN', '1');
INSERT INTO `ocksena_zone` (`zone_id`, `country_id`, `name`, `code`, `status`) VALUES ('2596', '168', 'Masbate', 'MSB', '1');
INSERT INTO `ocksena_zone` (`zone_id`, `country_id`, `name`, `code`, `status`) VALUES ('2597', '168', 'Mindoro Occidental', 'MIC', '1');
INSERT INTO `ocksena_zone` (`zone_id`, `country_id`, `name`, `code`, `status`) VALUES ('2598', '168', 'Mindoro Oriental', 'MIR', '1');
INSERT INTO `ocksena_zone` (`zone_id`, `country_id`, `name`, `code`, `status`) VALUES ('2599', '168', 'Misamis Occidental', 'MSC', '1');
INSERT INTO `ocksena_zone` (`zone_id`, `country_id`, `name`, `code`, `status`) VALUES ('2600', '168', 'Misamis Oriental', 'MOR', '1');
INSERT INTO `ocksena_zone` (`zone_id`, `country_id`, `name`, `code`, `status`) VALUES ('2601', '168', 'Mountain', 'MOP', '1');
INSERT INTO `ocksena_zone` (`zone_id`, `country_id`, `name`, `code`, `status`) VALUES ('2602', '168', 'Negros Occidental', 'NOC', '1');
INSERT INTO `ocksena_zone` (`zone_id`, `country_id`, `name`, `code`, `status`) VALUES ('2603', '168', 'Negros Oriental', 'NOR', '1');
INSERT INTO `ocksena_zone` (`zone_id`, `country_id`, `name`, `code`, `status`) VALUES ('2604', '168', 'North Cotabato', 'NCT', '1');
INSERT INTO `ocksena_zone` (`zone_id`, `country_id`, `name`, `code`, `status`) VALUES ('2605', '168', 'Northern Samar', 'NSM', '1');
INSERT INTO `ocksena_zone` (`zone_id`, `country_id`, `name`, `code`, `status`) VALUES ('2606', '168', 'Nueva Ecija', 'NEC', '1');
INSERT INTO `ocksena_zone` (`zone_id`, `country_id`, `name`, `code`, `status`) VALUES ('2607', '168', 'Nueva Vizcaya', 'NVZ', '1');
INSERT INTO `ocksena_zone` (`zone_id`, `country_id`, `name`, `code`, `status`) VALUES ('2608', '168', 'Palawan', 'PLW', '1');
INSERT INTO `ocksena_zone` (`zone_id`, `country_id`, `name`, `code`, `status`) VALUES ('2609', '168', 'Pampanga', 'PMP', '1');
INSERT INTO `ocksena_zone` (`zone_id`, `country_id`, `name`, `code`, `status`) VALUES ('2610', '168', 'Pangasinan', 'PNG', '1');
INSERT INTO `ocksena_zone` (`zone_id`, `country_id`, `name`, `code`, `status`) VALUES ('2611', '168', 'Quezon', 'QZN', '1');
INSERT INTO `ocksena_zone` (`zone_id`, `country_id`, `name`, `code`, `status`) VALUES ('2612', '168', 'Quirino', 'QRN', '1');
INSERT INTO `ocksena_zone` (`zone_id`, `country_id`, `name`, `code`, `status`) VALUES ('2613', '168', 'Rizal', 'RIZ', '1');
INSERT INTO `ocksena_zone` (`zone_id`, `country_id`, `name`, `code`, `status`) VALUES ('2614', '168', 'Romblon', 'ROM', '1');
INSERT INTO `ocksena_zone` (`zone_id`, `country_id`, `name`, `code`, `status`) VALUES ('2615', '168', 'Samar', 'SMR', '1');
INSERT INTO `ocksena_zone` (`zone_id`, `country_id`, `name`, `code`, `status`) VALUES ('2616', '168', 'Sarangani', 'SRG', '1');
INSERT INTO `ocksena_zone` (`zone_id`, `country_id`, `name`, `code`, `status`) VALUES ('2617', '168', 'Siquijor', 'SQJ', '1');
INSERT INTO `ocksena_zone` (`zone_id`, `country_id`, `name`, `code`, `status`) VALUES ('2618', '168', 'Sorsogon', 'SRS', '1');
INSERT INTO `ocksena_zone` (`zone_id`, `country_id`, `name`, `code`, `status`) VALUES ('2619', '168', 'South Cotabato', 'SCO', '1');
INSERT INTO `ocksena_zone` (`zone_id`, `country_id`, `name`, `code`, `status`) VALUES ('2620', '168', 'Southern Leyte', 'SLE', '1');
INSERT INTO `ocksena_zone` (`zone_id`, `country_id`, `name`, `code`, `status`) VALUES ('2621', '168', 'Sultan Kudarat', 'SKU', '1');
INSERT INTO `ocksena_zone` (`zone_id`, `country_id`, `name`, `code`, `status`) VALUES ('2622', '168', 'Sulu', 'SLU', '1');
INSERT INTO `ocksena_zone` (`zone_id`, `country_id`, `name`, `code`, `status`) VALUES ('2623', '168', 'Surigao del Norte', 'SNO', '1');
INSERT INTO `ocksena_zone` (`zone_id`, `country_id`, `name`, `code`, `status`) VALUES ('2624', '168', 'Surigao del Sur', 'SSU', '1');
INSERT INTO `ocksena_zone` (`zone_id`, `country_id`, `name`, `code`, `status`) VALUES ('2625', '168', 'Tarlac', 'TAR', '1');
INSERT INTO `ocksena_zone` (`zone_id`, `country_id`, `name`, `code`, `status`) VALUES ('2626', '168', 'Tawi-Tawi', 'TAW', '1');
INSERT INTO `ocksena_zone` (`zone_id`, `country_id`, `name`, `code`, `status`) VALUES ('2627', '168', 'Zambales', 'ZBL', '1');
INSERT INTO `ocksena_zone` (`zone_id`, `country_id`, `name`, `code`, `status`) VALUES ('2628', '168', 'Zamboanga del Norte', 'ZNO', '1');
INSERT INTO `ocksena_zone` (`zone_id`, `country_id`, `name`, `code`, `status`) VALUES ('2629', '168', 'Zamboanga del Sur', 'ZSU', '1');
INSERT INTO `ocksena_zone` (`zone_id`, `country_id`, `name`, `code`, `status`) VALUES ('2630', '168', 'Zamboanga Sibugay', 'ZSI', '1');
INSERT INTO `ocksena_zone` (`zone_id`, `country_id`, `name`, `code`, `status`) VALUES ('2631', '170', 'Dolnoslaskie', 'DO', '1');
INSERT INTO `ocksena_zone` (`zone_id`, `country_id`, `name`, `code`, `status`) VALUES ('2632', '170', 'Kujawsko-Pomorskie', 'KP', '1');
INSERT INTO `ocksena_zone` (`zone_id`, `country_id`, `name`, `code`, `status`) VALUES ('2633', '170', 'Lodzkie', 'LO', '1');
INSERT INTO `ocksena_zone` (`zone_id`, `country_id`, `name`, `code`, `status`) VALUES ('2634', '170', 'Lubelskie', 'LL', '1');
INSERT INTO `ocksena_zone` (`zone_id`, `country_id`, `name`, `code`, `status`) VALUES ('2635', '170', 'Lubuskie', 'LU', '1');
INSERT INTO `ocksena_zone` (`zone_id`, `country_id`, `name`, `code`, `status`) VALUES ('2636', '170', 'Malopolskie', 'ML', '1');
INSERT INTO `ocksena_zone` (`zone_id`, `country_id`, `name`, `code`, `status`) VALUES ('2637', '170', 'Mazowieckie', 'MZ', '1');
INSERT INTO `ocksena_zone` (`zone_id`, `country_id`, `name`, `code`, `status`) VALUES ('2638', '170', 'Opolskie', 'OP', '1');
INSERT INTO `ocksena_zone` (`zone_id`, `country_id`, `name`, `code`, `status`) VALUES ('2639', '170', 'Podkarpackie', 'PP', '1');
INSERT INTO `ocksena_zone` (`zone_id`, `country_id`, `name`, `code`, `status`) VALUES ('2640', '170', 'Podlaskie', 'PL', '1');
INSERT INTO `ocksena_zone` (`zone_id`, `country_id`, `name`, `code`, `status`) VALUES ('2641', '170', 'Pomorskie', 'PM', '1');
INSERT INTO `ocksena_zone` (`zone_id`, `country_id`, `name`, `code`, `status`) VALUES ('2642', '170', 'Slaskie', 'SL', '1');
INSERT INTO `ocksena_zone` (`zone_id`, `country_id`, `name`, `code`, `status`) VALUES ('2643', '170', 'Swietokrzyskie', 'SW', '1');
INSERT INTO `ocksena_zone` (`zone_id`, `country_id`, `name`, `code`, `status`) VALUES ('2644', '170', 'Warminsko-Mazurskie', 'WM', '1');
INSERT INTO `ocksena_zone` (`zone_id`, `country_id`, `name`, `code`, `status`) VALUES ('2645', '170', 'Wielkopolskie', 'WP', '1');
INSERT INTO `ocksena_zone` (`zone_id`, `country_id`, `name`, `code`, `status`) VALUES ('2646', '170', 'Zachodniopomorskie', 'ZA', '1');
INSERT INTO `ocksena_zone` (`zone_id`, `country_id`, `name`, `code`, `status`) VALUES ('2647', '198', 'Saint Pierre', 'P', '1');
INSERT INTO `ocksena_zone` (`zone_id`, `country_id`, `name`, `code`, `status`) VALUES ('2648', '198', 'Miquelon', 'M', '1');
INSERT INTO `ocksena_zone` (`zone_id`, `country_id`, `name`, `code`, `status`) VALUES ('2649', '171', 'A&ccedil;ores', 'AC', '1');
INSERT INTO `ocksena_zone` (`zone_id`, `country_id`, `name`, `code`, `status`) VALUES ('2650', '171', 'Aveiro', 'AV', '1');
INSERT INTO `ocksena_zone` (`zone_id`, `country_id`, `name`, `code`, `status`) VALUES ('2651', '171', 'Beja', 'BE', '1');
INSERT INTO `ocksena_zone` (`zone_id`, `country_id`, `name`, `code`, `status`) VALUES ('2652', '171', 'Braga', 'BR', '1');
INSERT INTO `ocksena_zone` (`zone_id`, `country_id`, `name`, `code`, `status`) VALUES ('2653', '171', 'Bragan&ccedil;a', 'BA', '1');
INSERT INTO `ocksena_zone` (`zone_id`, `country_id`, `name`, `code`, `status`) VALUES ('2654', '171', 'Castelo Branco', 'CB', '1');
INSERT INTO `ocksena_zone` (`zone_id`, `country_id`, `name`, `code`, `status`) VALUES ('2655', '171', 'Coimbra', 'CO', '1');
INSERT INTO `ocksena_zone` (`zone_id`, `country_id`, `name`, `code`, `status`) VALUES ('2656', '171', '&Eacute;vora', 'EV', '1');
INSERT INTO `ocksena_zone` (`zone_id`, `country_id`, `name`, `code`, `status`) VALUES ('2657', '171', 'Faro', 'FA', '1');
INSERT INTO `ocksena_zone` (`zone_id`, `country_id`, `name`, `code`, `status`) VALUES ('2658', '171', 'Guarda', 'GU', '1');
INSERT INTO `ocksena_zone` (`zone_id`, `country_id`, `name`, `code`, `status`) VALUES ('2659', '171', 'Leiria', 'LE', '1');
INSERT INTO `ocksena_zone` (`zone_id`, `country_id`, `name`, `code`, `status`) VALUES ('2660', '171', 'Lisboa', 'LI', '1');
INSERT INTO `ocksena_zone` (`zone_id`, `country_id`, `name`, `code`, `status`) VALUES ('2661', '171', 'Madeira', 'ME', '1');
INSERT INTO `ocksena_zone` (`zone_id`, `country_id`, `name`, `code`, `status`) VALUES ('2662', '171', 'Portalegre', 'PO', '1');
INSERT INTO `ocksena_zone` (`zone_id`, `country_id`, `name`, `code`, `status`) VALUES ('2663', '171', 'Porto', 'PR', '1');
INSERT INTO `ocksena_zone` (`zone_id`, `country_id`, `name`, `code`, `status`) VALUES ('2664', '171', 'Santar&eacute;m', 'SA', '1');
INSERT INTO `ocksena_zone` (`zone_id`, `country_id`, `name`, `code`, `status`) VALUES ('2665', '171', 'Set&uacute;bal', 'SE', '1');
INSERT INTO `ocksena_zone` (`zone_id`, `country_id`, `name`, `code`, `status`) VALUES ('2666', '171', 'Viana do Castelo', 'VC', '1');
INSERT INTO `ocksena_zone` (`zone_id`, `country_id`, `name`, `code`, `status`) VALUES ('2667', '171', 'Vila Real', 'VR', '1');
INSERT INTO `ocksena_zone` (`zone_id`, `country_id`, `name`, `code`, `status`) VALUES ('2668', '171', 'Viseu', 'VI', '1');
INSERT INTO `ocksena_zone` (`zone_id`, `country_id`, `name`, `code`, `status`) VALUES ('2669', '173', 'Ad Dawhah', 'DW', '1');
INSERT INTO `ocksena_zone` (`zone_id`, `country_id`, `name`, `code`, `status`) VALUES ('2670', '173', 'Al Ghuwayriyah', 'GW', '1');
INSERT INTO `ocksena_zone` (`zone_id`, `country_id`, `name`, `code`, `status`) VALUES ('2671', '173', 'Al Jumayliyah', 'JM', '1');
INSERT INTO `ocksena_zone` (`zone_id`, `country_id`, `name`, `code`, `status`) VALUES ('2672', '173', 'Al Khawr', 'KR', '1');
INSERT INTO `ocksena_zone` (`zone_id`, `country_id`, `name`, `code`, `status`) VALUES ('2673', '173', 'Al Wakrah', 'WK', '1');
INSERT INTO `ocksena_zone` (`zone_id`, `country_id`, `name`, `code`, `status`) VALUES ('2674', '173', 'Ar Rayyan', 'RN', '1');
INSERT INTO `ocksena_zone` (`zone_id`, `country_id`, `name`, `code`, `status`) VALUES ('2675', '173', 'Jarayan al Batinah', 'JB', '1');
INSERT INTO `ocksena_zone` (`zone_id`, `country_id`, `name`, `code`, `status`) VALUES ('2676', '173', 'Madinat ash Shamal', 'MS', '1');
INSERT INTO `ocksena_zone` (`zone_id`, `country_id`, `name`, `code`, `status`) VALUES ('2677', '173', 'Umm Sa\'id', 'UD', '1');
INSERT INTO `ocksena_zone` (`zone_id`, `country_id`, `name`, `code`, `status`) VALUES ('2678', '173', 'Umm Salal', 'UL', '1');
INSERT INTO `ocksena_zone` (`zone_id`, `country_id`, `name`, `code`, `status`) VALUES ('2679', '175', 'Alba', 'AB', '1');
INSERT INTO `ocksena_zone` (`zone_id`, `country_id`, `name`, `code`, `status`) VALUES ('2680', '175', 'Arad', 'AR', '1');
INSERT INTO `ocksena_zone` (`zone_id`, `country_id`, `name`, `code`, `status`) VALUES ('2681', '175', 'Arges', 'AG', '1');
INSERT INTO `ocksena_zone` (`zone_id`, `country_id`, `name`, `code`, `status`) VALUES ('2682', '175', 'Bacau', 'BC', '1');
INSERT INTO `ocksena_zone` (`zone_id`, `country_id`, `name`, `code`, `status`) VALUES ('2683', '175', 'Bihor', 'BH', '1');
INSERT INTO `ocksena_zone` (`zone_id`, `country_id`, `name`, `code`, `status`) VALUES ('2684', '175', 'Bistrita-Nasaud', 'BN', '1');
INSERT INTO `ocksena_zone` (`zone_id`, `country_id`, `name`, `code`, `status`) VALUES ('2685', '175', 'Botosani', 'BT', '1');
INSERT INTO `ocksena_zone` (`zone_id`, `country_id`, `name`, `code`, `status`) VALUES ('2686', '175', 'Brasov', 'BV', '1');
INSERT INTO `ocksena_zone` (`zone_id`, `country_id`, `name`, `code`, `status`) VALUES ('2687', '175', 'Braila', 'BR', '1');
INSERT INTO `ocksena_zone` (`zone_id`, `country_id`, `name`, `code`, `status`) VALUES ('2688', '175', 'Bucuresti', 'B', '1');
INSERT INTO `ocksena_zone` (`zone_id`, `country_id`, `name`, `code`, `status`) VALUES ('2689', '175', 'Buzau', 'BZ', '1');
INSERT INTO `ocksena_zone` (`zone_id`, `country_id`, `name`, `code`, `status`) VALUES ('2690', '175', 'Caras-Severin', 'CS', '1');
INSERT INTO `ocksena_zone` (`zone_id`, `country_id`, `name`, `code`, `status`) VALUES ('2691', '175', 'Calarasi', 'CL', '1');
INSERT INTO `ocksena_zone` (`zone_id`, `country_id`, `name`, `code`, `status`) VALUES ('2692', '175', 'Cluj', 'CJ', '1');
INSERT INTO `ocksena_zone` (`zone_id`, `country_id`, `name`, `code`, `status`) VALUES ('2693', '175', 'Constanta', 'CT', '1');
INSERT INTO `ocksena_zone` (`zone_id`, `country_id`, `name`, `code`, `status`) VALUES ('2694', '175', 'Covasna', 'CV', '1');
INSERT INTO `ocksena_zone` (`zone_id`, `country_id`, `name`, `code`, `status`) VALUES ('2695', '175', 'Dimbovita', 'DB', '1');
INSERT INTO `ocksena_zone` (`zone_id`, `country_id`, `name`, `code`, `status`) VALUES ('2696', '175', 'Dolj', 'DJ', '1');
INSERT INTO `ocksena_zone` (`zone_id`, `country_id`, `name`, `code`, `status`) VALUES ('2697', '175', 'Galati', 'GL', '1');
INSERT INTO `ocksena_zone` (`zone_id`, `country_id`, `name`, `code`, `status`) VALUES ('2698', '175', 'Giurgiu', 'GR', '1');
INSERT INTO `ocksena_zone` (`zone_id`, `country_id`, `name`, `code`, `status`) VALUES ('2699', '175', 'Gorj', 'GJ', '1');
INSERT INTO `ocksena_zone` (`zone_id`, `country_id`, `name`, `code`, `status`) VALUES ('2700', '175', 'Harghita', 'HR', '1');
INSERT INTO `ocksena_zone` (`zone_id`, `country_id`, `name`, `code`, `status`) VALUES ('2701', '175', 'Hunedoara', 'HD', '1');
INSERT INTO `ocksena_zone` (`zone_id`, `country_id`, `name`, `code`, `status`) VALUES ('2702', '175', 'Ialomita', 'IL', '1');
INSERT INTO `ocksena_zone` (`zone_id`, `country_id`, `name`, `code`, `status`) VALUES ('2703', '175', 'Iasi', 'IS', '1');
INSERT INTO `ocksena_zone` (`zone_id`, `country_id`, `name`, `code`, `status`) VALUES ('2704', '175', 'Ilfov', 'IF', '1');
INSERT INTO `ocksena_zone` (`zone_id`, `country_id`, `name`, `code`, `status`) VALUES ('2705', '175', 'Maramures', 'MM', '1');
INSERT INTO `ocksena_zone` (`zone_id`, `country_id`, `name`, `code`, `status`) VALUES ('2706', '175', 'Mehedinti', 'MH', '1');
INSERT INTO `ocksena_zone` (`zone_id`, `country_id`, `name`, `code`, `status`) VALUES ('2707', '175', 'Mures', 'MS', '1');
INSERT INTO `ocksena_zone` (`zone_id`, `country_id`, `name`, `code`, `status`) VALUES ('2708', '175', 'Neamt', 'NT', '1');
INSERT INTO `ocksena_zone` (`zone_id`, `country_id`, `name`, `code`, `status`) VALUES ('2709', '175', 'Olt', 'OT', '1');
INSERT INTO `ocksena_zone` (`zone_id`, `country_id`, `name`, `code`, `status`) VALUES ('2710', '175', 'Prahova', 'PH', '1');
INSERT INTO `ocksena_zone` (`zone_id`, `country_id`, `name`, `code`, `status`) VALUES ('2711', '175', 'Satu-Mare', 'SM', '1');
INSERT INTO `ocksena_zone` (`zone_id`, `country_id`, `name`, `code`, `status`) VALUES ('2712', '175', 'Salaj', 'SJ', '1');
INSERT INTO `ocksena_zone` (`zone_id`, `country_id`, `name`, `code`, `status`) VALUES ('2713', '175', 'Sibiu', 'SB', '1');
INSERT INTO `ocksena_zone` (`zone_id`, `country_id`, `name`, `code`, `status`) VALUES ('2714', '175', 'Suceava', 'SV', '1');
INSERT INTO `ocksena_zone` (`zone_id`, `country_id`, `name`, `code`, `status`) VALUES ('2715', '175', 'Teleorman', 'TR', '1');
INSERT INTO `ocksena_zone` (`zone_id`, `country_id`, `name`, `code`, `status`) VALUES ('2716', '175', 'Timis', 'TM', '1');
INSERT INTO `ocksena_zone` (`zone_id`, `country_id`, `name`, `code`, `status`) VALUES ('2717', '175', 'Tulcea', 'TL', '1');
INSERT INTO `ocksena_zone` (`zone_id`, `country_id`, `name`, `code`, `status`) VALUES ('2718', '175', 'Vaslui', 'VS', '1');
INSERT INTO `ocksena_zone` (`zone_id`, `country_id`, `name`, `code`, `status`) VALUES ('2719', '175', 'Valcea', 'VL', '1');
INSERT INTO `ocksena_zone` (`zone_id`, `country_id`, `name`, `code`, `status`) VALUES ('2720', '175', 'Vrancea', 'VN', '1');
INSERT INTO `ocksena_zone` (`zone_id`, `country_id`, `name`, `code`, `status`) VALUES ('2721', '176', 'Abakan', 'AB', '1');
INSERT INTO `ocksena_zone` (`zone_id`, `country_id`, `name`, `code`, `status`) VALUES ('2722', '176', 'Aginskoye', 'AG', '1');
INSERT INTO `ocksena_zone` (`zone_id`, `country_id`, `name`, `code`, `status`) VALUES ('2723', '176', 'Anadyr', 'AN', '1');
INSERT INTO `ocksena_zone` (`zone_id`, `country_id`, `name`, `code`, `status`) VALUES ('2724', '176', 'Arkahangelsk', 'AR', '1');
INSERT INTO `ocksena_zone` (`zone_id`, `country_id`, `name`, `code`, `status`) VALUES ('2725', '176', 'Astrakhan', 'AS', '1');
INSERT INTO `ocksena_zone` (`zone_id`, `country_id`, `name`, `code`, `status`) VALUES ('2726', '176', 'Barnaul', 'BA', '1');
INSERT INTO `ocksena_zone` (`zone_id`, `country_id`, `name`, `code`, `status`) VALUES ('2727', '176', 'Belgorod', 'BE', '1');
INSERT INTO `ocksena_zone` (`zone_id`, `country_id`, `name`, `code`, `status`) VALUES ('2728', '176', 'Birobidzhan', 'BI', '1');
INSERT INTO `ocksena_zone` (`zone_id`, `country_id`, `name`, `code`, `status`) VALUES ('2729', '176', 'Blagoveshchensk', 'BL', '1');
INSERT INTO `ocksena_zone` (`zone_id`, `country_id`, `name`, `code`, `status`) VALUES ('2730', '176', 'Bryansk', 'BR', '1');
INSERT INTO `ocksena_zone` (`zone_id`, `country_id`, `name`, `code`, `status`) VALUES ('2731', '176', 'Cheboksary', 'CH', '1');
INSERT INTO `ocksena_zone` (`zone_id`, `country_id`, `name`, `code`, `status`) VALUES ('2732', '176', 'Chelyabinsk', 'CL', '1');
INSERT INTO `ocksena_zone` (`zone_id`, `country_id`, `name`, `code`, `status`) VALUES ('2733', '176', 'Cherkessk', 'CR', '1');
INSERT INTO `ocksena_zone` (`zone_id`, `country_id`, `name`, `code`, `status`) VALUES ('2734', '176', 'Chita', 'CI', '1');
INSERT INTO `ocksena_zone` (`zone_id`, `country_id`, `name`, `code`, `status`) VALUES ('2735', '176', 'Dudinka', 'DU', '1');
INSERT INTO `ocksena_zone` (`zone_id`, `country_id`, `name`, `code`, `status`) VALUES ('2736', '176', 'Elista', 'EL', '1');
INSERT INTO `ocksena_zone` (`zone_id`, `country_id`, `name`, `code`, `status`) VALUES ('2737', '176', 'Gomo-Altaysk', 'GO', '1');
INSERT INTO `ocksena_zone` (`zone_id`, `country_id`, `name`, `code`, `status`) VALUES ('2738', '176', 'Gorno-Altaysk', 'GA', '1');
INSERT INTO `ocksena_zone` (`zone_id`, `country_id`, `name`, `code`, `status`) VALUES ('2739', '176', 'Groznyy', 'GR', '1');
INSERT INTO `ocksena_zone` (`zone_id`, `country_id`, `name`, `code`, `status`) VALUES ('2740', '176', 'Irkutsk', 'IR', '1');
INSERT INTO `ocksena_zone` (`zone_id`, `country_id`, `name`, `code`, `status`) VALUES ('2741', '176', 'Ivanovo', 'IV', '1');
INSERT INTO `ocksena_zone` (`zone_id`, `country_id`, `name`, `code`, `status`) VALUES ('2742', '176', 'Izhevsk', 'IZ', '1');
INSERT INTO `ocksena_zone` (`zone_id`, `country_id`, `name`, `code`, `status`) VALUES ('2743', '176', 'Kalinigrad', 'KA', '1');
INSERT INTO `ocksena_zone` (`zone_id`, `country_id`, `name`, `code`, `status`) VALUES ('2744', '176', 'Kaluga', 'KL', '1');
INSERT INTO `ocksena_zone` (`zone_id`, `country_id`, `name`, `code`, `status`) VALUES ('2745', '176', 'Kasnodar', 'KS', '1');
INSERT INTO `ocksena_zone` (`zone_id`, `country_id`, `name`, `code`, `status`) VALUES ('2746', '176', 'Kazan', 'KZ', '1');
INSERT INTO `ocksena_zone` (`zone_id`, `country_id`, `name`, `code`, `status`) VALUES ('2747', '176', 'Kemerovo', 'KE', '1');
INSERT INTO `ocksena_zone` (`zone_id`, `country_id`, `name`, `code`, `status`) VALUES ('2748', '176', 'Khabarovsk', 'KH', '1');
INSERT INTO `ocksena_zone` (`zone_id`, `country_id`, `name`, `code`, `status`) VALUES ('2749', '176', 'Khanty-Mansiysk', 'KM', '1');
INSERT INTO `ocksena_zone` (`zone_id`, `country_id`, `name`, `code`, `status`) VALUES ('2750', '176', 'Kostroma', 'KO', '1');
INSERT INTO `ocksena_zone` (`zone_id`, `country_id`, `name`, `code`, `status`) VALUES ('2751', '176', 'Krasnodar', 'KR', '1');
INSERT INTO `ocksena_zone` (`zone_id`, `country_id`, `name`, `code`, `status`) VALUES ('2752', '176', 'Krasnoyarsk', 'KN', '1');
INSERT INTO `ocksena_zone` (`zone_id`, `country_id`, `name`, `code`, `status`) VALUES ('2753', '176', 'Kudymkar', 'KU', '1');
INSERT INTO `ocksena_zone` (`zone_id`, `country_id`, `name`, `code`, `status`) VALUES ('2754', '176', 'Kurgan', 'KG', '1');
INSERT INTO `ocksena_zone` (`zone_id`, `country_id`, `name`, `code`, `status`) VALUES ('2755', '176', 'Kursk', 'KK', '1');
INSERT INTO `ocksena_zone` (`zone_id`, `country_id`, `name`, `code`, `status`) VALUES ('2756', '176', 'Kyzyl', 'KY', '1');
INSERT INTO `ocksena_zone` (`zone_id`, `country_id`, `name`, `code`, `status`) VALUES ('2757', '176', 'Lipetsk', 'LI', '1');
INSERT INTO `ocksena_zone` (`zone_id`, `country_id`, `name`, `code`, `status`) VALUES ('2758', '176', 'Magadan', 'MA', '1');
INSERT INTO `ocksena_zone` (`zone_id`, `country_id`, `name`, `code`, `status`) VALUES ('2759', '176', 'Makhachkala', 'MK', '1');
INSERT INTO `ocksena_zone` (`zone_id`, `country_id`, `name`, `code`, `status`) VALUES ('2760', '176', 'Maykop', 'MY', '1');
INSERT INTO `ocksena_zone` (`zone_id`, `country_id`, `name`, `code`, `status`) VALUES ('2761', '176', 'Moscow', 'MO', '1');
INSERT INTO `ocksena_zone` (`zone_id`, `country_id`, `name`, `code`, `status`) VALUES ('2762', '176', 'Murmansk', 'MU', '1');
INSERT INTO `ocksena_zone` (`zone_id`, `country_id`, `name`, `code`, `status`) VALUES ('2763', '176', 'Nalchik', 'NA', '1');
INSERT INTO `ocksena_zone` (`zone_id`, `country_id`, `name`, `code`, `status`) VALUES ('2764', '176', 'Naryan Mar', 'NR', '1');
INSERT INTO `ocksena_zone` (`zone_id`, `country_id`, `name`, `code`, `status`) VALUES ('2765', '176', 'Nazran', 'NZ', '1');
INSERT INTO `ocksena_zone` (`zone_id`, `country_id`, `name`, `code`, `status`) VALUES ('2766', '176', 'Nizhniy Novgorod', 'NI', '1');
INSERT INTO `ocksena_zone` (`zone_id`, `country_id`, `name`, `code`, `status`) VALUES ('2767', '176', 'Novgorod', 'NO', '1');
INSERT INTO `ocksena_zone` (`zone_id`, `country_id`, `name`, `code`, `status`) VALUES ('2768', '176', 'Novosibirsk', 'NV', '1');
INSERT INTO `ocksena_zone` (`zone_id`, `country_id`, `name`, `code`, `status`) VALUES ('2769', '176', 'Omsk', 'OM', '1');
INSERT INTO `ocksena_zone` (`zone_id`, `country_id`, `name`, `code`, `status`) VALUES ('2770', '176', 'Orel', 'OR', '1');
INSERT INTO `ocksena_zone` (`zone_id`, `country_id`, `name`, `code`, `status`) VALUES ('2771', '176', 'Orenburg', 'OE', '1');
INSERT INTO `ocksena_zone` (`zone_id`, `country_id`, `name`, `code`, `status`) VALUES ('2772', '176', 'Palana', 'PA', '1');
INSERT INTO `ocksena_zone` (`zone_id`, `country_id`, `name`, `code`, `status`) VALUES ('2773', '176', 'Penza', 'PE', '1');
INSERT INTO `ocksena_zone` (`zone_id`, `country_id`, `name`, `code`, `status`) VALUES ('2774', '176', 'Perm', 'PR', '1');
INSERT INTO `ocksena_zone` (`zone_id`, `country_id`, `name`, `code`, `status`) VALUES ('2775', '176', 'Petropavlovsk-Kamchatskiy', 'PK', '1');
INSERT INTO `ocksena_zone` (`zone_id`, `country_id`, `name`, `code`, `status`) VALUES ('2776', '176', 'Petrozavodsk', 'PT', '1');
INSERT INTO `ocksena_zone` (`zone_id`, `country_id`, `name`, `code`, `status`) VALUES ('2777', '176', 'Pskov', 'PS', '1');
INSERT INTO `ocksena_zone` (`zone_id`, `country_id`, `name`, `code`, `status`) VALUES ('2778', '176', 'Rostov-na-Donu', 'RO', '1');
INSERT INTO `ocksena_zone` (`zone_id`, `country_id`, `name`, `code`, `status`) VALUES ('2779', '176', 'Ryazan', 'RY', '1');
INSERT INTO `ocksena_zone` (`zone_id`, `country_id`, `name`, `code`, `status`) VALUES ('2780', '176', 'Salekhard', 'SL', '1');
INSERT INTO `ocksena_zone` (`zone_id`, `country_id`, `name`, `code`, `status`) VALUES ('2781', '176', 'Samara', 'SA', '1');
INSERT INTO `ocksena_zone` (`zone_id`, `country_id`, `name`, `code`, `status`) VALUES ('2782', '176', 'Saransk', 'SR', '1');
INSERT INTO `ocksena_zone` (`zone_id`, `country_id`, `name`, `code`, `status`) VALUES ('2783', '176', 'Saratov', 'SV', '1');
INSERT INTO `ocksena_zone` (`zone_id`, `country_id`, `name`, `code`, `status`) VALUES ('2784', '176', 'Smolensk', 'SM', '1');
INSERT INTO `ocksena_zone` (`zone_id`, `country_id`, `name`, `code`, `status`) VALUES ('2785', '176', 'St. Petersburg', 'SP', '1');
INSERT INTO `ocksena_zone` (`zone_id`, `country_id`, `name`, `code`, `status`) VALUES ('2786', '176', 'Stavropol', 'ST', '1');
INSERT INTO `ocksena_zone` (`zone_id`, `country_id`, `name`, `code`, `status`) VALUES ('2787', '176', 'Syktyvkar', 'SY', '1');
INSERT INTO `ocksena_zone` (`zone_id`, `country_id`, `name`, `code`, `status`) VALUES ('2788', '176', 'Tambov', 'TA', '1');
INSERT INTO `ocksena_zone` (`zone_id`, `country_id`, `name`, `code`, `status`) VALUES ('2789', '176', 'Tomsk', 'TO', '1');
INSERT INTO `ocksena_zone` (`zone_id`, `country_id`, `name`, `code`, `status`) VALUES ('2790', '176', 'Tula', 'TU', '1');
INSERT INTO `ocksena_zone` (`zone_id`, `country_id`, `name`, `code`, `status`) VALUES ('2791', '176', 'Tura', 'TR', '1');
INSERT INTO `ocksena_zone` (`zone_id`, `country_id`, `name`, `code`, `status`) VALUES ('2792', '176', 'Tver', 'TV', '1');
INSERT INTO `ocksena_zone` (`zone_id`, `country_id`, `name`, `code`, `status`) VALUES ('2793', '176', 'Tyumen', 'TY', '1');
INSERT INTO `ocksena_zone` (`zone_id`, `country_id`, `name`, `code`, `status`) VALUES ('2794', '176', 'Ufa', 'UF', '1');
INSERT INTO `ocksena_zone` (`zone_id`, `country_id`, `name`, `code`, `status`) VALUES ('2795', '176', 'Ul\'yanovsk', 'UL', '1');
INSERT INTO `ocksena_zone` (`zone_id`, `country_id`, `name`, `code`, `status`) VALUES ('2796', '176', 'Ulan-Ude', 'UU', '1');
INSERT INTO `ocksena_zone` (`zone_id`, `country_id`, `name`, `code`, `status`) VALUES ('2797', '176', 'Ust\'-Ordynskiy', 'US', '1');
INSERT INTO `ocksena_zone` (`zone_id`, `country_id`, `name`, `code`, `status`) VALUES ('2798', '176', 'Vladikavkaz', 'VL', '1');
INSERT INTO `ocksena_zone` (`zone_id`, `country_id`, `name`, `code`, `status`) VALUES ('2799', '176', 'Vladimir', 'VA', '1');
INSERT INTO `ocksena_zone` (`zone_id`, `country_id`, `name`, `code`, `status`) VALUES ('2800', '176', 'Vladivostok', 'VV', '1');
INSERT INTO `ocksena_zone` (`zone_id`, `country_id`, `name`, `code`, `status`) VALUES ('2801', '176', 'Volgograd', 'VG', '1');
INSERT INTO `ocksena_zone` (`zone_id`, `country_id`, `name`, `code`, `status`) VALUES ('2802', '176', 'Vologda', 'VD', '1');
INSERT INTO `ocksena_zone` (`zone_id`, `country_id`, `name`, `code`, `status`) VALUES ('2803', '176', 'Voronezh', 'VO', '1');
INSERT INTO `ocksena_zone` (`zone_id`, `country_id`, `name`, `code`, `status`) VALUES ('2804', '176', 'Vyatka', 'VY', '1');
INSERT INTO `ocksena_zone` (`zone_id`, `country_id`, `name`, `code`, `status`) VALUES ('2805', '176', 'Yakutsk', 'YA', '1');
INSERT INTO `ocksena_zone` (`zone_id`, `country_id`, `name`, `code`, `status`) VALUES ('2806', '176', 'Yaroslavl', 'YR', '1');
INSERT INTO `ocksena_zone` (`zone_id`, `country_id`, `name`, `code`, `status`) VALUES ('2807', '176', 'Yekaterinburg', 'YE', '1');
INSERT INTO `ocksena_zone` (`zone_id`, `country_id`, `name`, `code`, `status`) VALUES ('2808', '176', 'Yoshkar-Ola', 'YO', '1');
INSERT INTO `ocksena_zone` (`zone_id`, `country_id`, `name`, `code`, `status`) VALUES ('2809', '177', 'Butare', 'BU', '1');
INSERT INTO `ocksena_zone` (`zone_id`, `country_id`, `name`, `code`, `status`) VALUES ('2810', '177', 'Byumba', 'BY', '1');
INSERT INTO `ocksena_zone` (`zone_id`, `country_id`, `name`, `code`, `status`) VALUES ('2811', '177', 'Cyangugu', 'CY', '1');
INSERT INTO `ocksena_zone` (`zone_id`, `country_id`, `name`, `code`, `status`) VALUES ('2812', '177', 'Gikongoro', 'GK', '1');
INSERT INTO `ocksena_zone` (`zone_id`, `country_id`, `name`, `code`, `status`) VALUES ('2813', '177', 'Gisenyi', 'GS', '1');
INSERT INTO `ocksena_zone` (`zone_id`, `country_id`, `name`, `code`, `status`) VALUES ('2814', '177', 'Gitarama', 'GT', '1');
INSERT INTO `ocksena_zone` (`zone_id`, `country_id`, `name`, `code`, `status`) VALUES ('2815', '177', 'Kibungo', 'KG', '1');
INSERT INTO `ocksena_zone` (`zone_id`, `country_id`, `name`, `code`, `status`) VALUES ('2816', '177', 'Kibuye', 'KY', '1');
INSERT INTO `ocksena_zone` (`zone_id`, `country_id`, `name`, `code`, `status`) VALUES ('2817', '177', 'Kigali Rurale', 'KR', '1');
INSERT INTO `ocksena_zone` (`zone_id`, `country_id`, `name`, `code`, `status`) VALUES ('2818', '177', 'Kigali-ville', 'KV', '1');
INSERT INTO `ocksena_zone` (`zone_id`, `country_id`, `name`, `code`, `status`) VALUES ('2819', '177', 'Ruhengeri', 'RU', '1');
INSERT INTO `ocksena_zone` (`zone_id`, `country_id`, `name`, `code`, `status`) VALUES ('2820', '177', 'Umutara', 'UM', '1');
INSERT INTO `ocksena_zone` (`zone_id`, `country_id`, `name`, `code`, `status`) VALUES ('2821', '178', 'Christ Church Nichola Town', 'CCN', '1');
INSERT INTO `ocksena_zone` (`zone_id`, `country_id`, `name`, `code`, `status`) VALUES ('2822', '178', 'Saint Anne Sandy Point', 'SAS', '1');
INSERT INTO `ocksena_zone` (`zone_id`, `country_id`, `name`, `code`, `status`) VALUES ('2823', '178', 'Saint George Basseterre', 'SGB', '1');
INSERT INTO `ocksena_zone` (`zone_id`, `country_id`, `name`, `code`, `status`) VALUES ('2824', '178', 'Saint George Gingerland', 'SGG', '1');
INSERT INTO `ocksena_zone` (`zone_id`, `country_id`, `name`, `code`, `status`) VALUES ('2825', '178', 'Saint James Windward', 'SJW', '1');
INSERT INTO `ocksena_zone` (`zone_id`, `country_id`, `name`, `code`, `status`) VALUES ('2826', '178', 'Saint John Capesterre', 'SJC', '1');
INSERT INTO `ocksena_zone` (`zone_id`, `country_id`, `name`, `code`, `status`) VALUES ('2827', '178', 'Saint John Figtree', 'SJF', '1');
INSERT INTO `ocksena_zone` (`zone_id`, `country_id`, `name`, `code`, `status`) VALUES ('2828', '178', 'Saint Mary Cayon', 'SMC', '1');
INSERT INTO `ocksena_zone` (`zone_id`, `country_id`, `name`, `code`, `status`) VALUES ('2829', '178', 'Saint Paul Capesterre', 'CAP', '1');
INSERT INTO `ocksena_zone` (`zone_id`, `country_id`, `name`, `code`, `status`) VALUES ('2830', '178', 'Saint Paul Charlestown', 'CHA', '1');
INSERT INTO `ocksena_zone` (`zone_id`, `country_id`, `name`, `code`, `status`) VALUES ('2831', '178', 'Saint Peter Basseterre', 'SPB', '1');
INSERT INTO `ocksena_zone` (`zone_id`, `country_id`, `name`, `code`, `status`) VALUES ('2832', '178', 'Saint Thomas Lowland', 'STL', '1');
INSERT INTO `ocksena_zone` (`zone_id`, `country_id`, `name`, `code`, `status`) VALUES ('2833', '178', 'Saint Thomas Middle Island', 'STM', '1');
INSERT INTO `ocksena_zone` (`zone_id`, `country_id`, `name`, `code`, `status`) VALUES ('2834', '178', 'Trinity Palmetto Point', 'TPP', '1');
INSERT INTO `ocksena_zone` (`zone_id`, `country_id`, `name`, `code`, `status`) VALUES ('2835', '179', 'Anse-la-Raye', 'AR', '1');
INSERT INTO `ocksena_zone` (`zone_id`, `country_id`, `name`, `code`, `status`) VALUES ('2836', '179', 'Castries', 'CA', '1');
INSERT INTO `ocksena_zone` (`zone_id`, `country_id`, `name`, `code`, `status`) VALUES ('2837', '179', 'Choiseul', 'CH', '1');
INSERT INTO `ocksena_zone` (`zone_id`, `country_id`, `name`, `code`, `status`) VALUES ('2838', '179', 'Dauphin', 'DA', '1');
INSERT INTO `ocksena_zone` (`zone_id`, `country_id`, `name`, `code`, `status`) VALUES ('2839', '179', 'Dennery', 'DE', '1');
INSERT INTO `ocksena_zone` (`zone_id`, `country_id`, `name`, `code`, `status`) VALUES ('2840', '179', 'Gros-Islet', 'GI', '1');
INSERT INTO `ocksena_zone` (`zone_id`, `country_id`, `name`, `code`, `status`) VALUES ('2841', '179', 'Laborie', 'LA', '1');
INSERT INTO `ocksena_zone` (`zone_id`, `country_id`, `name`, `code`, `status`) VALUES ('2842', '179', 'Micoud', 'MI', '1');
INSERT INTO `ocksena_zone` (`zone_id`, `country_id`, `name`, `code`, `status`) VALUES ('2843', '179', 'Praslin', 'PR', '1');
INSERT INTO `ocksena_zone` (`zone_id`, `country_id`, `name`, `code`, `status`) VALUES ('2844', '179', 'Soufriere', 'SO', '1');
INSERT INTO `ocksena_zone` (`zone_id`, `country_id`, `name`, `code`, `status`) VALUES ('2845', '179', 'Vieux-Fort', 'VF', '1');
INSERT INTO `ocksena_zone` (`zone_id`, `country_id`, `name`, `code`, `status`) VALUES ('2846', '180', 'Charlotte', 'C', '1');
INSERT INTO `ocksena_zone` (`zone_id`, `country_id`, `name`, `code`, `status`) VALUES ('2847', '180', 'Grenadines', 'R', '1');
INSERT INTO `ocksena_zone` (`zone_id`, `country_id`, `name`, `code`, `status`) VALUES ('2848', '180', 'Saint Andrew', 'A', '1');
INSERT INTO `ocksena_zone` (`zone_id`, `country_id`, `name`, `code`, `status`) VALUES ('2849', '180', 'Saint David', 'D', '1');
INSERT INTO `ocksena_zone` (`zone_id`, `country_id`, `name`, `code`, `status`) VALUES ('2850', '180', 'Saint George', 'G', '1');
INSERT INTO `ocksena_zone` (`zone_id`, `country_id`, `name`, `code`, `status`) VALUES ('2851', '180', 'Saint Patrick', 'P', '1');
INSERT INTO `ocksena_zone` (`zone_id`, `country_id`, `name`, `code`, `status`) VALUES ('2852', '181', 'A\'ana', 'AN', '1');
INSERT INTO `ocksena_zone` (`zone_id`, `country_id`, `name`, `code`, `status`) VALUES ('2853', '181', 'Aiga-i-le-Tai', 'AI', '1');
INSERT INTO `ocksena_zone` (`zone_id`, `country_id`, `name`, `code`, `status`) VALUES ('2854', '181', 'Atua', 'AT', '1');
INSERT INTO `ocksena_zone` (`zone_id`, `country_id`, `name`, `code`, `status`) VALUES ('2855', '181', 'Fa\'asaleleaga', 'FA', '1');
INSERT INTO `ocksena_zone` (`zone_id`, `country_id`, `name`, `code`, `status`) VALUES ('2856', '181', 'Gaga\'emauga', 'GE', '1');
INSERT INTO `ocksena_zone` (`zone_id`, `country_id`, `name`, `code`, `status`) VALUES ('2857', '181', 'Gagaifomauga', 'GF', '1');
INSERT INTO `ocksena_zone` (`zone_id`, `country_id`, `name`, `code`, `status`) VALUES ('2858', '181', 'Palauli', 'PA', '1');
INSERT INTO `ocksena_zone` (`zone_id`, `country_id`, `name`, `code`, `status`) VALUES ('2859', '181', 'Satupa\'itea', 'SA', '1');
INSERT INTO `ocksena_zone` (`zone_id`, `country_id`, `name`, `code`, `status`) VALUES ('2860', '181', 'Tuamasaga', 'TU', '1');
INSERT INTO `ocksena_zone` (`zone_id`, `country_id`, `name`, `code`, `status`) VALUES ('2861', '181', 'Va\'a-o-Fonoti', 'VF', '1');
INSERT INTO `ocksena_zone` (`zone_id`, `country_id`, `name`, `code`, `status`) VALUES ('2862', '181', 'Vaisigano', 'VS', '1');
INSERT INTO `ocksena_zone` (`zone_id`, `country_id`, `name`, `code`, `status`) VALUES ('2863', '182', 'Acquaviva', 'AC', '1');
INSERT INTO `ocksena_zone` (`zone_id`, `country_id`, `name`, `code`, `status`) VALUES ('2864', '182', 'Borgo Maggiore', 'BM', '1');
INSERT INTO `ocksena_zone` (`zone_id`, `country_id`, `name`, `code`, `status`) VALUES ('2865', '182', 'Chiesanuova', 'CH', '1');
INSERT INTO `ocksena_zone` (`zone_id`, `country_id`, `name`, `code`, `status`) VALUES ('2866', '182', 'Domagnano', 'DO', '1');
INSERT INTO `ocksena_zone` (`zone_id`, `country_id`, `name`, `code`, `status`) VALUES ('2867', '182', 'Faetano', 'FA', '1');
INSERT INTO `ocksena_zone` (`zone_id`, `country_id`, `name`, `code`, `status`) VALUES ('2868', '182', 'Fiorentino', 'FI', '1');
INSERT INTO `ocksena_zone` (`zone_id`, `country_id`, `name`, `code`, `status`) VALUES ('2869', '182', 'Montegiardino', 'MO', '1');
INSERT INTO `ocksena_zone` (`zone_id`, `country_id`, `name`, `code`, `status`) VALUES ('2870', '182', 'Citta di San Marino', 'SM', '1');
INSERT INTO `ocksena_zone` (`zone_id`, `country_id`, `name`, `code`, `status`) VALUES ('2871', '182', 'Serravalle', 'SE', '1');
INSERT INTO `ocksena_zone` (`zone_id`, `country_id`, `name`, `code`, `status`) VALUES ('2872', '183', 'Sao Tome', 'S', '1');
INSERT INTO `ocksena_zone` (`zone_id`, `country_id`, `name`, `code`, `status`) VALUES ('2873', '183', 'Principe', 'P', '1');
INSERT INTO `ocksena_zone` (`zone_id`, `country_id`, `name`, `code`, `status`) VALUES ('2874', '184', 'Al Bahah', 'BH', '1');
INSERT INTO `ocksena_zone` (`zone_id`, `country_id`, `name`, `code`, `status`) VALUES ('2875', '184', 'Al Hudud ash Shamaliyah', 'HS', '1');
INSERT INTO `ocksena_zone` (`zone_id`, `country_id`, `name`, `code`, `status`) VALUES ('2876', '184', 'Al Jawf', 'JF', '1');
INSERT INTO `ocksena_zone` (`zone_id`, `country_id`, `name`, `code`, `status`) VALUES ('2877', '184', 'Al Madinah', 'MD', '1');
INSERT INTO `ocksena_zone` (`zone_id`, `country_id`, `name`, `code`, `status`) VALUES ('2878', '184', 'Al Qasim', 'QS', '1');
INSERT INTO `ocksena_zone` (`zone_id`, `country_id`, `name`, `code`, `status`) VALUES ('2879', '184', 'Ar Riyad', 'RD', '1');
INSERT INTO `ocksena_zone` (`zone_id`, `country_id`, `name`, `code`, `status`) VALUES ('2880', '184', 'Ash Sharqiyah (Eastern)', 'AQ', '1');
INSERT INTO `ocksena_zone` (`zone_id`, `country_id`, `name`, `code`, `status`) VALUES ('2881', '184', '\'Asir', 'AS', '1');
INSERT INTO `ocksena_zone` (`zone_id`, `country_id`, `name`, `code`, `status`) VALUES ('2882', '184', 'Ha\'il', 'HL', '1');
INSERT INTO `ocksena_zone` (`zone_id`, `country_id`, `name`, `code`, `status`) VALUES ('2883', '184', 'Jizan', 'JZ', '1');
INSERT INTO `ocksena_zone` (`zone_id`, `country_id`, `name`, `code`, `status`) VALUES ('2884', '184', 'Makkah', 'ML', '1');
INSERT INTO `ocksena_zone` (`zone_id`, `country_id`, `name`, `code`, `status`) VALUES ('2885', '184', 'Najran', 'NR', '1');
INSERT INTO `ocksena_zone` (`zone_id`, `country_id`, `name`, `code`, `status`) VALUES ('2886', '184', 'Tabuk', 'TB', '1');
INSERT INTO `ocksena_zone` (`zone_id`, `country_id`, `name`, `code`, `status`) VALUES ('2887', '185', 'Dakar', 'DA', '1');
INSERT INTO `ocksena_zone` (`zone_id`, `country_id`, `name`, `code`, `status`) VALUES ('2888', '185', 'Diourbel', 'DI', '1');
INSERT INTO `ocksena_zone` (`zone_id`, `country_id`, `name`, `code`, `status`) VALUES ('2889', '185', 'Fatick', 'FA', '1');
INSERT INTO `ocksena_zone` (`zone_id`, `country_id`, `name`, `code`, `status`) VALUES ('2890', '185', 'Kaolack', 'KA', '1');
INSERT INTO `ocksena_zone` (`zone_id`, `country_id`, `name`, `code`, `status`) VALUES ('2891', '185', 'Kolda', 'KO', '1');
INSERT INTO `ocksena_zone` (`zone_id`, `country_id`, `name`, `code`, `status`) VALUES ('2892', '185', 'Louga', 'LO', '1');
INSERT INTO `ocksena_zone` (`zone_id`, `country_id`, `name`, `code`, `status`) VALUES ('2893', '185', 'Matam', 'MA', '1');
INSERT INTO `ocksena_zone` (`zone_id`, `country_id`, `name`, `code`, `status`) VALUES ('2894', '185', 'Saint-Louis', 'SL', '1');
INSERT INTO `ocksena_zone` (`zone_id`, `country_id`, `name`, `code`, `status`) VALUES ('2895', '185', 'Tambacounda', 'TA', '1');
INSERT INTO `ocksena_zone` (`zone_id`, `country_id`, `name`, `code`, `status`) VALUES ('2896', '185', 'Thies', 'TH', '1');
INSERT INTO `ocksena_zone` (`zone_id`, `country_id`, `name`, `code`, `status`) VALUES ('2897', '185', 'Ziguinchor', 'ZI', '1');
INSERT INTO `ocksena_zone` (`zone_id`, `country_id`, `name`, `code`, `status`) VALUES ('2898', '186', 'Anse aux Pins', 'AP', '1');
INSERT INTO `ocksena_zone` (`zone_id`, `country_id`, `name`, `code`, `status`) VALUES ('2899', '186', 'Anse Boileau', 'AB', '1');
INSERT INTO `ocksena_zone` (`zone_id`, `country_id`, `name`, `code`, `status`) VALUES ('2900', '186', 'Anse Etoile', 'AE', '1');
INSERT INTO `ocksena_zone` (`zone_id`, `country_id`, `name`, `code`, `status`) VALUES ('2901', '186', 'Anse Louis', 'AL', '1');
INSERT INTO `ocksena_zone` (`zone_id`, `country_id`, `name`, `code`, `status`) VALUES ('2902', '186', 'Anse Royale', 'AR', '1');
INSERT INTO `ocksena_zone` (`zone_id`, `country_id`, `name`, `code`, `status`) VALUES ('2903', '186', 'Baie Lazare', 'BL', '1');
INSERT INTO `ocksena_zone` (`zone_id`, `country_id`, `name`, `code`, `status`) VALUES ('2904', '186', 'Baie Sainte Anne', 'BS', '1');
INSERT INTO `ocksena_zone` (`zone_id`, `country_id`, `name`, `code`, `status`) VALUES ('2905', '186', 'Beau Vallon', 'BV', '1');
INSERT INTO `ocksena_zone` (`zone_id`, `country_id`, `name`, `code`, `status`) VALUES ('2906', '186', 'Bel Air', 'BA', '1');
INSERT INTO `ocksena_zone` (`zone_id`, `country_id`, `name`, `code`, `status`) VALUES ('2907', '186', 'Bel Ombre', 'BO', '1');
INSERT INTO `ocksena_zone` (`zone_id`, `country_id`, `name`, `code`, `status`) VALUES ('2908', '186', 'Cascade', 'CA', '1');
INSERT INTO `ocksena_zone` (`zone_id`, `country_id`, `name`, `code`, `status`) VALUES ('2909', '186', 'Glacis', 'GL', '1');
INSERT INTO `ocksena_zone` (`zone_id`, `country_id`, `name`, `code`, `status`) VALUES ('2910', '186', 'Grand\' Anse (on Mahe)', 'GM', '1');
INSERT INTO `ocksena_zone` (`zone_id`, `country_id`, `name`, `code`, `status`) VALUES ('2911', '186', 'Grand\' Anse (on Praslin)', 'GP', '1');
INSERT INTO `ocksena_zone` (`zone_id`, `country_id`, `name`, `code`, `status`) VALUES ('2912', '186', 'La Digue', 'DG', '1');
INSERT INTO `ocksena_zone` (`zone_id`, `country_id`, `name`, `code`, `status`) VALUES ('2913', '186', 'La Riviere Anglaise', 'RA', '1');
INSERT INTO `ocksena_zone` (`zone_id`, `country_id`, `name`, `code`, `status`) VALUES ('2914', '186', 'Mont Buxton', 'MB', '1');
INSERT INTO `ocksena_zone` (`zone_id`, `country_id`, `name`, `code`, `status`) VALUES ('2915', '186', 'Mont Fleuri', 'MF', '1');
INSERT INTO `ocksena_zone` (`zone_id`, `country_id`, `name`, `code`, `status`) VALUES ('2916', '186', 'Plaisance', 'PL', '1');
INSERT INTO `ocksena_zone` (`zone_id`, `country_id`, `name`, `code`, `status`) VALUES ('2917', '186', 'Pointe La Rue', 'PR', '1');
INSERT INTO `ocksena_zone` (`zone_id`, `country_id`, `name`, `code`, `status`) VALUES ('2918', '186', 'Port Glaud', 'PG', '1');
INSERT INTO `ocksena_zone` (`zone_id`, `country_id`, `name`, `code`, `status`) VALUES ('2919', '186', 'Saint Louis', 'SL', '1');
INSERT INTO `ocksena_zone` (`zone_id`, `country_id`, `name`, `code`, `status`) VALUES ('2920', '186', 'Takamaka', 'TA', '1');
INSERT INTO `ocksena_zone` (`zone_id`, `country_id`, `name`, `code`, `status`) VALUES ('2921', '187', 'Eastern', 'E', '1');
INSERT INTO `ocksena_zone` (`zone_id`, `country_id`, `name`, `code`, `status`) VALUES ('2922', '187', 'Northern', 'N', '1');
INSERT INTO `ocksena_zone` (`zone_id`, `country_id`, `name`, `code`, `status`) VALUES ('2923', '187', 'Southern', 'S', '1');
INSERT INTO `ocksena_zone` (`zone_id`, `country_id`, `name`, `code`, `status`) VALUES ('2924', '187', 'Western', 'W', '1');
INSERT INTO `ocksena_zone` (`zone_id`, `country_id`, `name`, `code`, `status`) VALUES ('2925', '189', 'Banskobystrický', 'BA', '1');
INSERT INTO `ocksena_zone` (`zone_id`, `country_id`, `name`, `code`, `status`) VALUES ('2926', '189', 'Bratislavský', 'BR', '1');
INSERT INTO `ocksena_zone` (`zone_id`, `country_id`, `name`, `code`, `status`) VALUES ('2927', '189', 'Košický', 'KO', '1');
INSERT INTO `ocksena_zone` (`zone_id`, `country_id`, `name`, `code`, `status`) VALUES ('2928', '189', 'Nitriansky', 'NI', '1');
INSERT INTO `ocksena_zone` (`zone_id`, `country_id`, `name`, `code`, `status`) VALUES ('2929', '189', 'Prešovský', 'PR', '1');
INSERT INTO `ocksena_zone` (`zone_id`, `country_id`, `name`, `code`, `status`) VALUES ('2930', '189', 'Trenčiansky', 'TC', '1');
INSERT INTO `ocksena_zone` (`zone_id`, `country_id`, `name`, `code`, `status`) VALUES ('2931', '189', 'Trnavský', 'TV', '1');
INSERT INTO `ocksena_zone` (`zone_id`, `country_id`, `name`, `code`, `status`) VALUES ('2932', '189', 'Žilinský', 'ZI', '1');
INSERT INTO `ocksena_zone` (`zone_id`, `country_id`, `name`, `code`, `status`) VALUES ('2933', '191', 'Central', 'CE', '1');
INSERT INTO `ocksena_zone` (`zone_id`, `country_id`, `name`, `code`, `status`) VALUES ('2934', '191', 'Choiseul', 'CH', '1');
INSERT INTO `ocksena_zone` (`zone_id`, `country_id`, `name`, `code`, `status`) VALUES ('2935', '191', 'Guadalcanal', 'GC', '1');
INSERT INTO `ocksena_zone` (`zone_id`, `country_id`, `name`, `code`, `status`) VALUES ('2936', '191', 'Honiara', 'HO', '1');
INSERT INTO `ocksena_zone` (`zone_id`, `country_id`, `name`, `code`, `status`) VALUES ('2937', '191', 'Isabel', 'IS', '1');
INSERT INTO `ocksena_zone` (`zone_id`, `country_id`, `name`, `code`, `status`) VALUES ('2938', '191', 'Makira', 'MK', '1');
INSERT INTO `ocksena_zone` (`zone_id`, `country_id`, `name`, `code`, `status`) VALUES ('2939', '191', 'Malaita', 'ML', '1');
INSERT INTO `ocksena_zone` (`zone_id`, `country_id`, `name`, `code`, `status`) VALUES ('2940', '191', 'Rennell and Bellona', 'RB', '1');
INSERT INTO `ocksena_zone` (`zone_id`, `country_id`, `name`, `code`, `status`) VALUES ('2941', '191', 'Temotu', 'TM', '1');
INSERT INTO `ocksena_zone` (`zone_id`, `country_id`, `name`, `code`, `status`) VALUES ('2942', '191', 'Western', 'WE', '1');
INSERT INTO `ocksena_zone` (`zone_id`, `country_id`, `name`, `code`, `status`) VALUES ('2943', '192', 'Awdal', 'AW', '1');
INSERT INTO `ocksena_zone` (`zone_id`, `country_id`, `name`, `code`, `status`) VALUES ('2944', '192', 'Bakool', 'BK', '1');
INSERT INTO `ocksena_zone` (`zone_id`, `country_id`, `name`, `code`, `status`) VALUES ('2945', '192', 'Banaadir', 'BN', '1');
INSERT INTO `ocksena_zone` (`zone_id`, `country_id`, `name`, `code`, `status`) VALUES ('2946', '192', 'Bari', 'BR', '1');
INSERT INTO `ocksena_zone` (`zone_id`, `country_id`, `name`, `code`, `status`) VALUES ('2947', '192', 'Bay', 'BY', '1');
INSERT INTO `ocksena_zone` (`zone_id`, `country_id`, `name`, `code`, `status`) VALUES ('2948', '192', 'Galguduud', 'GA', '1');
INSERT INTO `ocksena_zone` (`zone_id`, `country_id`, `name`, `code`, `status`) VALUES ('2949', '192', 'Gedo', 'GE', '1');
INSERT INTO `ocksena_zone` (`zone_id`, `country_id`, `name`, `code`, `status`) VALUES ('2950', '192', 'Hiiraan', 'HI', '1');
INSERT INTO `ocksena_zone` (`zone_id`, `country_id`, `name`, `code`, `status`) VALUES ('2951', '192', 'Jubbada Dhexe', 'JD', '1');
INSERT INTO `ocksena_zone` (`zone_id`, `country_id`, `name`, `code`, `status`) VALUES ('2952', '192', 'Jubbada Hoose', 'JH', '1');
INSERT INTO `ocksena_zone` (`zone_id`, `country_id`, `name`, `code`, `status`) VALUES ('2953', '192', 'Mudug', 'MU', '1');
INSERT INTO `ocksena_zone` (`zone_id`, `country_id`, `name`, `code`, `status`) VALUES ('2954', '192', 'Nugaal', 'NU', '1');
INSERT INTO `ocksena_zone` (`zone_id`, `country_id`, `name`, `code`, `status`) VALUES ('2955', '192', 'Sanaag', 'SA', '1');
INSERT INTO `ocksena_zone` (`zone_id`, `country_id`, `name`, `code`, `status`) VALUES ('2956', '192', 'Shabeellaha Dhexe', 'SD', '1');
INSERT INTO `ocksena_zone` (`zone_id`, `country_id`, `name`, `code`, `status`) VALUES ('2957', '192', 'Shabeellaha Hoose', 'SH', '1');
INSERT INTO `ocksena_zone` (`zone_id`, `country_id`, `name`, `code`, `status`) VALUES ('2958', '192', 'Sool', 'SL', '1');
INSERT INTO `ocksena_zone` (`zone_id`, `country_id`, `name`, `code`, `status`) VALUES ('2959', '192', 'Togdheer', 'TO', '1');
INSERT INTO `ocksena_zone` (`zone_id`, `country_id`, `name`, `code`, `status`) VALUES ('2960', '192', 'Woqooyi Galbeed', 'WG', '1');
INSERT INTO `ocksena_zone` (`zone_id`, `country_id`, `name`, `code`, `status`) VALUES ('2961', '193', 'Eastern Cape', 'EC', '1');
INSERT INTO `ocksena_zone` (`zone_id`, `country_id`, `name`, `code`, `status`) VALUES ('2962', '193', 'Free State', 'FS', '1');
INSERT INTO `ocksena_zone` (`zone_id`, `country_id`, `name`, `code`, `status`) VALUES ('2963', '193', 'Gauteng', 'GT', '1');
INSERT INTO `ocksena_zone` (`zone_id`, `country_id`, `name`, `code`, `status`) VALUES ('2964', '193', 'KwaZulu-Natal', 'KN', '1');
INSERT INTO `ocksena_zone` (`zone_id`, `country_id`, `name`, `code`, `status`) VALUES ('2965', '193', 'Limpopo', 'LP', '1');
INSERT INTO `ocksena_zone` (`zone_id`, `country_id`, `name`, `code`, `status`) VALUES ('2966', '193', 'Mpumalanga', 'MP', '1');
INSERT INTO `ocksena_zone` (`zone_id`, `country_id`, `name`, `code`, `status`) VALUES ('2967', '193', 'North West', 'NW', '1');
INSERT INTO `ocksena_zone` (`zone_id`, `country_id`, `name`, `code`, `status`) VALUES ('2968', '193', 'Northern Cape', 'NC', '1');
INSERT INTO `ocksena_zone` (`zone_id`, `country_id`, `name`, `code`, `status`) VALUES ('2969', '193', 'Western Cape', 'WC', '1');
INSERT INTO `ocksena_zone` (`zone_id`, `country_id`, `name`, `code`, `status`) VALUES ('2970', '195', 'La Coru&ntilde;a', 'CA', '1');
INSERT INTO `ocksena_zone` (`zone_id`, `country_id`, `name`, `code`, `status`) VALUES ('2971', '195', '&Aacute;lava', 'AL', '1');
INSERT INTO `ocksena_zone` (`zone_id`, `country_id`, `name`, `code`, `status`) VALUES ('2972', '195', 'Albacete', 'AB', '1');
INSERT INTO `ocksena_zone` (`zone_id`, `country_id`, `name`, `code`, `status`) VALUES ('2973', '195', 'Alicante', 'AC', '1');
INSERT INTO `ocksena_zone` (`zone_id`, `country_id`, `name`, `code`, `status`) VALUES ('2974', '195', 'Almeria', 'AM', '1');
INSERT INTO `ocksena_zone` (`zone_id`, `country_id`, `name`, `code`, `status`) VALUES ('2975', '195', 'Asturias', 'AS', '1');
INSERT INTO `ocksena_zone` (`zone_id`, `country_id`, `name`, `code`, `status`) VALUES ('2976', '195', '&Aacute;vila', 'AV', '1');
INSERT INTO `ocksena_zone` (`zone_id`, `country_id`, `name`, `code`, `status`) VALUES ('2977', '195', 'Badajoz', 'BJ', '1');
INSERT INTO `ocksena_zone` (`zone_id`, `country_id`, `name`, `code`, `status`) VALUES ('2978', '195', 'Baleares', 'IB', '1');
INSERT INTO `ocksena_zone` (`zone_id`, `country_id`, `name`, `code`, `status`) VALUES ('2979', '195', 'Barcelona', 'BA', '1');
INSERT INTO `ocksena_zone` (`zone_id`, `country_id`, `name`, `code`, `status`) VALUES ('2980', '195', 'Burgos', 'BU', '1');
INSERT INTO `ocksena_zone` (`zone_id`, `country_id`, `name`, `code`, `status`) VALUES ('2981', '195', 'C&aacute;ceres', 'CC', '1');
INSERT INTO `ocksena_zone` (`zone_id`, `country_id`, `name`, `code`, `status`) VALUES ('2982', '195', 'C&aacute;diz', 'CZ', '1');
INSERT INTO `ocksena_zone` (`zone_id`, `country_id`, `name`, `code`, `status`) VALUES ('2983', '195', 'Cantabria', 'CT', '1');
INSERT INTO `ocksena_zone` (`zone_id`, `country_id`, `name`, `code`, `status`) VALUES ('2984', '195', 'Castell&oacute;n', 'CL', '1');
INSERT INTO `ocksena_zone` (`zone_id`, `country_id`, `name`, `code`, `status`) VALUES ('2985', '195', 'Ceuta', 'CE', '1');
INSERT INTO `ocksena_zone` (`zone_id`, `country_id`, `name`, `code`, `status`) VALUES ('2986', '195', 'Ciudad Real', 'CR', '1');
INSERT INTO `ocksena_zone` (`zone_id`, `country_id`, `name`, `code`, `status`) VALUES ('2987', '195', 'C&oacute;rdoba', 'CD', '1');
INSERT INTO `ocksena_zone` (`zone_id`, `country_id`, `name`, `code`, `status`) VALUES ('2988', '195', 'Cuenca', 'CU', '1');
INSERT INTO `ocksena_zone` (`zone_id`, `country_id`, `name`, `code`, `status`) VALUES ('2989', '195', 'Girona', 'GI', '1');
INSERT INTO `ocksena_zone` (`zone_id`, `country_id`, `name`, `code`, `status`) VALUES ('2990', '195', 'Granada', 'GD', '1');
INSERT INTO `ocksena_zone` (`zone_id`, `country_id`, `name`, `code`, `status`) VALUES ('2991', '195', 'Guadalajara', 'GJ', '1');
INSERT INTO `ocksena_zone` (`zone_id`, `country_id`, `name`, `code`, `status`) VALUES ('2992', '195', 'Guip&uacute;zcoa', 'GP', '1');
INSERT INTO `ocksena_zone` (`zone_id`, `country_id`, `name`, `code`, `status`) VALUES ('2993', '195', 'Huelva', 'HL', '1');
INSERT INTO `ocksena_zone` (`zone_id`, `country_id`, `name`, `code`, `status`) VALUES ('2994', '195', 'Huesca', 'HS', '1');
INSERT INTO `ocksena_zone` (`zone_id`, `country_id`, `name`, `code`, `status`) VALUES ('2995', '195', 'Ja&eacute;n', 'JN', '1');
INSERT INTO `ocksena_zone` (`zone_id`, `country_id`, `name`, `code`, `status`) VALUES ('2996', '195', 'La Rioja', 'RJ', '1');
INSERT INTO `ocksena_zone` (`zone_id`, `country_id`, `name`, `code`, `status`) VALUES ('2997', '195', 'Las Palmas', 'PM', '1');
INSERT INTO `ocksena_zone` (`zone_id`, `country_id`, `name`, `code`, `status`) VALUES ('2998', '195', 'Leon', 'LE', '1');
INSERT INTO `ocksena_zone` (`zone_id`, `country_id`, `name`, `code`, `status`) VALUES ('2999', '195', 'Lleida', 'LL', '1');
INSERT INTO `ocksena_zone` (`zone_id`, `country_id`, `name`, `code`, `status`) VALUES ('3000', '195', 'Lugo', 'LG', '1');
INSERT INTO `ocksena_zone` (`zone_id`, `country_id`, `name`, `code`, `status`) VALUES ('3001', '195', 'Madrid', 'MD', '1');
INSERT INTO `ocksena_zone` (`zone_id`, `country_id`, `name`, `code`, `status`) VALUES ('3002', '195', 'Malaga', 'MA', '1');
INSERT INTO `ocksena_zone` (`zone_id`, `country_id`, `name`, `code`, `status`) VALUES ('3003', '195', 'Melilla', 'ML', '1');
INSERT INTO `ocksena_zone` (`zone_id`, `country_id`, `name`, `code`, `status`) VALUES ('3004', '195', 'Murcia', 'MU', '1');
INSERT INTO `ocksena_zone` (`zone_id`, `country_id`, `name`, `code`, `status`) VALUES ('3005', '195', 'Navarra', 'NV', '1');
INSERT INTO `ocksena_zone` (`zone_id`, `country_id`, `name`, `code`, `status`) VALUES ('3006', '195', 'Ourense', 'OU', '1');
INSERT INTO `ocksena_zone` (`zone_id`, `country_id`, `name`, `code`, `status`) VALUES ('3007', '195', 'Palencia', 'PL', '1');
INSERT INTO `ocksena_zone` (`zone_id`, `country_id`, `name`, `code`, `status`) VALUES ('3008', '195', 'Pontevedra', 'PO', '1');
INSERT INTO `ocksena_zone` (`zone_id`, `country_id`, `name`, `code`, `status`) VALUES ('3009', '195', 'Salamanca', 'SL', '1');
INSERT INTO `ocksena_zone` (`zone_id`, `country_id`, `name`, `code`, `status`) VALUES ('3010', '195', 'Santa Cruz de Tenerife', 'SC', '1');
INSERT INTO `ocksena_zone` (`zone_id`, `country_id`, `name`, `code`, `status`) VALUES ('3011', '195', 'Segovia', 'SG', '1');
INSERT INTO `ocksena_zone` (`zone_id`, `country_id`, `name`, `code`, `status`) VALUES ('3012', '195', 'Sevilla', 'SV', '1');
INSERT INTO `ocksena_zone` (`zone_id`, `country_id`, `name`, `code`, `status`) VALUES ('3013', '195', 'Soria', 'SO', '1');
INSERT INTO `ocksena_zone` (`zone_id`, `country_id`, `name`, `code`, `status`) VALUES ('3014', '195', 'Tarragona', 'TA', '1');
INSERT INTO `ocksena_zone` (`zone_id`, `country_id`, `name`, `code`, `status`) VALUES ('3015', '195', 'Teruel', 'TE', '1');
INSERT INTO `ocksena_zone` (`zone_id`, `country_id`, `name`, `code`, `status`) VALUES ('3016', '195', 'Toledo', 'TO', '1');
INSERT INTO `ocksena_zone` (`zone_id`, `country_id`, `name`, `code`, `status`) VALUES ('3017', '195', 'Valencia', 'VC', '1');
INSERT INTO `ocksena_zone` (`zone_id`, `country_id`, `name`, `code`, `status`) VALUES ('3018', '195', 'Valladolid', 'VD', '1');
INSERT INTO `ocksena_zone` (`zone_id`, `country_id`, `name`, `code`, `status`) VALUES ('3019', '195', 'Vizcaya', 'VZ', '1');
INSERT INTO `ocksena_zone` (`zone_id`, `country_id`, `name`, `code`, `status`) VALUES ('3020', '195', 'Zamora', 'ZM', '1');
INSERT INTO `ocksena_zone` (`zone_id`, `country_id`, `name`, `code`, `status`) VALUES ('3021', '195', 'Zaragoza', 'ZR', '1');
INSERT INTO `ocksena_zone` (`zone_id`, `country_id`, `name`, `code`, `status`) VALUES ('3022', '196', 'Central', 'CE', '1');
INSERT INTO `ocksena_zone` (`zone_id`, `country_id`, `name`, `code`, `status`) VALUES ('3023', '196', 'Eastern', 'EA', '1');
INSERT INTO `ocksena_zone` (`zone_id`, `country_id`, `name`, `code`, `status`) VALUES ('3024', '196', 'North Central', 'NC', '1');
INSERT INTO `ocksena_zone` (`zone_id`, `country_id`, `name`, `code`, `status`) VALUES ('3025', '196', 'Northern', 'NO', '1');
INSERT INTO `ocksena_zone` (`zone_id`, `country_id`, `name`, `code`, `status`) VALUES ('3026', '196', 'North Western', 'NW', '1');
INSERT INTO `ocksena_zone` (`zone_id`, `country_id`, `name`, `code`, `status`) VALUES ('3027', '196', 'Sabaragamuwa', 'SA', '1');
INSERT INTO `ocksena_zone` (`zone_id`, `country_id`, `name`, `code`, `status`) VALUES ('3028', '196', 'Southern', 'SO', '1');
INSERT INTO `ocksena_zone` (`zone_id`, `country_id`, `name`, `code`, `status`) VALUES ('3029', '196', 'Uva', 'UV', '1');
INSERT INTO `ocksena_zone` (`zone_id`, `country_id`, `name`, `code`, `status`) VALUES ('3030', '196', 'Western', 'WE', '1');
INSERT INTO `ocksena_zone` (`zone_id`, `country_id`, `name`, `code`, `status`) VALUES ('3031', '197', 'Ascension', 'A', '1');
INSERT INTO `ocksena_zone` (`zone_id`, `country_id`, `name`, `code`, `status`) VALUES ('3032', '197', 'Saint Helena', 'S', '1');
INSERT INTO `ocksena_zone` (`zone_id`, `country_id`, `name`, `code`, `status`) VALUES ('3033', '197', 'Tristan da Cunha', 'T', '1');
INSERT INTO `ocksena_zone` (`zone_id`, `country_id`, `name`, `code`, `status`) VALUES ('3034', '199', 'A\'ali an Nil', 'ANL', '1');
INSERT INTO `ocksena_zone` (`zone_id`, `country_id`, `name`, `code`, `status`) VALUES ('3035', '199', 'Al Bahr al Ahmar', 'BAM', '1');
INSERT INTO `ocksena_zone` (`zone_id`, `country_id`, `name`, `code`, `status`) VALUES ('3036', '199', 'Al Buhayrat', 'BRT', '1');
INSERT INTO `ocksena_zone` (`zone_id`, `country_id`, `name`, `code`, `status`) VALUES ('3037', '199', 'Al Jazirah', 'JZR', '1');
INSERT INTO `ocksena_zone` (`zone_id`, `country_id`, `name`, `code`, `status`) VALUES ('3038', '199', 'Al Khartum', 'KRT', '1');
INSERT INTO `ocksena_zone` (`zone_id`, `country_id`, `name`, `code`, `status`) VALUES ('3039', '199', 'Al Qadarif', 'QDR', '1');
INSERT INTO `ocksena_zone` (`zone_id`, `country_id`, `name`, `code`, `status`) VALUES ('3040', '199', 'Al Wahdah', 'WDH', '1');
INSERT INTO `ocksena_zone` (`zone_id`, `country_id`, `name`, `code`, `status`) VALUES ('3041', '199', 'An Nil al Abyad', 'ANB', '1');
INSERT INTO `ocksena_zone` (`zone_id`, `country_id`, `name`, `code`, `status`) VALUES ('3042', '199', 'An Nil al Azraq', 'ANZ', '1');
INSERT INTO `ocksena_zone` (`zone_id`, `country_id`, `name`, `code`, `status`) VALUES ('3043', '199', 'Ash Shamaliyah', 'ASH', '1');
INSERT INTO `ocksena_zone` (`zone_id`, `country_id`, `name`, `code`, `status`) VALUES ('3044', '199', 'Bahr al Jabal', 'BJA', '1');
INSERT INTO `ocksena_zone` (`zone_id`, `country_id`, `name`, `code`, `status`) VALUES ('3045', '199', 'Gharb al Istiwa\'iyah', 'GIS', '1');
INSERT INTO `ocksena_zone` (`zone_id`, `country_id`, `name`, `code`, `status`) VALUES ('3046', '199', 'Gharb Bahr al Ghazal', 'GBG', '1');
INSERT INTO `ocksena_zone` (`zone_id`, `country_id`, `name`, `code`, `status`) VALUES ('3047', '199', 'Gharb Darfur', 'GDA', '1');
INSERT INTO `ocksena_zone` (`zone_id`, `country_id`, `name`, `code`, `status`) VALUES ('3048', '199', 'Gharb Kurdufan', 'GKU', '1');
INSERT INTO `ocksena_zone` (`zone_id`, `country_id`, `name`, `code`, `status`) VALUES ('3049', '199', 'Janub Darfur', 'JDA', '1');
INSERT INTO `ocksena_zone` (`zone_id`, `country_id`, `name`, `code`, `status`) VALUES ('3050', '199', 'Janub Kurdufan', 'JKU', '1');
INSERT INTO `ocksena_zone` (`zone_id`, `country_id`, `name`, `code`, `status`) VALUES ('3051', '199', 'Junqali', 'JQL', '1');
INSERT INTO `ocksena_zone` (`zone_id`, `country_id`, `name`, `code`, `status`) VALUES ('3052', '199', 'Kassala', 'KSL', '1');
INSERT INTO `ocksena_zone` (`zone_id`, `country_id`, `name`, `code`, `status`) VALUES ('3053', '199', 'Nahr an Nil', 'NNL', '1');
INSERT INTO `ocksena_zone` (`zone_id`, `country_id`, `name`, `code`, `status`) VALUES ('3054', '199', 'Shamal Bahr al Ghazal', 'SBG', '1');
INSERT INTO `ocksena_zone` (`zone_id`, `country_id`, `name`, `code`, `status`) VALUES ('3055', '199', 'Shamal Darfur', 'SDA', '1');
INSERT INTO `ocksena_zone` (`zone_id`, `country_id`, `name`, `code`, `status`) VALUES ('3056', '199', 'Shamal Kurdufan', 'SKU', '1');
INSERT INTO `ocksena_zone` (`zone_id`, `country_id`, `name`, `code`, `status`) VALUES ('3057', '199', 'Sharq al Istiwa\'iyah', 'SIS', '1');
INSERT INTO `ocksena_zone` (`zone_id`, `country_id`, `name`, `code`, `status`) VALUES ('3058', '199', 'Sinnar', 'SNR', '1');
INSERT INTO `ocksena_zone` (`zone_id`, `country_id`, `name`, `code`, `status`) VALUES ('3059', '199', 'Warab', 'WRB', '1');
INSERT INTO `ocksena_zone` (`zone_id`, `country_id`, `name`, `code`, `status`) VALUES ('3060', '200', 'Brokopondo', 'BR', '1');
INSERT INTO `ocksena_zone` (`zone_id`, `country_id`, `name`, `code`, `status`) VALUES ('3061', '200', 'Commewijne', 'CM', '1');
INSERT INTO `ocksena_zone` (`zone_id`, `country_id`, `name`, `code`, `status`) VALUES ('3062', '200', 'Coronie', 'CR', '1');
INSERT INTO `ocksena_zone` (`zone_id`, `country_id`, `name`, `code`, `status`) VALUES ('3063', '200', 'Marowijne', 'MA', '1');
INSERT INTO `ocksena_zone` (`zone_id`, `country_id`, `name`, `code`, `status`) VALUES ('3064', '200', 'Nickerie', 'NI', '1');
INSERT INTO `ocksena_zone` (`zone_id`, `country_id`, `name`, `code`, `status`) VALUES ('3065', '200', 'Para', 'PA', '1');
INSERT INTO `ocksena_zone` (`zone_id`, `country_id`, `name`, `code`, `status`) VALUES ('3066', '200', 'Paramaribo', 'PM', '1');
INSERT INTO `ocksena_zone` (`zone_id`, `country_id`, `name`, `code`, `status`) VALUES ('3067', '200', 'Saramacca', 'SA', '1');
INSERT INTO `ocksena_zone` (`zone_id`, `country_id`, `name`, `code`, `status`) VALUES ('3068', '200', 'Sipaliwini', 'SI', '1');
INSERT INTO `ocksena_zone` (`zone_id`, `country_id`, `name`, `code`, `status`) VALUES ('3069', '200', 'Wanica', 'WA', '1');
INSERT INTO `ocksena_zone` (`zone_id`, `country_id`, `name`, `code`, `status`) VALUES ('3070', '202', 'Hhohho', 'H', '1');
INSERT INTO `ocksena_zone` (`zone_id`, `country_id`, `name`, `code`, `status`) VALUES ('3071', '202', 'Lubombo', 'L', '1');
INSERT INTO `ocksena_zone` (`zone_id`, `country_id`, `name`, `code`, `status`) VALUES ('3072', '202', 'Manzini', 'M', '1');
INSERT INTO `ocksena_zone` (`zone_id`, `country_id`, `name`, `code`, `status`) VALUES ('3073', '202', 'Shishelweni', 'S', '1');
INSERT INTO `ocksena_zone` (`zone_id`, `country_id`, `name`, `code`, `status`) VALUES ('3074', '203', 'Blekinge', 'K', '1');
INSERT INTO `ocksena_zone` (`zone_id`, `country_id`, `name`, `code`, `status`) VALUES ('3075', '203', 'Dalarna', 'W', '1');
INSERT INTO `ocksena_zone` (`zone_id`, `country_id`, `name`, `code`, `status`) VALUES ('3076', '203', 'G&auml;vleborg', 'X', '1');
INSERT INTO `ocksena_zone` (`zone_id`, `country_id`, `name`, `code`, `status`) VALUES ('3077', '203', 'Gotland', 'I', '1');
INSERT INTO `ocksena_zone` (`zone_id`, `country_id`, `name`, `code`, `status`) VALUES ('3078', '203', 'Halland', 'N', '1');
INSERT INTO `ocksena_zone` (`zone_id`, `country_id`, `name`, `code`, `status`) VALUES ('3079', '203', 'J&auml;mtland', 'Z', '1');
INSERT INTO `ocksena_zone` (`zone_id`, `country_id`, `name`, `code`, `status`) VALUES ('3080', '203', 'J&ouml;nk&ouml;ping', 'F', '1');
INSERT INTO `ocksena_zone` (`zone_id`, `country_id`, `name`, `code`, `status`) VALUES ('3081', '203', 'Kalmar', 'H', '1');
INSERT INTO `ocksena_zone` (`zone_id`, `country_id`, `name`, `code`, `status`) VALUES ('3082', '203', 'Kronoberg', 'G', '1');
INSERT INTO `ocksena_zone` (`zone_id`, `country_id`, `name`, `code`, `status`) VALUES ('3083', '203', 'Norrbotten', 'BD', '1');
INSERT INTO `ocksena_zone` (`zone_id`, `country_id`, `name`, `code`, `status`) VALUES ('3084', '203', '&Ouml;rebro', 'T', '1');
INSERT INTO `ocksena_zone` (`zone_id`, `country_id`, `name`, `code`, `status`) VALUES ('3085', '203', '&Ouml;sterg&ouml;tland', 'E', '1');
INSERT INTO `ocksena_zone` (`zone_id`, `country_id`, `name`, `code`, `status`) VALUES ('3086', '203', 'Sk&aring;ne', 'M', '1');
INSERT INTO `ocksena_zone` (`zone_id`, `country_id`, `name`, `code`, `status`) VALUES ('3087', '203', 'S&ouml;dermanland', 'D', '1');
INSERT INTO `ocksena_zone` (`zone_id`, `country_id`, `name`, `code`, `status`) VALUES ('3088', '203', 'Stockholm', 'AB', '1');
INSERT INTO `ocksena_zone` (`zone_id`, `country_id`, `name`, `code`, `status`) VALUES ('3089', '203', 'Uppsala', 'C', '1');
INSERT INTO `ocksena_zone` (`zone_id`, `country_id`, `name`, `code`, `status`) VALUES ('3090', '203', 'V&auml;rmland', 'S', '1');
INSERT INTO `ocksena_zone` (`zone_id`, `country_id`, `name`, `code`, `status`) VALUES ('3091', '203', 'V&auml;sterbotten', 'AC', '1');
INSERT INTO `ocksena_zone` (`zone_id`, `country_id`, `name`, `code`, `status`) VALUES ('3092', '203', 'V&auml;sternorrland', 'Y', '1');
INSERT INTO `ocksena_zone` (`zone_id`, `country_id`, `name`, `code`, `status`) VALUES ('3093', '203', 'V&auml;stmanland', 'U', '1');
INSERT INTO `ocksena_zone` (`zone_id`, `country_id`, `name`, `code`, `status`) VALUES ('3094', '203', 'V&auml;stra G&ouml;taland', 'O', '1');
INSERT INTO `ocksena_zone` (`zone_id`, `country_id`, `name`, `code`, `status`) VALUES ('3095', '204', 'Aargau', 'AG', '1');
INSERT INTO `ocksena_zone` (`zone_id`, `country_id`, `name`, `code`, `status`) VALUES ('3096', '204', 'Appenzell Ausserrhoden', 'AR', '1');
INSERT INTO `ocksena_zone` (`zone_id`, `country_id`, `name`, `code`, `status`) VALUES ('3097', '204', 'Appenzell Innerrhoden', 'AI', '1');
INSERT INTO `ocksena_zone` (`zone_id`, `country_id`, `name`, `code`, `status`) VALUES ('3098', '204', 'Basel-Stadt', 'BS', '1');
INSERT INTO `ocksena_zone` (`zone_id`, `country_id`, `name`, `code`, `status`) VALUES ('3099', '204', 'Basel-Landschaft', 'BL', '1');
INSERT INTO `ocksena_zone` (`zone_id`, `country_id`, `name`, `code`, `status`) VALUES ('3100', '204', 'Bern', 'BE', '1');
INSERT INTO `ocksena_zone` (`zone_id`, `country_id`, `name`, `code`, `status`) VALUES ('3101', '204', 'Fribourg', 'FR', '1');
INSERT INTO `ocksena_zone` (`zone_id`, `country_id`, `name`, `code`, `status`) VALUES ('3102', '204', 'Gen&egrave;ve', 'GE', '1');
INSERT INTO `ocksena_zone` (`zone_id`, `country_id`, `name`, `code`, `status`) VALUES ('3103', '204', 'Glarus', 'GL', '1');
INSERT INTO `ocksena_zone` (`zone_id`, `country_id`, `name`, `code`, `status`) VALUES ('3104', '204', 'Graub&uuml;nden', 'GR', '1');
INSERT INTO `ocksena_zone` (`zone_id`, `country_id`, `name`, `code`, `status`) VALUES ('3105', '204', 'Jura', 'JU', '1');
INSERT INTO `ocksena_zone` (`zone_id`, `country_id`, `name`, `code`, `status`) VALUES ('3106', '204', 'Luzern', 'LU', '1');
INSERT INTO `ocksena_zone` (`zone_id`, `country_id`, `name`, `code`, `status`) VALUES ('3107', '204', 'Neuch&acirc;tel', 'NE', '1');
INSERT INTO `ocksena_zone` (`zone_id`, `country_id`, `name`, `code`, `status`) VALUES ('3108', '204', 'Nidwald', 'NW', '1');
INSERT INTO `ocksena_zone` (`zone_id`, `country_id`, `name`, `code`, `status`) VALUES ('3109', '204', 'Obwald', 'OW', '1');
INSERT INTO `ocksena_zone` (`zone_id`, `country_id`, `name`, `code`, `status`) VALUES ('3110', '204', 'St. Gallen', 'SG', '1');
INSERT INTO `ocksena_zone` (`zone_id`, `country_id`, `name`, `code`, `status`) VALUES ('3111', '204', 'Schaffhausen', 'SH', '1');
INSERT INTO `ocksena_zone` (`zone_id`, `country_id`, `name`, `code`, `status`) VALUES ('3112', '204', 'Schwyz', 'SZ', '1');
INSERT INTO `ocksena_zone` (`zone_id`, `country_id`, `name`, `code`, `status`) VALUES ('3113', '204', 'Solothurn', 'SO', '1');
INSERT INTO `ocksena_zone` (`zone_id`, `country_id`, `name`, `code`, `status`) VALUES ('3114', '204', 'Thurgau', 'TG', '1');
INSERT INTO `ocksena_zone` (`zone_id`, `country_id`, `name`, `code`, `status`) VALUES ('3115', '204', 'Ticino', 'TI', '1');
INSERT INTO `ocksena_zone` (`zone_id`, `country_id`, `name`, `code`, `status`) VALUES ('3116', '204', 'Uri', 'UR', '1');
INSERT INTO `ocksena_zone` (`zone_id`, `country_id`, `name`, `code`, `status`) VALUES ('3117', '204', 'Valais', 'VS', '1');
INSERT INTO `ocksena_zone` (`zone_id`, `country_id`, `name`, `code`, `status`) VALUES ('3118', '204', 'Vaud', 'VD', '1');
INSERT INTO `ocksena_zone` (`zone_id`, `country_id`, `name`, `code`, `status`) VALUES ('3119', '204', 'Zug', 'ZG', '1');
INSERT INTO `ocksena_zone` (`zone_id`, `country_id`, `name`, `code`, `status`) VALUES ('3120', '204', 'Z&uuml;rich', 'ZH', '1');
INSERT INTO `ocksena_zone` (`zone_id`, `country_id`, `name`, `code`, `status`) VALUES ('3121', '205', 'Al Hasakah', 'HA', '1');
INSERT INTO `ocksena_zone` (`zone_id`, `country_id`, `name`, `code`, `status`) VALUES ('3122', '205', 'Al Ladhiqiyah', 'LA', '1');
INSERT INTO `ocksena_zone` (`zone_id`, `country_id`, `name`, `code`, `status`) VALUES ('3123', '205', 'Al Qunaytirah', 'QU', '1');
INSERT INTO `ocksena_zone` (`zone_id`, `country_id`, `name`, `code`, `status`) VALUES ('3124', '205', 'Ar Raqqah', 'RQ', '1');
INSERT INTO `ocksena_zone` (`zone_id`, `country_id`, `name`, `code`, `status`) VALUES ('3125', '205', 'As Suwayda', 'SU', '1');
INSERT INTO `ocksena_zone` (`zone_id`, `country_id`, `name`, `code`, `status`) VALUES ('3126', '205', 'Dara', 'DA', '1');
INSERT INTO `ocksena_zone` (`zone_id`, `country_id`, `name`, `code`, `status`) VALUES ('3127', '205', 'Dayr az Zawr', 'DZ', '1');
INSERT INTO `ocksena_zone` (`zone_id`, `country_id`, `name`, `code`, `status`) VALUES ('3128', '205', 'Dimashq', 'DI', '1');
INSERT INTO `ocksena_zone` (`zone_id`, `country_id`, `name`, `code`, `status`) VALUES ('3129', '205', 'Halab', 'HL', '1');
INSERT INTO `ocksena_zone` (`zone_id`, `country_id`, `name`, `code`, `status`) VALUES ('3130', '205', 'Hamah', 'HM', '1');
INSERT INTO `ocksena_zone` (`zone_id`, `country_id`, `name`, `code`, `status`) VALUES ('3131', '205', 'Hims', 'HI', '1');
INSERT INTO `ocksena_zone` (`zone_id`, `country_id`, `name`, `code`, `status`) VALUES ('3132', '205', 'Idlib', 'ID', '1');
INSERT INTO `ocksena_zone` (`zone_id`, `country_id`, `name`, `code`, `status`) VALUES ('3133', '205', 'Rif Dimashq', 'RD', '1');
INSERT INTO `ocksena_zone` (`zone_id`, `country_id`, `name`, `code`, `status`) VALUES ('3134', '205', 'Tartus', 'TA', '1');
INSERT INTO `ocksena_zone` (`zone_id`, `country_id`, `name`, `code`, `status`) VALUES ('3135', '206', 'Chang-hua', 'CH', '1');
INSERT INTO `ocksena_zone` (`zone_id`, `country_id`, `name`, `code`, `status`) VALUES ('3136', '206', 'Chia-i', 'CI', '1');
INSERT INTO `ocksena_zone` (`zone_id`, `country_id`, `name`, `code`, `status`) VALUES ('3137', '206', 'Hsin-chu', 'HS', '1');
INSERT INTO `ocksena_zone` (`zone_id`, `country_id`, `name`, `code`, `status`) VALUES ('3138', '206', 'Hua-lien', 'HL', '1');
INSERT INTO `ocksena_zone` (`zone_id`, `country_id`, `name`, `code`, `status`) VALUES ('3139', '206', 'I-lan', 'IL', '1');
INSERT INTO `ocksena_zone` (`zone_id`, `country_id`, `name`, `code`, `status`) VALUES ('3140', '206', 'Kao-hsiung county', 'KH', '1');
INSERT INTO `ocksena_zone` (`zone_id`, `country_id`, `name`, `code`, `status`) VALUES ('3141', '206', 'Kin-men', 'KM', '1');
INSERT INTO `ocksena_zone` (`zone_id`, `country_id`, `name`, `code`, `status`) VALUES ('3142', '206', 'Lien-chiang', 'LC', '1');
INSERT INTO `ocksena_zone` (`zone_id`, `country_id`, `name`, `code`, `status`) VALUES ('3143', '206', 'Miao-li', 'ML', '1');
INSERT INTO `ocksena_zone` (`zone_id`, `country_id`, `name`, `code`, `status`) VALUES ('3144', '206', 'Nan-t\'ou', 'NT', '1');
INSERT INTO `ocksena_zone` (`zone_id`, `country_id`, `name`, `code`, `status`) VALUES ('3145', '206', 'P\'eng-hu', 'PH', '1');
INSERT INTO `ocksena_zone` (`zone_id`, `country_id`, `name`, `code`, `status`) VALUES ('3146', '206', 'P\'ing-tung', 'PT', '1');
INSERT INTO `ocksena_zone` (`zone_id`, `country_id`, `name`, `code`, `status`) VALUES ('3147', '206', 'T\'ai-chung', 'TG', '1');
INSERT INTO `ocksena_zone` (`zone_id`, `country_id`, `name`, `code`, `status`) VALUES ('3148', '206', 'T\'ai-nan', 'TA', '1');
INSERT INTO `ocksena_zone` (`zone_id`, `country_id`, `name`, `code`, `status`) VALUES ('3149', '206', 'T\'ai-pei county', 'TP', '1');
INSERT INTO `ocksena_zone` (`zone_id`, `country_id`, `name`, `code`, `status`) VALUES ('3150', '206', 'T\'ai-tung', 'TT', '1');
INSERT INTO `ocksena_zone` (`zone_id`, `country_id`, `name`, `code`, `status`) VALUES ('3151', '206', 'T\'ao-yuan', 'TY', '1');
INSERT INTO `ocksena_zone` (`zone_id`, `country_id`, `name`, `code`, `status`) VALUES ('3152', '206', 'Yun-lin', 'YL', '1');
INSERT INTO `ocksena_zone` (`zone_id`, `country_id`, `name`, `code`, `status`) VALUES ('3153', '206', 'Chia-i city', 'CC', '1');
INSERT INTO `ocksena_zone` (`zone_id`, `country_id`, `name`, `code`, `status`) VALUES ('3154', '206', 'Chi-lung', 'CL', '1');
INSERT INTO `ocksena_zone` (`zone_id`, `country_id`, `name`, `code`, `status`) VALUES ('3155', '206', 'Hsin-chu', 'HC', '1');
INSERT INTO `ocksena_zone` (`zone_id`, `country_id`, `name`, `code`, `status`) VALUES ('3156', '206', 'T\'ai-chung', 'TH', '1');
INSERT INTO `ocksena_zone` (`zone_id`, `country_id`, `name`, `code`, `status`) VALUES ('3157', '206', 'T\'ai-nan', 'TN', '1');
INSERT INTO `ocksena_zone` (`zone_id`, `country_id`, `name`, `code`, `status`) VALUES ('3158', '206', 'Kao-hsiung city', 'KC', '1');
INSERT INTO `ocksena_zone` (`zone_id`, `country_id`, `name`, `code`, `status`) VALUES ('3159', '206', 'T\'ai-pei city', 'TC', '1');
INSERT INTO `ocksena_zone` (`zone_id`, `country_id`, `name`, `code`, `status`) VALUES ('3160', '207', 'Gorno-Badakhstan', 'GB', '1');
INSERT INTO `ocksena_zone` (`zone_id`, `country_id`, `name`, `code`, `status`) VALUES ('3161', '207', 'Khatlon', 'KT', '1');
INSERT INTO `ocksena_zone` (`zone_id`, `country_id`, `name`, `code`, `status`) VALUES ('3162', '207', 'Sughd', 'SU', '1');
INSERT INTO `ocksena_zone` (`zone_id`, `country_id`, `name`, `code`, `status`) VALUES ('3163', '208', 'Arusha', 'AR', '1');
INSERT INTO `ocksena_zone` (`zone_id`, `country_id`, `name`, `code`, `status`) VALUES ('3164', '208', 'Dar es Salaam', 'DS', '1');
INSERT INTO `ocksena_zone` (`zone_id`, `country_id`, `name`, `code`, `status`) VALUES ('3165', '208', 'Dodoma', 'DO', '1');
INSERT INTO `ocksena_zone` (`zone_id`, `country_id`, `name`, `code`, `status`) VALUES ('3166', '208', 'Iringa', 'IR', '1');
INSERT INTO `ocksena_zone` (`zone_id`, `country_id`, `name`, `code`, `status`) VALUES ('3167', '208', 'Kagera', 'KA', '1');
INSERT INTO `ocksena_zone` (`zone_id`, `country_id`, `name`, `code`, `status`) VALUES ('3168', '208', 'Kigoma', 'KI', '1');
INSERT INTO `ocksena_zone` (`zone_id`, `country_id`, `name`, `code`, `status`) VALUES ('3169', '208', 'Kilimanjaro', 'KJ', '1');
INSERT INTO `ocksena_zone` (`zone_id`, `country_id`, `name`, `code`, `status`) VALUES ('3170', '208', 'Lindi', 'LN', '1');
INSERT INTO `ocksena_zone` (`zone_id`, `country_id`, `name`, `code`, `status`) VALUES ('3171', '208', 'Manyara', 'MY', '1');
INSERT INTO `ocksena_zone` (`zone_id`, `country_id`, `name`, `code`, `status`) VALUES ('3172', '208', 'Mara', 'MR', '1');
INSERT INTO `ocksena_zone` (`zone_id`, `country_id`, `name`, `code`, `status`) VALUES ('3173', '208', 'Mbeya', 'MB', '1');
INSERT INTO `ocksena_zone` (`zone_id`, `country_id`, `name`, `code`, `status`) VALUES ('3174', '208', 'Morogoro', 'MO', '1');
INSERT INTO `ocksena_zone` (`zone_id`, `country_id`, `name`, `code`, `status`) VALUES ('3175', '208', 'Mtwara', 'MT', '1');
INSERT INTO `ocksena_zone` (`zone_id`, `country_id`, `name`, `code`, `status`) VALUES ('3176', '208', 'Mwanza', 'MW', '1');
INSERT INTO `ocksena_zone` (`zone_id`, `country_id`, `name`, `code`, `status`) VALUES ('3177', '208', 'Pemba North', 'PN', '1');
INSERT INTO `ocksena_zone` (`zone_id`, `country_id`, `name`, `code`, `status`) VALUES ('3178', '208', 'Pemba South', 'PS', '1');
INSERT INTO `ocksena_zone` (`zone_id`, `country_id`, `name`, `code`, `status`) VALUES ('3179', '208', 'Pwani', 'PW', '1');
INSERT INTO `ocksena_zone` (`zone_id`, `country_id`, `name`, `code`, `status`) VALUES ('3180', '208', 'Rukwa', 'RK', '1');
INSERT INTO `ocksena_zone` (`zone_id`, `country_id`, `name`, `code`, `status`) VALUES ('3181', '208', 'Ruvuma', 'RV', '1');
INSERT INTO `ocksena_zone` (`zone_id`, `country_id`, `name`, `code`, `status`) VALUES ('3182', '208', 'Shinyanga', 'SH', '1');
INSERT INTO `ocksena_zone` (`zone_id`, `country_id`, `name`, `code`, `status`) VALUES ('3183', '208', 'Singida', 'SI', '1');
INSERT INTO `ocksena_zone` (`zone_id`, `country_id`, `name`, `code`, `status`) VALUES ('3184', '208', 'Tabora', 'TB', '1');
INSERT INTO `ocksena_zone` (`zone_id`, `country_id`, `name`, `code`, `status`) VALUES ('3185', '208', 'Tanga', 'TN', '1');
INSERT INTO `ocksena_zone` (`zone_id`, `country_id`, `name`, `code`, `status`) VALUES ('3186', '208', 'Zanzibar Central/South', 'ZC', '1');
INSERT INTO `ocksena_zone` (`zone_id`, `country_id`, `name`, `code`, `status`) VALUES ('3187', '208', 'Zanzibar North', 'ZN', '1');
INSERT INTO `ocksena_zone` (`zone_id`, `country_id`, `name`, `code`, `status`) VALUES ('3188', '208', 'Zanzibar Urban/West', 'ZU', '1');
INSERT INTO `ocksena_zone` (`zone_id`, `country_id`, `name`, `code`, `status`) VALUES ('3189', '209', 'Amnat Charoen', 'Amnat Charoen', '1');
INSERT INTO `ocksena_zone` (`zone_id`, `country_id`, `name`, `code`, `status`) VALUES ('3190', '209', 'Ang Thong', 'Ang Thong', '1');
INSERT INTO `ocksena_zone` (`zone_id`, `country_id`, `name`, `code`, `status`) VALUES ('3191', '209', 'Ayutthaya', 'Ayutthaya', '1');
INSERT INTO `ocksena_zone` (`zone_id`, `country_id`, `name`, `code`, `status`) VALUES ('3192', '209', 'Bangkok', 'Bangkok', '1');
INSERT INTO `ocksena_zone` (`zone_id`, `country_id`, `name`, `code`, `status`) VALUES ('3193', '209', 'Buriram', 'Buriram', '1');
INSERT INTO `ocksena_zone` (`zone_id`, `country_id`, `name`, `code`, `status`) VALUES ('3194', '209', 'Chachoengsao', 'Chachoengsao', '1');
INSERT INTO `ocksena_zone` (`zone_id`, `country_id`, `name`, `code`, `status`) VALUES ('3195', '209', 'Chai Nat', 'Chai Nat', '1');
INSERT INTO `ocksena_zone` (`zone_id`, `country_id`, `name`, `code`, `status`) VALUES ('3196', '209', 'Chaiyaphum', 'Chaiyaphum', '1');
INSERT INTO `ocksena_zone` (`zone_id`, `country_id`, `name`, `code`, `status`) VALUES ('3197', '209', 'Chanthaburi', 'Chanthaburi', '1');
INSERT INTO `ocksena_zone` (`zone_id`, `country_id`, `name`, `code`, `status`) VALUES ('3198', '209', 'Chiang Mai', 'Chiang Mai', '1');
INSERT INTO `ocksena_zone` (`zone_id`, `country_id`, `name`, `code`, `status`) VALUES ('3199', '209', 'Chiang Rai', 'Chiang Rai', '1');
INSERT INTO `ocksena_zone` (`zone_id`, `country_id`, `name`, `code`, `status`) VALUES ('3200', '209', 'Chon Buri', 'Chon Buri', '1');
INSERT INTO `ocksena_zone` (`zone_id`, `country_id`, `name`, `code`, `status`) VALUES ('3201', '209', 'Chumphon', 'Chumphon', '1');
INSERT INTO `ocksena_zone` (`zone_id`, `country_id`, `name`, `code`, `status`) VALUES ('3202', '209', 'Kalasin', 'Kalasin', '1');
INSERT INTO `ocksena_zone` (`zone_id`, `country_id`, `name`, `code`, `status`) VALUES ('3203', '209', 'Kamphaeng Phet', 'Kamphaeng Phet', '1');
INSERT INTO `ocksena_zone` (`zone_id`, `country_id`, `name`, `code`, `status`) VALUES ('3204', '209', 'Kanchanaburi', 'Kanchanaburi', '1');
INSERT INTO `ocksena_zone` (`zone_id`, `country_id`, `name`, `code`, `status`) VALUES ('3205', '209', 'Khon Kaen', 'Khon Kaen', '1');
INSERT INTO `ocksena_zone` (`zone_id`, `country_id`, `name`, `code`, `status`) VALUES ('3206', '209', 'Krabi', 'Krabi', '1');
INSERT INTO `ocksena_zone` (`zone_id`, `country_id`, `name`, `code`, `status`) VALUES ('3207', '209', 'Lampang', 'Lampang', '1');
INSERT INTO `ocksena_zone` (`zone_id`, `country_id`, `name`, `code`, `status`) VALUES ('3208', '209', 'Lamphun', 'Lamphun', '1');
INSERT INTO `ocksena_zone` (`zone_id`, `country_id`, `name`, `code`, `status`) VALUES ('3209', '209', 'Loei', 'Loei', '1');
INSERT INTO `ocksena_zone` (`zone_id`, `country_id`, `name`, `code`, `status`) VALUES ('3210', '209', 'Lop Buri', 'Lop Buri', '1');
INSERT INTO `ocksena_zone` (`zone_id`, `country_id`, `name`, `code`, `status`) VALUES ('3211', '209', 'Mae Hong Son', 'Mae Hong Son', '1');
INSERT INTO `ocksena_zone` (`zone_id`, `country_id`, `name`, `code`, `status`) VALUES ('3212', '209', 'Maha Sarakham', 'Maha Sarakham', '1');
INSERT INTO `ocksena_zone` (`zone_id`, `country_id`, `name`, `code`, `status`) VALUES ('3213', '209', 'Mukdahan', 'Mukdahan', '1');
INSERT INTO `ocksena_zone` (`zone_id`, `country_id`, `name`, `code`, `status`) VALUES ('3214', '209', 'Nakhon Nayok', 'Nakhon Nayok', '1');
INSERT INTO `ocksena_zone` (`zone_id`, `country_id`, `name`, `code`, `status`) VALUES ('3215', '209', 'Nakhon Pathom', 'Nakhon Pathom', '1');
INSERT INTO `ocksena_zone` (`zone_id`, `country_id`, `name`, `code`, `status`) VALUES ('3216', '209', 'Nakhon Phanom', 'Nakhon Phanom', '1');
INSERT INTO `ocksena_zone` (`zone_id`, `country_id`, `name`, `code`, `status`) VALUES ('3217', '209', 'Nakhon Ratchasima', 'Nakhon Ratchasima', '1');
INSERT INTO `ocksena_zone` (`zone_id`, `country_id`, `name`, `code`, `status`) VALUES ('3218', '209', 'Nakhon Sawan', 'Nakhon Sawan', '1');
INSERT INTO `ocksena_zone` (`zone_id`, `country_id`, `name`, `code`, `status`) VALUES ('3219', '209', 'Nakhon Si Thammarat', 'Nakhon Si Thammarat', '1');
INSERT INTO `ocksena_zone` (`zone_id`, `country_id`, `name`, `code`, `status`) VALUES ('3220', '209', 'Nan', 'Nan', '1');
INSERT INTO `ocksena_zone` (`zone_id`, `country_id`, `name`, `code`, `status`) VALUES ('3221', '209', 'Narathiwat', 'Narathiwat', '1');
INSERT INTO `ocksena_zone` (`zone_id`, `country_id`, `name`, `code`, `status`) VALUES ('3222', '209', 'Nong Bua Lamphu', 'Nong Bua Lamphu', '1');
INSERT INTO `ocksena_zone` (`zone_id`, `country_id`, `name`, `code`, `status`) VALUES ('3223', '209', 'Nong Khai', 'Nong Khai', '1');
INSERT INTO `ocksena_zone` (`zone_id`, `country_id`, `name`, `code`, `status`) VALUES ('3224', '209', 'Nonthaburi', 'Nonthaburi', '1');
INSERT INTO `ocksena_zone` (`zone_id`, `country_id`, `name`, `code`, `status`) VALUES ('3225', '209', 'Pathum Thani', 'Pathum Thani', '1');
INSERT INTO `ocksena_zone` (`zone_id`, `country_id`, `name`, `code`, `status`) VALUES ('3226', '209', 'Pattani', 'Pattani', '1');
INSERT INTO `ocksena_zone` (`zone_id`, `country_id`, `name`, `code`, `status`) VALUES ('3227', '209', 'Phangnga', 'Phangnga', '1');
INSERT INTO `ocksena_zone` (`zone_id`, `country_id`, `name`, `code`, `status`) VALUES ('3228', '209', 'Phatthalung', 'Phatthalung', '1');
INSERT INTO `ocksena_zone` (`zone_id`, `country_id`, `name`, `code`, `status`) VALUES ('3229', '209', 'Phayao', 'Phayao', '1');
INSERT INTO `ocksena_zone` (`zone_id`, `country_id`, `name`, `code`, `status`) VALUES ('3230', '209', 'Phetchabun', 'Phetchabun', '1');
INSERT INTO `ocksena_zone` (`zone_id`, `country_id`, `name`, `code`, `status`) VALUES ('3231', '209', 'Phetchaburi', 'Phetchaburi', '1');
INSERT INTO `ocksena_zone` (`zone_id`, `country_id`, `name`, `code`, `status`) VALUES ('3232', '209', 'Phichit', 'Phichit', '1');
INSERT INTO `ocksena_zone` (`zone_id`, `country_id`, `name`, `code`, `status`) VALUES ('3233', '209', 'Phitsanulok', 'Phitsanulok', '1');
INSERT INTO `ocksena_zone` (`zone_id`, `country_id`, `name`, `code`, `status`) VALUES ('3234', '209', 'Phrae', 'Phrae', '1');
INSERT INTO `ocksena_zone` (`zone_id`, `country_id`, `name`, `code`, `status`) VALUES ('3235', '209', 'Phuket', 'Phuket', '1');
INSERT INTO `ocksena_zone` (`zone_id`, `country_id`, `name`, `code`, `status`) VALUES ('3236', '209', 'Prachin Buri', 'Prachin Buri', '1');
INSERT INTO `ocksena_zone` (`zone_id`, `country_id`, `name`, `code`, `status`) VALUES ('3237', '209', 'Prachuap Khiri Khan', 'Prachuap Khiri Khan', '1');
INSERT INTO `ocksena_zone` (`zone_id`, `country_id`, `name`, `code`, `status`) VALUES ('3238', '209', 'Ranong', 'Ranong', '1');
INSERT INTO `ocksena_zone` (`zone_id`, `country_id`, `name`, `code`, `status`) VALUES ('3239', '209', 'Ratchaburi', 'Ratchaburi', '1');
INSERT INTO `ocksena_zone` (`zone_id`, `country_id`, `name`, `code`, `status`) VALUES ('3240', '209', 'Rayong', 'Rayong', '1');
INSERT INTO `ocksena_zone` (`zone_id`, `country_id`, `name`, `code`, `status`) VALUES ('3241', '209', 'Roi Et', 'Roi Et', '1');
INSERT INTO `ocksena_zone` (`zone_id`, `country_id`, `name`, `code`, `status`) VALUES ('3242', '209', 'Sa Kaeo', 'Sa Kaeo', '1');
INSERT INTO `ocksena_zone` (`zone_id`, `country_id`, `name`, `code`, `status`) VALUES ('3243', '209', 'Sakon Nakhon', 'Sakon Nakhon', '1');
INSERT INTO `ocksena_zone` (`zone_id`, `country_id`, `name`, `code`, `status`) VALUES ('3244', '209', 'Samut Prakan', 'Samut Prakan', '1');
INSERT INTO `ocksena_zone` (`zone_id`, `country_id`, `name`, `code`, `status`) VALUES ('3245', '209', 'Samut Sakhon', 'Samut Sakhon', '1');
INSERT INTO `ocksena_zone` (`zone_id`, `country_id`, `name`, `code`, `status`) VALUES ('3246', '209', 'Samut Songkhram', 'Samut Songkhram', '1');
INSERT INTO `ocksena_zone` (`zone_id`, `country_id`, `name`, `code`, `status`) VALUES ('3247', '209', 'Sara Buri', 'Sara Buri', '1');
INSERT INTO `ocksena_zone` (`zone_id`, `country_id`, `name`, `code`, `status`) VALUES ('3248', '209', 'Satun', 'Satun', '1');
INSERT INTO `ocksena_zone` (`zone_id`, `country_id`, `name`, `code`, `status`) VALUES ('3249', '209', 'Sing Buri', 'Sing Buri', '1');
INSERT INTO `ocksena_zone` (`zone_id`, `country_id`, `name`, `code`, `status`) VALUES ('3250', '209', 'Sisaket', 'Sisaket', '1');
INSERT INTO `ocksena_zone` (`zone_id`, `country_id`, `name`, `code`, `status`) VALUES ('3251', '209', 'Songkhla', 'Songkhla', '1');
INSERT INTO `ocksena_zone` (`zone_id`, `country_id`, `name`, `code`, `status`) VALUES ('3252', '209', 'Sukhothai', 'Sukhothai', '1');
INSERT INTO `ocksena_zone` (`zone_id`, `country_id`, `name`, `code`, `status`) VALUES ('3253', '209', 'Suphan Buri', 'Suphan Buri', '1');
INSERT INTO `ocksena_zone` (`zone_id`, `country_id`, `name`, `code`, `status`) VALUES ('3254', '209', 'Surat Thani', 'Surat Thani', '1');
INSERT INTO `ocksena_zone` (`zone_id`, `country_id`, `name`, `code`, `status`) VALUES ('3255', '209', 'Surin', 'Surin', '1');
INSERT INTO `ocksena_zone` (`zone_id`, `country_id`, `name`, `code`, `status`) VALUES ('3256', '209', 'Tak', 'Tak', '1');
INSERT INTO `ocksena_zone` (`zone_id`, `country_id`, `name`, `code`, `status`) VALUES ('3257', '209', 'Trang', 'Trang', '1');
INSERT INTO `ocksena_zone` (`zone_id`, `country_id`, `name`, `code`, `status`) VALUES ('3258', '209', 'Trat', 'Trat', '1');
INSERT INTO `ocksena_zone` (`zone_id`, `country_id`, `name`, `code`, `status`) VALUES ('3259', '209', 'Ubon Ratchathani', 'Ubon Ratchathani', '1');
INSERT INTO `ocksena_zone` (`zone_id`, `country_id`, `name`, `code`, `status`) VALUES ('3260', '209', 'Udon Thani', 'Udon Thani', '1');
INSERT INTO `ocksena_zone` (`zone_id`, `country_id`, `name`, `code`, `status`) VALUES ('3261', '209', 'Uthai Thani', 'Uthai Thani', '1');
INSERT INTO `ocksena_zone` (`zone_id`, `country_id`, `name`, `code`, `status`) VALUES ('3262', '209', 'Uttaradit', 'Uttaradit', '1');
INSERT INTO `ocksena_zone` (`zone_id`, `country_id`, `name`, `code`, `status`) VALUES ('3263', '209', 'Yala', 'Yala', '1');
INSERT INTO `ocksena_zone` (`zone_id`, `country_id`, `name`, `code`, `status`) VALUES ('3264', '209', 'Yasothon', 'Yasothon', '1');
INSERT INTO `ocksena_zone` (`zone_id`, `country_id`, `name`, `code`, `status`) VALUES ('3265', '210', 'Kara', 'K', '1');
INSERT INTO `ocksena_zone` (`zone_id`, `country_id`, `name`, `code`, `status`) VALUES ('3266', '210', 'Plateaux', 'P', '1');
INSERT INTO `ocksena_zone` (`zone_id`, `country_id`, `name`, `code`, `status`) VALUES ('3267', '210', 'Savanes', 'S', '1');
INSERT INTO `ocksena_zone` (`zone_id`, `country_id`, `name`, `code`, `status`) VALUES ('3268', '210', 'Centrale', 'C', '1');
INSERT INTO `ocksena_zone` (`zone_id`, `country_id`, `name`, `code`, `status`) VALUES ('3269', '210', 'Maritime', 'M', '1');
INSERT INTO `ocksena_zone` (`zone_id`, `country_id`, `name`, `code`, `status`) VALUES ('3270', '211', 'Atafu', 'A', '1');
INSERT INTO `ocksena_zone` (`zone_id`, `country_id`, `name`, `code`, `status`) VALUES ('3271', '211', 'Fakaofo', 'F', '1');
INSERT INTO `ocksena_zone` (`zone_id`, `country_id`, `name`, `code`, `status`) VALUES ('3272', '211', 'Nukunonu', 'N', '1');
INSERT INTO `ocksena_zone` (`zone_id`, `country_id`, `name`, `code`, `status`) VALUES ('3273', '212', 'Ha\'apai', 'H', '1');
INSERT INTO `ocksena_zone` (`zone_id`, `country_id`, `name`, `code`, `status`) VALUES ('3274', '212', 'Tongatapu', 'T', '1');
INSERT INTO `ocksena_zone` (`zone_id`, `country_id`, `name`, `code`, `status`) VALUES ('3275', '212', 'Vava\'u', 'V', '1');
INSERT INTO `ocksena_zone` (`zone_id`, `country_id`, `name`, `code`, `status`) VALUES ('3276', '213', 'Couva/Tabaquite/Talparo', 'CT', '1');
INSERT INTO `ocksena_zone` (`zone_id`, `country_id`, `name`, `code`, `status`) VALUES ('3277', '213', 'Diego Martin', 'DM', '1');
INSERT INTO `ocksena_zone` (`zone_id`, `country_id`, `name`, `code`, `status`) VALUES ('3278', '213', 'Mayaro/Rio Claro', 'MR', '1');
INSERT INTO `ocksena_zone` (`zone_id`, `country_id`, `name`, `code`, `status`) VALUES ('3279', '213', 'Penal/Debe', 'PD', '1');
INSERT INTO `ocksena_zone` (`zone_id`, `country_id`, `name`, `code`, `status`) VALUES ('3280', '213', 'Princes Town', 'PT', '1');
INSERT INTO `ocksena_zone` (`zone_id`, `country_id`, `name`, `code`, `status`) VALUES ('3281', '213', 'Sangre Grande', 'SG', '1');
INSERT INTO `ocksena_zone` (`zone_id`, `country_id`, `name`, `code`, `status`) VALUES ('3282', '213', 'San Juan/Laventille', 'SL', '1');
INSERT INTO `ocksena_zone` (`zone_id`, `country_id`, `name`, `code`, `status`) VALUES ('3283', '213', 'Siparia', 'SI', '1');
INSERT INTO `ocksena_zone` (`zone_id`, `country_id`, `name`, `code`, `status`) VALUES ('3284', '213', 'Tunapuna/Piarco', 'TP', '1');
INSERT INTO `ocksena_zone` (`zone_id`, `country_id`, `name`, `code`, `status`) VALUES ('3285', '213', 'Port of Spain', 'PS', '1');
INSERT INTO `ocksena_zone` (`zone_id`, `country_id`, `name`, `code`, `status`) VALUES ('3286', '213', 'San Fernando', 'SF', '1');
INSERT INTO `ocksena_zone` (`zone_id`, `country_id`, `name`, `code`, `status`) VALUES ('3287', '213', 'Arima', 'AR', '1');
INSERT INTO `ocksena_zone` (`zone_id`, `country_id`, `name`, `code`, `status`) VALUES ('3288', '213', 'Point Fortin', 'PF', '1');
INSERT INTO `ocksena_zone` (`zone_id`, `country_id`, `name`, `code`, `status`) VALUES ('3289', '213', 'Chaguanas', 'CH', '1');
INSERT INTO `ocksena_zone` (`zone_id`, `country_id`, `name`, `code`, `status`) VALUES ('3290', '213', 'Tobago', 'TO', '1');
INSERT INTO `ocksena_zone` (`zone_id`, `country_id`, `name`, `code`, `status`) VALUES ('3291', '214', 'Ariana', 'AR', '1');
INSERT INTO `ocksena_zone` (`zone_id`, `country_id`, `name`, `code`, `status`) VALUES ('3292', '214', 'Beja', 'BJ', '1');
INSERT INTO `ocksena_zone` (`zone_id`, `country_id`, `name`, `code`, `status`) VALUES ('3293', '214', 'Ben Arous', 'BA', '1');
INSERT INTO `ocksena_zone` (`zone_id`, `country_id`, `name`, `code`, `status`) VALUES ('3294', '214', 'Bizerte', 'BI', '1');
INSERT INTO `ocksena_zone` (`zone_id`, `country_id`, `name`, `code`, `status`) VALUES ('3295', '214', 'Gabes', 'GB', '1');
INSERT INTO `ocksena_zone` (`zone_id`, `country_id`, `name`, `code`, `status`) VALUES ('3296', '214', 'Gafsa', 'GF', '1');
INSERT INTO `ocksena_zone` (`zone_id`, `country_id`, `name`, `code`, `status`) VALUES ('3297', '214', 'Jendouba', 'JE', '1');
INSERT INTO `ocksena_zone` (`zone_id`, `country_id`, `name`, `code`, `status`) VALUES ('3298', '214', 'Kairouan', 'KR', '1');
INSERT INTO `ocksena_zone` (`zone_id`, `country_id`, `name`, `code`, `status`) VALUES ('3299', '214', 'Kasserine', 'KS', '1');
INSERT INTO `ocksena_zone` (`zone_id`, `country_id`, `name`, `code`, `status`) VALUES ('3300', '214', 'Kebili', 'KB', '1');
INSERT INTO `ocksena_zone` (`zone_id`, `country_id`, `name`, `code`, `status`) VALUES ('3301', '214', 'Kef', 'KF', '1');
INSERT INTO `ocksena_zone` (`zone_id`, `country_id`, `name`, `code`, `status`) VALUES ('3302', '214', 'Mahdia', 'MH', '1');
INSERT INTO `ocksena_zone` (`zone_id`, `country_id`, `name`, `code`, `status`) VALUES ('3303', '214', 'Manouba', 'MN', '1');
INSERT INTO `ocksena_zone` (`zone_id`, `country_id`, `name`, `code`, `status`) VALUES ('3304', '214', 'Medenine', 'ME', '1');
INSERT INTO `ocksena_zone` (`zone_id`, `country_id`, `name`, `code`, `status`) VALUES ('3305', '214', 'Monastir', 'MO', '1');
INSERT INTO `ocksena_zone` (`zone_id`, `country_id`, `name`, `code`, `status`) VALUES ('3306', '214', 'Nabeul', 'NA', '1');
INSERT INTO `ocksena_zone` (`zone_id`, `country_id`, `name`, `code`, `status`) VALUES ('3307', '214', 'Sfax', 'SF', '1');
INSERT INTO `ocksena_zone` (`zone_id`, `country_id`, `name`, `code`, `status`) VALUES ('3308', '214', 'Sidi', 'SD', '1');
INSERT INTO `ocksena_zone` (`zone_id`, `country_id`, `name`, `code`, `status`) VALUES ('3309', '214', 'Siliana', 'SL', '1');
INSERT INTO `ocksena_zone` (`zone_id`, `country_id`, `name`, `code`, `status`) VALUES ('3310', '214', 'Sousse', 'SO', '1');
INSERT INTO `ocksena_zone` (`zone_id`, `country_id`, `name`, `code`, `status`) VALUES ('3311', '214', 'Tataouine', 'TA', '1');
INSERT INTO `ocksena_zone` (`zone_id`, `country_id`, `name`, `code`, `status`) VALUES ('3312', '214', 'Tozeur', 'TO', '1');
INSERT INTO `ocksena_zone` (`zone_id`, `country_id`, `name`, `code`, `status`) VALUES ('3313', '214', 'Tunis', 'TU', '1');
INSERT INTO `ocksena_zone` (`zone_id`, `country_id`, `name`, `code`, `status`) VALUES ('3314', '214', 'Zaghouan', 'ZA', '1');
INSERT INTO `ocksena_zone` (`zone_id`, `country_id`, `name`, `code`, `status`) VALUES ('3315', '215', 'Adana', 'ADA', '1');
INSERT INTO `ocksena_zone` (`zone_id`, `country_id`, `name`, `code`, `status`) VALUES ('3316', '215', 'Adıyaman', 'ADI', '1');
INSERT INTO `ocksena_zone` (`zone_id`, `country_id`, `name`, `code`, `status`) VALUES ('3317', '215', 'Afyonkarahisar', 'AFY', '1');
INSERT INTO `ocksena_zone` (`zone_id`, `country_id`, `name`, `code`, `status`) VALUES ('3318', '215', 'Ağrı', 'AGR', '1');
INSERT INTO `ocksena_zone` (`zone_id`, `country_id`, `name`, `code`, `status`) VALUES ('3319', '215', 'Aksaray', 'AKS', '1');
INSERT INTO `ocksena_zone` (`zone_id`, `country_id`, `name`, `code`, `status`) VALUES ('3320', '215', 'Amasya', 'AMA', '1');
INSERT INTO `ocksena_zone` (`zone_id`, `country_id`, `name`, `code`, `status`) VALUES ('3321', '215', 'Ankara', 'ANK', '1');
INSERT INTO `ocksena_zone` (`zone_id`, `country_id`, `name`, `code`, `status`) VALUES ('3322', '215', 'Antalya', 'ANT', '1');
INSERT INTO `ocksena_zone` (`zone_id`, `country_id`, `name`, `code`, `status`) VALUES ('3323', '215', 'Ardahan', 'ARD', '1');
INSERT INTO `ocksena_zone` (`zone_id`, `country_id`, `name`, `code`, `status`) VALUES ('3324', '215', 'Artvin', 'ART', '1');
INSERT INTO `ocksena_zone` (`zone_id`, `country_id`, `name`, `code`, `status`) VALUES ('3325', '215', 'Aydın', 'AYI', '1');
INSERT INTO `ocksena_zone` (`zone_id`, `country_id`, `name`, `code`, `status`) VALUES ('3326', '215', 'Balıkesir', 'BAL', '1');
INSERT INTO `ocksena_zone` (`zone_id`, `country_id`, `name`, `code`, `status`) VALUES ('3327', '215', 'Bartın', 'BAR', '1');
INSERT INTO `ocksena_zone` (`zone_id`, `country_id`, `name`, `code`, `status`) VALUES ('3328', '215', 'Batman', 'BAT', '1');
INSERT INTO `ocksena_zone` (`zone_id`, `country_id`, `name`, `code`, `status`) VALUES ('3329', '215', 'Bayburt', 'BAY', '1');
INSERT INTO `ocksena_zone` (`zone_id`, `country_id`, `name`, `code`, `status`) VALUES ('3330', '215', 'Bilecik', 'BIL', '1');
INSERT INTO `ocksena_zone` (`zone_id`, `country_id`, `name`, `code`, `status`) VALUES ('3331', '215', 'Bingöl', 'BIN', '1');
INSERT INTO `ocksena_zone` (`zone_id`, `country_id`, `name`, `code`, `status`) VALUES ('3332', '215', 'Bitlis', 'BIT', '1');
INSERT INTO `ocksena_zone` (`zone_id`, `country_id`, `name`, `code`, `status`) VALUES ('3333', '215', 'Bolu', 'BOL', '1');
INSERT INTO `ocksena_zone` (`zone_id`, `country_id`, `name`, `code`, `status`) VALUES ('3334', '215', 'Burdur', 'BRD', '1');
INSERT INTO `ocksena_zone` (`zone_id`, `country_id`, `name`, `code`, `status`) VALUES ('3335', '215', 'Bursa', 'BRS', '1');
INSERT INTO `ocksena_zone` (`zone_id`, `country_id`, `name`, `code`, `status`) VALUES ('3336', '215', 'Çanakkale', 'CKL', '1');
INSERT INTO `ocksena_zone` (`zone_id`, `country_id`, `name`, `code`, `status`) VALUES ('3337', '215', 'Çankırı', 'CKR', '1');
INSERT INTO `ocksena_zone` (`zone_id`, `country_id`, `name`, `code`, `status`) VALUES ('3338', '215', 'Çorum', 'COR', '1');
INSERT INTO `ocksena_zone` (`zone_id`, `country_id`, `name`, `code`, `status`) VALUES ('3339', '215', 'Denizli', 'DEN', '1');
INSERT INTO `ocksena_zone` (`zone_id`, `country_id`, `name`, `code`, `status`) VALUES ('3340', '215', 'Diyarbakir', 'DIY', '1');
INSERT INTO `ocksena_zone` (`zone_id`, `country_id`, `name`, `code`, `status`) VALUES ('3341', '215', 'Düzce', 'DUZ', '1');
INSERT INTO `ocksena_zone` (`zone_id`, `country_id`, `name`, `code`, `status`) VALUES ('3342', '215', 'Edirne', 'EDI', '1');
INSERT INTO `ocksena_zone` (`zone_id`, `country_id`, `name`, `code`, `status`) VALUES ('3343', '215', 'Elazığ', 'ELA', '1');
INSERT INTO `ocksena_zone` (`zone_id`, `country_id`, `name`, `code`, `status`) VALUES ('3344', '215', 'Erzincan', 'EZC', '1');
INSERT INTO `ocksena_zone` (`zone_id`, `country_id`, `name`, `code`, `status`) VALUES ('3345', '215', 'Erzurum', 'EZR', '1');
INSERT INTO `ocksena_zone` (`zone_id`, `country_id`, `name`, `code`, `status`) VALUES ('3346', '215', 'Eskişehir', 'ESK', '1');
INSERT INTO `ocksena_zone` (`zone_id`, `country_id`, `name`, `code`, `status`) VALUES ('3347', '215', 'Gaziantep', 'GAZ', '1');
INSERT INTO `ocksena_zone` (`zone_id`, `country_id`, `name`, `code`, `status`) VALUES ('3348', '215', 'Giresun', 'GIR', '1');
INSERT INTO `ocksena_zone` (`zone_id`, `country_id`, `name`, `code`, `status`) VALUES ('3349', '215', 'Gümüşhane', 'GMS', '1');
INSERT INTO `ocksena_zone` (`zone_id`, `country_id`, `name`, `code`, `status`) VALUES ('3350', '215', 'Hakkari', 'HKR', '1');
INSERT INTO `ocksena_zone` (`zone_id`, `country_id`, `name`, `code`, `status`) VALUES ('3351', '215', 'Hatay', 'HTY', '1');
INSERT INTO `ocksena_zone` (`zone_id`, `country_id`, `name`, `code`, `status`) VALUES ('3352', '215', 'Iğdır', 'IGD', '1');
INSERT INTO `ocksena_zone` (`zone_id`, `country_id`, `name`, `code`, `status`) VALUES ('3353', '215', 'Isparta', 'ISP', '1');
INSERT INTO `ocksena_zone` (`zone_id`, `country_id`, `name`, `code`, `status`) VALUES ('3354', '215', 'İstanbul', 'IST', '1');
INSERT INTO `ocksena_zone` (`zone_id`, `country_id`, `name`, `code`, `status`) VALUES ('3355', '215', 'İzmir', 'IZM', '1');
INSERT INTO `ocksena_zone` (`zone_id`, `country_id`, `name`, `code`, `status`) VALUES ('3356', '215', 'Kahramanmaraş', 'KAH', '1');
INSERT INTO `ocksena_zone` (`zone_id`, `country_id`, `name`, `code`, `status`) VALUES ('3357', '215', 'Karabük', 'KRB', '1');
INSERT INTO `ocksena_zone` (`zone_id`, `country_id`, `name`, `code`, `status`) VALUES ('3358', '215', 'Karaman', 'KRM', '1');
INSERT INTO `ocksena_zone` (`zone_id`, `country_id`, `name`, `code`, `status`) VALUES ('3359', '215', 'Kars', 'KRS', '1');
INSERT INTO `ocksena_zone` (`zone_id`, `country_id`, `name`, `code`, `status`) VALUES ('3360', '215', 'Kastamonu', 'KAS', '1');
INSERT INTO `ocksena_zone` (`zone_id`, `country_id`, `name`, `code`, `status`) VALUES ('3361', '215', 'Kayseri', 'KAY', '1');
INSERT INTO `ocksena_zone` (`zone_id`, `country_id`, `name`, `code`, `status`) VALUES ('3362', '215', 'Kilis', 'KLS', '1');
INSERT INTO `ocksena_zone` (`zone_id`, `country_id`, `name`, `code`, `status`) VALUES ('3363', '215', 'Kırıkkale', 'KRK', '1');
INSERT INTO `ocksena_zone` (`zone_id`, `country_id`, `name`, `code`, `status`) VALUES ('3364', '215', 'Kırklareli', 'KLR', '1');
INSERT INTO `ocksena_zone` (`zone_id`, `country_id`, `name`, `code`, `status`) VALUES ('3365', '215', 'Kırşehir', 'KRH', '1');
INSERT INTO `ocksena_zone` (`zone_id`, `country_id`, `name`, `code`, `status`) VALUES ('3366', '215', 'Kocaeli', 'KOC', '1');
INSERT INTO `ocksena_zone` (`zone_id`, `country_id`, `name`, `code`, `status`) VALUES ('3367', '215', 'Konya', 'KON', '1');
INSERT INTO `ocksena_zone` (`zone_id`, `country_id`, `name`, `code`, `status`) VALUES ('3368', '215', 'Kütahya', 'KUT', '1');
INSERT INTO `ocksena_zone` (`zone_id`, `country_id`, `name`, `code`, `status`) VALUES ('3369', '215', 'Malatya', 'MAL', '1');
INSERT INTO `ocksena_zone` (`zone_id`, `country_id`, `name`, `code`, `status`) VALUES ('3370', '215', 'Manisa', 'MAN', '1');
INSERT INTO `ocksena_zone` (`zone_id`, `country_id`, `name`, `code`, `status`) VALUES ('3371', '215', 'Mardin', 'MAR', '1');
INSERT INTO `ocksena_zone` (`zone_id`, `country_id`, `name`, `code`, `status`) VALUES ('3372', '215', 'Mersin', 'MER', '1');
INSERT INTO `ocksena_zone` (`zone_id`, `country_id`, `name`, `code`, `status`) VALUES ('3373', '215', 'Muğla', 'MUG', '1');
INSERT INTO `ocksena_zone` (`zone_id`, `country_id`, `name`, `code`, `status`) VALUES ('3374', '215', 'Muş', 'MUS', '1');
INSERT INTO `ocksena_zone` (`zone_id`, `country_id`, `name`, `code`, `status`) VALUES ('3375', '215', 'Nevşehir', 'NEV', '1');
INSERT INTO `ocksena_zone` (`zone_id`, `country_id`, `name`, `code`, `status`) VALUES ('3376', '215', 'Niğde', 'NIG', '1');
INSERT INTO `ocksena_zone` (`zone_id`, `country_id`, `name`, `code`, `status`) VALUES ('3377', '215', 'Ordu', 'ORD', '1');
INSERT INTO `ocksena_zone` (`zone_id`, `country_id`, `name`, `code`, `status`) VALUES ('3378', '215', 'Osmaniye', 'OSM', '1');
INSERT INTO `ocksena_zone` (`zone_id`, `country_id`, `name`, `code`, `status`) VALUES ('3379', '215', 'Rize', 'RIZ', '1');
INSERT INTO `ocksena_zone` (`zone_id`, `country_id`, `name`, `code`, `status`) VALUES ('3380', '215', 'Sakarya', 'SAK', '1');
INSERT INTO `ocksena_zone` (`zone_id`, `country_id`, `name`, `code`, `status`) VALUES ('3381', '215', 'Samsun', 'SAM', '1');
INSERT INTO `ocksena_zone` (`zone_id`, `country_id`, `name`, `code`, `status`) VALUES ('3382', '215', 'Şanlıurfa', 'SAN', '1');
INSERT INTO `ocksena_zone` (`zone_id`, `country_id`, `name`, `code`, `status`) VALUES ('3383', '215', 'Siirt', 'SII', '1');
INSERT INTO `ocksena_zone` (`zone_id`, `country_id`, `name`, `code`, `status`) VALUES ('3384', '215', 'Sinop', 'SIN', '1');
INSERT INTO `ocksena_zone` (`zone_id`, `country_id`, `name`, `code`, `status`) VALUES ('3385', '215', 'Şırnak', 'SIR', '1');
INSERT INTO `ocksena_zone` (`zone_id`, `country_id`, `name`, `code`, `status`) VALUES ('3386', '215', 'Sivas', 'SIV', '1');
INSERT INTO `ocksena_zone` (`zone_id`, `country_id`, `name`, `code`, `status`) VALUES ('3387', '215', 'Tekirdağ', 'TEL', '1');
INSERT INTO `ocksena_zone` (`zone_id`, `country_id`, `name`, `code`, `status`) VALUES ('3388', '215', 'Tokat', 'TOK', '1');
INSERT INTO `ocksena_zone` (`zone_id`, `country_id`, `name`, `code`, `status`) VALUES ('3389', '215', 'Trabzon', 'TRA', '1');
INSERT INTO `ocksena_zone` (`zone_id`, `country_id`, `name`, `code`, `status`) VALUES ('3390', '215', 'Tunceli', 'TUN', '1');
INSERT INTO `ocksena_zone` (`zone_id`, `country_id`, `name`, `code`, `status`) VALUES ('3391', '215', 'Uşak', 'USK', '1');
INSERT INTO `ocksena_zone` (`zone_id`, `country_id`, `name`, `code`, `status`) VALUES ('3392', '215', 'Van', 'VAN', '1');
INSERT INTO `ocksena_zone` (`zone_id`, `country_id`, `name`, `code`, `status`) VALUES ('3393', '215', 'Yalova', 'YAL', '1');
INSERT INTO `ocksena_zone` (`zone_id`, `country_id`, `name`, `code`, `status`) VALUES ('3394', '215', 'Yozgat', 'YOZ', '1');
INSERT INTO `ocksena_zone` (`zone_id`, `country_id`, `name`, `code`, `status`) VALUES ('3395', '215', 'Zonguldak', 'ZON', '1');
INSERT INTO `ocksena_zone` (`zone_id`, `country_id`, `name`, `code`, `status`) VALUES ('3396', '216', 'Ahal Welayaty', 'A', '1');
INSERT INTO `ocksena_zone` (`zone_id`, `country_id`, `name`, `code`, `status`) VALUES ('3397', '216', 'Balkan Welayaty', 'B', '1');
INSERT INTO `ocksena_zone` (`zone_id`, `country_id`, `name`, `code`, `status`) VALUES ('3398', '216', 'Dashhowuz Welayaty', 'D', '1');
INSERT INTO `ocksena_zone` (`zone_id`, `country_id`, `name`, `code`, `status`) VALUES ('3399', '216', 'Lebap Welayaty', 'L', '1');
INSERT INTO `ocksena_zone` (`zone_id`, `country_id`, `name`, `code`, `status`) VALUES ('3400', '216', 'Mary Welayaty', 'M', '1');
INSERT INTO `ocksena_zone` (`zone_id`, `country_id`, `name`, `code`, `status`) VALUES ('3401', '217', 'Ambergris Cays', 'AC', '1');
INSERT INTO `ocksena_zone` (`zone_id`, `country_id`, `name`, `code`, `status`) VALUES ('3402', '217', 'Dellis Cay', 'DC', '1');
INSERT INTO `ocksena_zone` (`zone_id`, `country_id`, `name`, `code`, `status`) VALUES ('3403', '217', 'French Cay', 'FC', '1');
INSERT INTO `ocksena_zone` (`zone_id`, `country_id`, `name`, `code`, `status`) VALUES ('3404', '217', 'Little Water Cay', 'LW', '1');
INSERT INTO `ocksena_zone` (`zone_id`, `country_id`, `name`, `code`, `status`) VALUES ('3405', '217', 'Parrot Cay', 'RC', '1');
INSERT INTO `ocksena_zone` (`zone_id`, `country_id`, `name`, `code`, `status`) VALUES ('3406', '217', 'Pine Cay', 'PN', '1');
INSERT INTO `ocksena_zone` (`zone_id`, `country_id`, `name`, `code`, `status`) VALUES ('3407', '217', 'Salt Cay', 'SL', '1');
INSERT INTO `ocksena_zone` (`zone_id`, `country_id`, `name`, `code`, `status`) VALUES ('3408', '217', 'Grand Turk', 'GT', '1');
INSERT INTO `ocksena_zone` (`zone_id`, `country_id`, `name`, `code`, `status`) VALUES ('3409', '217', 'South Caicos', 'SC', '1');
INSERT INTO `ocksena_zone` (`zone_id`, `country_id`, `name`, `code`, `status`) VALUES ('3410', '217', 'East Caicos', 'EC', '1');
INSERT INTO `ocksena_zone` (`zone_id`, `country_id`, `name`, `code`, `status`) VALUES ('3411', '217', 'Middle Caicos', 'MC', '1');
INSERT INTO `ocksena_zone` (`zone_id`, `country_id`, `name`, `code`, `status`) VALUES ('3412', '217', 'North Caicos', 'NC', '1');
INSERT INTO `ocksena_zone` (`zone_id`, `country_id`, `name`, `code`, `status`) VALUES ('3413', '217', 'Providenciales', 'PR', '1');
INSERT INTO `ocksena_zone` (`zone_id`, `country_id`, `name`, `code`, `status`) VALUES ('3414', '217', 'West Caicos', 'WC', '1');
INSERT INTO `ocksena_zone` (`zone_id`, `country_id`, `name`, `code`, `status`) VALUES ('3415', '218', 'Nanumanga', 'NMG', '1');
INSERT INTO `ocksena_zone` (`zone_id`, `country_id`, `name`, `code`, `status`) VALUES ('3416', '218', 'Niulakita', 'NLK', '1');
INSERT INTO `ocksena_zone` (`zone_id`, `country_id`, `name`, `code`, `status`) VALUES ('3417', '218', 'Niutao', 'NTO', '1');
INSERT INTO `ocksena_zone` (`zone_id`, `country_id`, `name`, `code`, `status`) VALUES ('3418', '218', 'Funafuti', 'FUN', '1');
INSERT INTO `ocksena_zone` (`zone_id`, `country_id`, `name`, `code`, `status`) VALUES ('3419', '218', 'Nanumea', 'NME', '1');
INSERT INTO `ocksena_zone` (`zone_id`, `country_id`, `name`, `code`, `status`) VALUES ('3420', '218', 'Nui', 'NUI', '1');
INSERT INTO `ocksena_zone` (`zone_id`, `country_id`, `name`, `code`, `status`) VALUES ('3421', '218', 'Nukufetau', 'NFT', '1');
INSERT INTO `ocksena_zone` (`zone_id`, `country_id`, `name`, `code`, `status`) VALUES ('3422', '218', 'Nukulaelae', 'NLL', '1');
INSERT INTO `ocksena_zone` (`zone_id`, `country_id`, `name`, `code`, `status`) VALUES ('3423', '218', 'Vaitupu', 'VAI', '1');
INSERT INTO `ocksena_zone` (`zone_id`, `country_id`, `name`, `code`, `status`) VALUES ('3424', '219', 'Kalangala', 'KAL', '1');
INSERT INTO `ocksena_zone` (`zone_id`, `country_id`, `name`, `code`, `status`) VALUES ('3425', '219', 'Kampala', 'KMP', '1');
INSERT INTO `ocksena_zone` (`zone_id`, `country_id`, `name`, `code`, `status`) VALUES ('3426', '219', 'Kayunga', 'KAY', '1');
INSERT INTO `ocksena_zone` (`zone_id`, `country_id`, `name`, `code`, `status`) VALUES ('3427', '219', 'Kiboga', 'KIB', '1');
INSERT INTO `ocksena_zone` (`zone_id`, `country_id`, `name`, `code`, `status`) VALUES ('3428', '219', 'Luwero', 'LUW', '1');
INSERT INTO `ocksena_zone` (`zone_id`, `country_id`, `name`, `code`, `status`) VALUES ('3429', '219', 'Masaka', 'MAS', '1');
INSERT INTO `ocksena_zone` (`zone_id`, `country_id`, `name`, `code`, `status`) VALUES ('3430', '219', 'Mpigi', 'MPI', '1');
INSERT INTO `ocksena_zone` (`zone_id`, `country_id`, `name`, `code`, `status`) VALUES ('3431', '219', 'Mubende', 'MUB', '1');
INSERT INTO `ocksena_zone` (`zone_id`, `country_id`, `name`, `code`, `status`) VALUES ('3432', '219', 'Mukono', 'MUK', '1');
INSERT INTO `ocksena_zone` (`zone_id`, `country_id`, `name`, `code`, `status`) VALUES ('3433', '219', 'Nakasongola', 'NKS', '1');
INSERT INTO `ocksena_zone` (`zone_id`, `country_id`, `name`, `code`, `status`) VALUES ('3434', '219', 'Rakai', 'RAK', '1');
INSERT INTO `ocksena_zone` (`zone_id`, `country_id`, `name`, `code`, `status`) VALUES ('3435', '219', 'Sembabule', 'SEM', '1');
INSERT INTO `ocksena_zone` (`zone_id`, `country_id`, `name`, `code`, `status`) VALUES ('3436', '219', 'Wakiso', 'WAK', '1');
INSERT INTO `ocksena_zone` (`zone_id`, `country_id`, `name`, `code`, `status`) VALUES ('3437', '219', 'Bugiri', 'BUG', '1');
INSERT INTO `ocksena_zone` (`zone_id`, `country_id`, `name`, `code`, `status`) VALUES ('3438', '219', 'Busia', 'BUS', '1');
INSERT INTO `ocksena_zone` (`zone_id`, `country_id`, `name`, `code`, `status`) VALUES ('3439', '219', 'Iganga', 'IGA', '1');
INSERT INTO `ocksena_zone` (`zone_id`, `country_id`, `name`, `code`, `status`) VALUES ('3440', '219', 'Jinja', 'JIN', '1');
INSERT INTO `ocksena_zone` (`zone_id`, `country_id`, `name`, `code`, `status`) VALUES ('3441', '219', 'Kaberamaido', 'KAB', '1');
INSERT INTO `ocksena_zone` (`zone_id`, `country_id`, `name`, `code`, `status`) VALUES ('3442', '219', 'Kamuli', 'KML', '1');
INSERT INTO `ocksena_zone` (`zone_id`, `country_id`, `name`, `code`, `status`) VALUES ('3443', '219', 'Kapchorwa', 'KPC', '1');
INSERT INTO `ocksena_zone` (`zone_id`, `country_id`, `name`, `code`, `status`) VALUES ('3444', '219', 'Katakwi', 'KTK', '1');
INSERT INTO `ocksena_zone` (`zone_id`, `country_id`, `name`, `code`, `status`) VALUES ('3445', '219', 'Kumi', 'KUM', '1');
INSERT INTO `ocksena_zone` (`zone_id`, `country_id`, `name`, `code`, `status`) VALUES ('3446', '219', 'Mayuge', 'MAY', '1');
INSERT INTO `ocksena_zone` (`zone_id`, `country_id`, `name`, `code`, `status`) VALUES ('3447', '219', 'Mbale', 'MBA', '1');
INSERT INTO `ocksena_zone` (`zone_id`, `country_id`, `name`, `code`, `status`) VALUES ('3448', '219', 'Pallisa', 'PAL', '1');
INSERT INTO `ocksena_zone` (`zone_id`, `country_id`, `name`, `code`, `status`) VALUES ('3449', '219', 'Sironko', 'SIR', '1');
INSERT INTO `ocksena_zone` (`zone_id`, `country_id`, `name`, `code`, `status`) VALUES ('3450', '219', 'Soroti', 'SOR', '1');
INSERT INTO `ocksena_zone` (`zone_id`, `country_id`, `name`, `code`, `status`) VALUES ('3451', '219', 'Tororo', 'TOR', '1');
INSERT INTO `ocksena_zone` (`zone_id`, `country_id`, `name`, `code`, `status`) VALUES ('3452', '219', 'Adjumani', 'ADJ', '1');
INSERT INTO `ocksena_zone` (`zone_id`, `country_id`, `name`, `code`, `status`) VALUES ('3453', '219', 'Apac', 'APC', '1');
INSERT INTO `ocksena_zone` (`zone_id`, `country_id`, `name`, `code`, `status`) VALUES ('3454', '219', 'Arua', 'ARU', '1');
INSERT INTO `ocksena_zone` (`zone_id`, `country_id`, `name`, `code`, `status`) VALUES ('3455', '219', 'Gulu', 'GUL', '1');
INSERT INTO `ocksena_zone` (`zone_id`, `country_id`, `name`, `code`, `status`) VALUES ('3456', '219', 'Kitgum', 'KIT', '1');
INSERT INTO `ocksena_zone` (`zone_id`, `country_id`, `name`, `code`, `status`) VALUES ('3457', '219', 'Kotido', 'KOT', '1');
INSERT INTO `ocksena_zone` (`zone_id`, `country_id`, `name`, `code`, `status`) VALUES ('3458', '219', 'Lira', 'LIR', '1');
INSERT INTO `ocksena_zone` (`zone_id`, `country_id`, `name`, `code`, `status`) VALUES ('3459', '219', 'Moroto', 'MRT', '1');
INSERT INTO `ocksena_zone` (`zone_id`, `country_id`, `name`, `code`, `status`) VALUES ('3460', '219', 'Moyo', 'MOY', '1');
INSERT INTO `ocksena_zone` (`zone_id`, `country_id`, `name`, `code`, `status`) VALUES ('3461', '219', 'Nakapiripirit', 'NAK', '1');
INSERT INTO `ocksena_zone` (`zone_id`, `country_id`, `name`, `code`, `status`) VALUES ('3462', '219', 'Nebbi', 'NEB', '1');
INSERT INTO `ocksena_zone` (`zone_id`, `country_id`, `name`, `code`, `status`) VALUES ('3463', '219', 'Pader', 'PAD', '1');
INSERT INTO `ocksena_zone` (`zone_id`, `country_id`, `name`, `code`, `status`) VALUES ('3464', '219', 'Yumbe', 'YUM', '1');
INSERT INTO `ocksena_zone` (`zone_id`, `country_id`, `name`, `code`, `status`) VALUES ('3465', '219', 'Bundibugyo', 'BUN', '1');
INSERT INTO `ocksena_zone` (`zone_id`, `country_id`, `name`, `code`, `status`) VALUES ('3466', '219', 'Bushenyi', 'BSH', '1');
INSERT INTO `ocksena_zone` (`zone_id`, `country_id`, `name`, `code`, `status`) VALUES ('3467', '219', 'Hoima', 'HOI', '1');
INSERT INTO `ocksena_zone` (`zone_id`, `country_id`, `name`, `code`, `status`) VALUES ('3468', '219', 'Kabale', 'KBL', '1');
INSERT INTO `ocksena_zone` (`zone_id`, `country_id`, `name`, `code`, `status`) VALUES ('3469', '219', 'Kabarole', 'KAR', '1');
INSERT INTO `ocksena_zone` (`zone_id`, `country_id`, `name`, `code`, `status`) VALUES ('3470', '219', 'Kamwenge', 'KAM', '1');
INSERT INTO `ocksena_zone` (`zone_id`, `country_id`, `name`, `code`, `status`) VALUES ('3471', '219', 'Kanungu', 'KAN', '1');
INSERT INTO `ocksena_zone` (`zone_id`, `country_id`, `name`, `code`, `status`) VALUES ('3472', '219', 'Kasese', 'KAS', '1');
INSERT INTO `ocksena_zone` (`zone_id`, `country_id`, `name`, `code`, `status`) VALUES ('3473', '219', 'Kibaale', 'KBA', '1');
INSERT INTO `ocksena_zone` (`zone_id`, `country_id`, `name`, `code`, `status`) VALUES ('3474', '219', 'Kisoro', 'KIS', '1');
INSERT INTO `ocksena_zone` (`zone_id`, `country_id`, `name`, `code`, `status`) VALUES ('3475', '219', 'Kyenjojo', 'KYE', '1');
INSERT INTO `ocksena_zone` (`zone_id`, `country_id`, `name`, `code`, `status`) VALUES ('3476', '219', 'Masindi', 'MSN', '1');
INSERT INTO `ocksena_zone` (`zone_id`, `country_id`, `name`, `code`, `status`) VALUES ('3477', '219', 'Mbarara', 'MBR', '1');
INSERT INTO `ocksena_zone` (`zone_id`, `country_id`, `name`, `code`, `status`) VALUES ('3478', '219', 'Ntungamo', 'NTU', '1');
INSERT INTO `ocksena_zone` (`zone_id`, `country_id`, `name`, `code`, `status`) VALUES ('3479', '219', 'Rukungiri', 'RUK', '1');
INSERT INTO `ocksena_zone` (`zone_id`, `country_id`, `name`, `code`, `status`) VALUES ('3480', '220', 'Cherkasy', 'CK', '1');
INSERT INTO `ocksena_zone` (`zone_id`, `country_id`, `name`, `code`, `status`) VALUES ('3481', '220', 'Chernihiv', 'CH', '1');
INSERT INTO `ocksena_zone` (`zone_id`, `country_id`, `name`, `code`, `status`) VALUES ('3482', '220', 'Chernivtsi', 'CV', '1');
INSERT INTO `ocksena_zone` (`zone_id`, `country_id`, `name`, `code`, `status`) VALUES ('3483', '220', 'Crimea', 'CR', '1');
INSERT INTO `ocksena_zone` (`zone_id`, `country_id`, `name`, `code`, `status`) VALUES ('3484', '220', 'Dnipropetrovs\'k', 'DN', '1');
INSERT INTO `ocksena_zone` (`zone_id`, `country_id`, `name`, `code`, `status`) VALUES ('3485', '220', 'Donets\'k', 'DO', '1');
INSERT INTO `ocksena_zone` (`zone_id`, `country_id`, `name`, `code`, `status`) VALUES ('3486', '220', 'Ivano-Frankivs\'k', 'IV', '1');
INSERT INTO `ocksena_zone` (`zone_id`, `country_id`, `name`, `code`, `status`) VALUES ('3487', '220', 'Kharkiv Kherson', 'KL', '1');
INSERT INTO `ocksena_zone` (`zone_id`, `country_id`, `name`, `code`, `status`) VALUES ('3488', '220', 'Khmel\'nyts\'kyy', 'KM', '1');
INSERT INTO `ocksena_zone` (`zone_id`, `country_id`, `name`, `code`, `status`) VALUES ('3489', '220', 'Kirovohrad', 'KR', '1');
INSERT INTO `ocksena_zone` (`zone_id`, `country_id`, `name`, `code`, `status`) VALUES ('3490', '220', 'Kiev', 'KV', '1');
INSERT INTO `ocksena_zone` (`zone_id`, `country_id`, `name`, `code`, `status`) VALUES ('3491', '220', 'Kyyiv', 'KY', '1');
INSERT INTO `ocksena_zone` (`zone_id`, `country_id`, `name`, `code`, `status`) VALUES ('3492', '220', 'Luhans\'k', 'LU', '1');
INSERT INTO `ocksena_zone` (`zone_id`, `country_id`, `name`, `code`, `status`) VALUES ('3493', '220', 'L\'viv', 'LV', '1');
INSERT INTO `ocksena_zone` (`zone_id`, `country_id`, `name`, `code`, `status`) VALUES ('3494', '220', 'Mykolayiv', 'MY', '1');
INSERT INTO `ocksena_zone` (`zone_id`, `country_id`, `name`, `code`, `status`) VALUES ('3495', '220', 'Odesa', 'OD', '1');
INSERT INTO `ocksena_zone` (`zone_id`, `country_id`, `name`, `code`, `status`) VALUES ('3496', '220', 'Poltava', 'PO', '1');
INSERT INTO `ocksena_zone` (`zone_id`, `country_id`, `name`, `code`, `status`) VALUES ('3497', '220', 'Rivne', 'RI', '1');
INSERT INTO `ocksena_zone` (`zone_id`, `country_id`, `name`, `code`, `status`) VALUES ('3498', '220', 'Sevastopol', 'SE', '1');
INSERT INTO `ocksena_zone` (`zone_id`, `country_id`, `name`, `code`, `status`) VALUES ('3499', '220', 'Sumy', 'SU', '1');
INSERT INTO `ocksena_zone` (`zone_id`, `country_id`, `name`, `code`, `status`) VALUES ('3500', '220', 'Ternopil\'', 'TE', '1');
INSERT INTO `ocksena_zone` (`zone_id`, `country_id`, `name`, `code`, `status`) VALUES ('3501', '220', 'Vinnytsya', 'VI', '1');
INSERT INTO `ocksena_zone` (`zone_id`, `country_id`, `name`, `code`, `status`) VALUES ('3502', '220', 'Volyn\'', 'VO', '1');
INSERT INTO `ocksena_zone` (`zone_id`, `country_id`, `name`, `code`, `status`) VALUES ('3503', '220', 'Zakarpattya', 'ZK', '1');
INSERT INTO `ocksena_zone` (`zone_id`, `country_id`, `name`, `code`, `status`) VALUES ('3504', '220', 'Zaporizhzhya', 'ZA', '1');
INSERT INTO `ocksena_zone` (`zone_id`, `country_id`, `name`, `code`, `status`) VALUES ('3505', '220', 'Zhytomyr', 'ZH', '1');
INSERT INTO `ocksena_zone` (`zone_id`, `country_id`, `name`, `code`, `status`) VALUES ('3506', '221', 'Abu Zaby', 'AZ', '1');
INSERT INTO `ocksena_zone` (`zone_id`, `country_id`, `name`, `code`, `status`) VALUES ('3507', '221', '\'Ajman', 'AJ', '1');
INSERT INTO `ocksena_zone` (`zone_id`, `country_id`, `name`, `code`, `status`) VALUES ('3508', '221', 'Al Fujayrah', 'FU', '1');
INSERT INTO `ocksena_zone` (`zone_id`, `country_id`, `name`, `code`, `status`) VALUES ('3509', '221', 'Ash Shariqah', 'SH', '1');
INSERT INTO `ocksena_zone` (`zone_id`, `country_id`, `name`, `code`, `status`) VALUES ('3510', '221', 'Dubayy', 'DU', '1');
INSERT INTO `ocksena_zone` (`zone_id`, `country_id`, `name`, `code`, `status`) VALUES ('3511', '221', 'R\'as al Khaymah', 'RK', '1');
INSERT INTO `ocksena_zone` (`zone_id`, `country_id`, `name`, `code`, `status`) VALUES ('3512', '221', 'Umm al Qaywayn', 'UQ', '1');
INSERT INTO `ocksena_zone` (`zone_id`, `country_id`, `name`, `code`, `status`) VALUES ('3513', '222', 'Aberdeen', 'ABN', '1');
INSERT INTO `ocksena_zone` (`zone_id`, `country_id`, `name`, `code`, `status`) VALUES ('3514', '222', 'Aberdeenshire', 'ABNS', '1');
INSERT INTO `ocksena_zone` (`zone_id`, `country_id`, `name`, `code`, `status`) VALUES ('3515', '222', 'Anglesey', 'ANG', '1');
INSERT INTO `ocksena_zone` (`zone_id`, `country_id`, `name`, `code`, `status`) VALUES ('3516', '222', 'Angus', 'AGS', '1');
INSERT INTO `ocksena_zone` (`zone_id`, `country_id`, `name`, `code`, `status`) VALUES ('3517', '222', 'Argyll and Bute', 'ARY', '1');
INSERT INTO `ocksena_zone` (`zone_id`, `country_id`, `name`, `code`, `status`) VALUES ('3518', '222', 'Bedfordshire', 'BEDS', '1');
INSERT INTO `ocksena_zone` (`zone_id`, `country_id`, `name`, `code`, `status`) VALUES ('3519', '222', 'Berkshire', 'BERKS', '1');
INSERT INTO `ocksena_zone` (`zone_id`, `country_id`, `name`, `code`, `status`) VALUES ('3520', '222', 'Blaenau Gwent', 'BLA', '1');
INSERT INTO `ocksena_zone` (`zone_id`, `country_id`, `name`, `code`, `status`) VALUES ('3521', '222', 'Bridgend', 'BRI', '1');
INSERT INTO `ocksena_zone` (`zone_id`, `country_id`, `name`, `code`, `status`) VALUES ('3522', '222', 'Bristol', 'BSTL', '1');
INSERT INTO `ocksena_zone` (`zone_id`, `country_id`, `name`, `code`, `status`) VALUES ('3523', '222', 'Buckinghamshire', 'BUCKS', '1');
INSERT INTO `ocksena_zone` (`zone_id`, `country_id`, `name`, `code`, `status`) VALUES ('3524', '222', 'Caerphilly', 'CAE', '1');
INSERT INTO `ocksena_zone` (`zone_id`, `country_id`, `name`, `code`, `status`) VALUES ('3525', '222', 'Cambridgeshire', 'CAMBS', '1');
INSERT INTO `ocksena_zone` (`zone_id`, `country_id`, `name`, `code`, `status`) VALUES ('3526', '222', 'Cardiff', 'CDF', '1');
INSERT INTO `ocksena_zone` (`zone_id`, `country_id`, `name`, `code`, `status`) VALUES ('3527', '222', 'Carmarthenshire', 'CARM', '1');
INSERT INTO `ocksena_zone` (`zone_id`, `country_id`, `name`, `code`, `status`) VALUES ('3528', '222', 'Ceredigion', 'CDGN', '1');
INSERT INTO `ocksena_zone` (`zone_id`, `country_id`, `name`, `code`, `status`) VALUES ('3529', '222', 'Cheshire', 'CHES', '1');
INSERT INTO `ocksena_zone` (`zone_id`, `country_id`, `name`, `code`, `status`) VALUES ('3530', '222', 'Clackmannanshire', 'CLACK', '1');
INSERT INTO `ocksena_zone` (`zone_id`, `country_id`, `name`, `code`, `status`) VALUES ('3531', '222', 'Conwy', 'CON', '1');
INSERT INTO `ocksena_zone` (`zone_id`, `country_id`, `name`, `code`, `status`) VALUES ('3532', '222', 'Cornwall', 'CORN', '1');
INSERT INTO `ocksena_zone` (`zone_id`, `country_id`, `name`, `code`, `status`) VALUES ('3533', '222', 'Denbighshire', 'DNBG', '1');
INSERT INTO `ocksena_zone` (`zone_id`, `country_id`, `name`, `code`, `status`) VALUES ('3534', '222', 'Derbyshire', 'DERBY', '1');
INSERT INTO `ocksena_zone` (`zone_id`, `country_id`, `name`, `code`, `status`) VALUES ('3535', '222', 'Devon', 'DVN', '1');
INSERT INTO `ocksena_zone` (`zone_id`, `country_id`, `name`, `code`, `status`) VALUES ('3536', '222', 'Dorset', 'DOR', '1');
INSERT INTO `ocksena_zone` (`zone_id`, `country_id`, `name`, `code`, `status`) VALUES ('3537', '222', 'Dumfries and Galloway', 'DGL', '1');
INSERT INTO `ocksena_zone` (`zone_id`, `country_id`, `name`, `code`, `status`) VALUES ('3538', '222', 'Dundee', 'DUND', '1');
INSERT INTO `ocksena_zone` (`zone_id`, `country_id`, `name`, `code`, `status`) VALUES ('3539', '222', 'Durham', 'DHM', '1');
INSERT INTO `ocksena_zone` (`zone_id`, `country_id`, `name`, `code`, `status`) VALUES ('3540', '222', 'East Ayrshire', 'ARYE', '1');
INSERT INTO `ocksena_zone` (`zone_id`, `country_id`, `name`, `code`, `status`) VALUES ('3541', '222', 'East Dunbartonshire', 'DUNBE', '1');
INSERT INTO `ocksena_zone` (`zone_id`, `country_id`, `name`, `code`, `status`) VALUES ('3542', '222', 'East Lothian', 'LOTE', '1');
INSERT INTO `ocksena_zone` (`zone_id`, `country_id`, `name`, `code`, `status`) VALUES ('3543', '222', 'East Renfrewshire', 'RENE', '1');
INSERT INTO `ocksena_zone` (`zone_id`, `country_id`, `name`, `code`, `status`) VALUES ('3544', '222', 'East Riding of Yorkshire', 'ERYS', '1');
INSERT INTO `ocksena_zone` (`zone_id`, `country_id`, `name`, `code`, `status`) VALUES ('3545', '222', 'East Sussex', 'SXE', '1');
INSERT INTO `ocksena_zone` (`zone_id`, `country_id`, `name`, `code`, `status`) VALUES ('3546', '222', 'Edinburgh', 'EDIN', '1');
INSERT INTO `ocksena_zone` (`zone_id`, `country_id`, `name`, `code`, `status`) VALUES ('3547', '222', 'Essex', 'ESX', '1');
INSERT INTO `ocksena_zone` (`zone_id`, `country_id`, `name`, `code`, `status`) VALUES ('3548', '222', 'Falkirk', 'FALK', '1');
INSERT INTO `ocksena_zone` (`zone_id`, `country_id`, `name`, `code`, `status`) VALUES ('3549', '222', 'Fife', 'FFE', '1');
INSERT INTO `ocksena_zone` (`zone_id`, `country_id`, `name`, `code`, `status`) VALUES ('3550', '222', 'Flintshire', 'FLINT', '1');
INSERT INTO `ocksena_zone` (`zone_id`, `country_id`, `name`, `code`, `status`) VALUES ('3551', '222', 'Glasgow', 'GLAS', '1');
INSERT INTO `ocksena_zone` (`zone_id`, `country_id`, `name`, `code`, `status`) VALUES ('3552', '222', 'Gloucestershire', 'GLOS', '1');
INSERT INTO `ocksena_zone` (`zone_id`, `country_id`, `name`, `code`, `status`) VALUES ('3553', '222', 'Greater London', 'LDN', '1');
INSERT INTO `ocksena_zone` (`zone_id`, `country_id`, `name`, `code`, `status`) VALUES ('3554', '222', 'Greater Manchester', 'MCH', '1');
INSERT INTO `ocksena_zone` (`zone_id`, `country_id`, `name`, `code`, `status`) VALUES ('3555', '222', 'Gwynedd', 'GDD', '1');
INSERT INTO `ocksena_zone` (`zone_id`, `country_id`, `name`, `code`, `status`) VALUES ('3556', '222', 'Hampshire', 'HANTS', '1');
INSERT INTO `ocksena_zone` (`zone_id`, `country_id`, `name`, `code`, `status`) VALUES ('3557', '222', 'Herefordshire', 'HWR', '1');
INSERT INTO `ocksena_zone` (`zone_id`, `country_id`, `name`, `code`, `status`) VALUES ('3558', '222', 'Hertfordshire', 'HERTS', '1');
INSERT INTO `ocksena_zone` (`zone_id`, `country_id`, `name`, `code`, `status`) VALUES ('3559', '222', 'Highlands', 'HLD', '1');
INSERT INTO `ocksena_zone` (`zone_id`, `country_id`, `name`, `code`, `status`) VALUES ('3560', '222', 'Inverclyde', 'IVER', '1');
INSERT INTO `ocksena_zone` (`zone_id`, `country_id`, `name`, `code`, `status`) VALUES ('3561', '222', 'Isle of Wight', 'IOW', '1');
INSERT INTO `ocksena_zone` (`zone_id`, `country_id`, `name`, `code`, `status`) VALUES ('3562', '222', 'Kent', 'KNT', '1');
INSERT INTO `ocksena_zone` (`zone_id`, `country_id`, `name`, `code`, `status`) VALUES ('3563', '222', 'Lancashire', 'LANCS', '1');
INSERT INTO `ocksena_zone` (`zone_id`, `country_id`, `name`, `code`, `status`) VALUES ('3564', '222', 'Leicestershire', 'LEICS', '1');
INSERT INTO `ocksena_zone` (`zone_id`, `country_id`, `name`, `code`, `status`) VALUES ('3565', '222', 'Lincolnshire', 'LINCS', '1');
INSERT INTO `ocksena_zone` (`zone_id`, `country_id`, `name`, `code`, `status`) VALUES ('3566', '222', 'Merseyside', 'MSY', '1');
INSERT INTO `ocksena_zone` (`zone_id`, `country_id`, `name`, `code`, `status`) VALUES ('3567', '222', 'Merthyr Tydfil', 'MERT', '1');
INSERT INTO `ocksena_zone` (`zone_id`, `country_id`, `name`, `code`, `status`) VALUES ('3568', '222', 'Midlothian', 'MLOT', '1');
INSERT INTO `ocksena_zone` (`zone_id`, `country_id`, `name`, `code`, `status`) VALUES ('3569', '222', 'Monmouthshire', 'MMOUTH', '1');
INSERT INTO `ocksena_zone` (`zone_id`, `country_id`, `name`, `code`, `status`) VALUES ('3570', '222', 'Moray', 'MORAY', '1');
INSERT INTO `ocksena_zone` (`zone_id`, `country_id`, `name`, `code`, `status`) VALUES ('3571', '222', 'Neath Port Talbot', 'NPRTAL', '1');
INSERT INTO `ocksena_zone` (`zone_id`, `country_id`, `name`, `code`, `status`) VALUES ('3572', '222', 'Newport', 'NEWPT', '1');
INSERT INTO `ocksena_zone` (`zone_id`, `country_id`, `name`, `code`, `status`) VALUES ('3573', '222', 'Norfolk', 'NOR', '1');
INSERT INTO `ocksena_zone` (`zone_id`, `country_id`, `name`, `code`, `status`) VALUES ('3574', '222', 'North Ayrshire', 'ARYN', '1');
INSERT INTO `ocksena_zone` (`zone_id`, `country_id`, `name`, `code`, `status`) VALUES ('3575', '222', 'North Lanarkshire', 'LANN', '1');
INSERT INTO `ocksena_zone` (`zone_id`, `country_id`, `name`, `code`, `status`) VALUES ('3576', '222', 'North Yorkshire', 'YSN', '1');
INSERT INTO `ocksena_zone` (`zone_id`, `country_id`, `name`, `code`, `status`) VALUES ('3577', '222', 'Northamptonshire', 'NHM', '1');
INSERT INTO `ocksena_zone` (`zone_id`, `country_id`, `name`, `code`, `status`) VALUES ('3578', '222', 'Northumberland', 'NLD', '1');
INSERT INTO `ocksena_zone` (`zone_id`, `country_id`, `name`, `code`, `status`) VALUES ('3579', '222', 'Nottinghamshire', 'NOT', '1');
INSERT INTO `ocksena_zone` (`zone_id`, `country_id`, `name`, `code`, `status`) VALUES ('3580', '222', 'Orkney Islands', 'ORK', '1');
INSERT INTO `ocksena_zone` (`zone_id`, `country_id`, `name`, `code`, `status`) VALUES ('3581', '222', 'Oxfordshire', 'OFE', '1');
INSERT INTO `ocksena_zone` (`zone_id`, `country_id`, `name`, `code`, `status`) VALUES ('3582', '222', 'Pembrokeshire', 'PEM', '1');
INSERT INTO `ocksena_zone` (`zone_id`, `country_id`, `name`, `code`, `status`) VALUES ('3583', '222', 'Perth and Kinross', 'PERTH', '1');
INSERT INTO `ocksena_zone` (`zone_id`, `country_id`, `name`, `code`, `status`) VALUES ('3584', '222', 'Powys', 'PWS', '1');
INSERT INTO `ocksena_zone` (`zone_id`, `country_id`, `name`, `code`, `status`) VALUES ('3585', '222', 'Renfrewshire', 'REN', '1');
INSERT INTO `ocksena_zone` (`zone_id`, `country_id`, `name`, `code`, `status`) VALUES ('3586', '222', 'Rhondda Cynon Taff', 'RHON', '1');
INSERT INTO `ocksena_zone` (`zone_id`, `country_id`, `name`, `code`, `status`) VALUES ('3587', '222', 'Rutland', 'RUT', '1');
INSERT INTO `ocksena_zone` (`zone_id`, `country_id`, `name`, `code`, `status`) VALUES ('3588', '222', 'Scottish Borders', 'BOR', '1');
INSERT INTO `ocksena_zone` (`zone_id`, `country_id`, `name`, `code`, `status`) VALUES ('3589', '222', 'Shetland Islands', 'SHET', '1');
INSERT INTO `ocksena_zone` (`zone_id`, `country_id`, `name`, `code`, `status`) VALUES ('3590', '222', 'Shropshire', 'SPE', '1');
INSERT INTO `ocksena_zone` (`zone_id`, `country_id`, `name`, `code`, `status`) VALUES ('3591', '222', 'Somerset', 'SOM', '1');
INSERT INTO `ocksena_zone` (`zone_id`, `country_id`, `name`, `code`, `status`) VALUES ('3592', '222', 'South Ayrshire', 'ARYS', '1');
INSERT INTO `ocksena_zone` (`zone_id`, `country_id`, `name`, `code`, `status`) VALUES ('3593', '222', 'South Lanarkshire', 'LANS', '1');
INSERT INTO `ocksena_zone` (`zone_id`, `country_id`, `name`, `code`, `status`) VALUES ('3594', '222', 'South Yorkshire', 'YSS', '1');
INSERT INTO `ocksena_zone` (`zone_id`, `country_id`, `name`, `code`, `status`) VALUES ('3595', '222', 'Staffordshire', 'SFD', '1');
INSERT INTO `ocksena_zone` (`zone_id`, `country_id`, `name`, `code`, `status`) VALUES ('3596', '222', 'Stirling', 'STIR', '1');
INSERT INTO `ocksena_zone` (`zone_id`, `country_id`, `name`, `code`, `status`) VALUES ('3597', '222', 'Suffolk', 'SFK', '1');
INSERT INTO `ocksena_zone` (`zone_id`, `country_id`, `name`, `code`, `status`) VALUES ('3598', '222', 'Surrey', 'SRY', '1');
INSERT INTO `ocksena_zone` (`zone_id`, `country_id`, `name`, `code`, `status`) VALUES ('3599', '222', 'Swansea', 'SWAN', '1');
INSERT INTO `ocksena_zone` (`zone_id`, `country_id`, `name`, `code`, `status`) VALUES ('3600', '222', 'Torfaen', 'TORF', '1');
INSERT INTO `ocksena_zone` (`zone_id`, `country_id`, `name`, `code`, `status`) VALUES ('3601', '222', 'Tyne and Wear', 'TWR', '1');
INSERT INTO `ocksena_zone` (`zone_id`, `country_id`, `name`, `code`, `status`) VALUES ('3602', '222', 'Vale of Glamorgan', 'VGLAM', '1');
INSERT INTO `ocksena_zone` (`zone_id`, `country_id`, `name`, `code`, `status`) VALUES ('3603', '222', 'Warwickshire', 'WARKS', '1');
INSERT INTO `ocksena_zone` (`zone_id`, `country_id`, `name`, `code`, `status`) VALUES ('3604', '222', 'West Dunbartonshire', 'WDUN', '1');
INSERT INTO `ocksena_zone` (`zone_id`, `country_id`, `name`, `code`, `status`) VALUES ('3605', '222', 'West Lothian', 'WLOT', '1');
INSERT INTO `ocksena_zone` (`zone_id`, `country_id`, `name`, `code`, `status`) VALUES ('3606', '222', 'West Midlands', 'WMD', '1');
INSERT INTO `ocksena_zone` (`zone_id`, `country_id`, `name`, `code`, `status`) VALUES ('3607', '222', 'West Sussex', 'SXW', '1');
INSERT INTO `ocksena_zone` (`zone_id`, `country_id`, `name`, `code`, `status`) VALUES ('3608', '222', 'West Yorkshire', 'YSW', '1');
INSERT INTO `ocksena_zone` (`zone_id`, `country_id`, `name`, `code`, `status`) VALUES ('3609', '222', 'Western Isles', 'WIL', '1');
INSERT INTO `ocksena_zone` (`zone_id`, `country_id`, `name`, `code`, `status`) VALUES ('3610', '222', 'Wiltshire', 'WLT', '1');
INSERT INTO `ocksena_zone` (`zone_id`, `country_id`, `name`, `code`, `status`) VALUES ('3611', '222', 'Worcestershire', 'WORCS', '1');
INSERT INTO `ocksena_zone` (`zone_id`, `country_id`, `name`, `code`, `status`) VALUES ('3612', '222', 'Wrexham', 'WRX', '1');
INSERT INTO `ocksena_zone` (`zone_id`, `country_id`, `name`, `code`, `status`) VALUES ('3613', '223', 'Alabama', 'AL', '1');
INSERT INTO `ocksena_zone` (`zone_id`, `country_id`, `name`, `code`, `status`) VALUES ('3614', '223', 'Alaska', 'AK', '1');
INSERT INTO `ocksena_zone` (`zone_id`, `country_id`, `name`, `code`, `status`) VALUES ('3615', '223', 'American Samoa', 'AS', '1');
INSERT INTO `ocksena_zone` (`zone_id`, `country_id`, `name`, `code`, `status`) VALUES ('3616', '223', 'Arizona', 'AZ', '1');
INSERT INTO `ocksena_zone` (`zone_id`, `country_id`, `name`, `code`, `status`) VALUES ('3617', '223', 'Arkansas', 'AR', '1');
INSERT INTO `ocksena_zone` (`zone_id`, `country_id`, `name`, `code`, `status`) VALUES ('3618', '223', 'Armed Forces Africa', 'AF', '1');
INSERT INTO `ocksena_zone` (`zone_id`, `country_id`, `name`, `code`, `status`) VALUES ('3619', '223', 'Armed Forces Americas', 'AA', '1');
INSERT INTO `ocksena_zone` (`zone_id`, `country_id`, `name`, `code`, `status`) VALUES ('3620', '223', 'Armed Forces Canada', 'AC', '1');
INSERT INTO `ocksena_zone` (`zone_id`, `country_id`, `name`, `code`, `status`) VALUES ('3621', '223', 'Armed Forces Europe', 'AE', '1');
INSERT INTO `ocksena_zone` (`zone_id`, `country_id`, `name`, `code`, `status`) VALUES ('3622', '223', 'Armed Forces Middle East', 'AM', '1');
INSERT INTO `ocksena_zone` (`zone_id`, `country_id`, `name`, `code`, `status`) VALUES ('3623', '223', 'Armed Forces Pacific', 'AP', '1');
INSERT INTO `ocksena_zone` (`zone_id`, `country_id`, `name`, `code`, `status`) VALUES ('3624', '223', 'California', 'CA', '1');
INSERT INTO `ocksena_zone` (`zone_id`, `country_id`, `name`, `code`, `status`) VALUES ('3625', '223', 'Colorado', 'CO', '1');
INSERT INTO `ocksena_zone` (`zone_id`, `country_id`, `name`, `code`, `status`) VALUES ('3626', '223', 'Connecticut', 'CT', '1');
INSERT INTO `ocksena_zone` (`zone_id`, `country_id`, `name`, `code`, `status`) VALUES ('3627', '223', 'Delaware', 'DE', '1');
INSERT INTO `ocksena_zone` (`zone_id`, `country_id`, `name`, `code`, `status`) VALUES ('3628', '223', 'District of Columbia', 'DC', '1');
INSERT INTO `ocksena_zone` (`zone_id`, `country_id`, `name`, `code`, `status`) VALUES ('3629', '223', 'Federated States Of Micronesia', 'FM', '1');
INSERT INTO `ocksena_zone` (`zone_id`, `country_id`, `name`, `code`, `status`) VALUES ('3630', '223', 'Florida', 'FL', '1');
INSERT INTO `ocksena_zone` (`zone_id`, `country_id`, `name`, `code`, `status`) VALUES ('3631', '223', 'Georgia', 'GA', '1');
INSERT INTO `ocksena_zone` (`zone_id`, `country_id`, `name`, `code`, `status`) VALUES ('3632', '223', 'Guam', 'GU', '1');
INSERT INTO `ocksena_zone` (`zone_id`, `country_id`, `name`, `code`, `status`) VALUES ('3633', '223', 'Hawaii', 'HI', '1');
INSERT INTO `ocksena_zone` (`zone_id`, `country_id`, `name`, `code`, `status`) VALUES ('3634', '223', 'Idaho', 'ID', '1');
INSERT INTO `ocksena_zone` (`zone_id`, `country_id`, `name`, `code`, `status`) VALUES ('3635', '223', 'Illinois', 'IL', '1');
INSERT INTO `ocksena_zone` (`zone_id`, `country_id`, `name`, `code`, `status`) VALUES ('3636', '223', 'Indiana', 'IN', '1');
INSERT INTO `ocksena_zone` (`zone_id`, `country_id`, `name`, `code`, `status`) VALUES ('3637', '223', 'Iowa', 'IA', '1');
INSERT INTO `ocksena_zone` (`zone_id`, `country_id`, `name`, `code`, `status`) VALUES ('3638', '223', 'Kansas', 'KS', '1');
INSERT INTO `ocksena_zone` (`zone_id`, `country_id`, `name`, `code`, `status`) VALUES ('3639', '223', 'Kentucky', 'KY', '1');
INSERT INTO `ocksena_zone` (`zone_id`, `country_id`, `name`, `code`, `status`) VALUES ('3640', '223', 'Louisiana', 'LA', '1');
INSERT INTO `ocksena_zone` (`zone_id`, `country_id`, `name`, `code`, `status`) VALUES ('3641', '223', 'Maine', 'ME', '1');
INSERT INTO `ocksena_zone` (`zone_id`, `country_id`, `name`, `code`, `status`) VALUES ('3642', '223', 'Marshall Islands', 'MH', '1');
INSERT INTO `ocksena_zone` (`zone_id`, `country_id`, `name`, `code`, `status`) VALUES ('3643', '223', 'Maryland', 'MD', '1');
INSERT INTO `ocksena_zone` (`zone_id`, `country_id`, `name`, `code`, `status`) VALUES ('3644', '223', 'Massachusetts', 'MA', '1');
INSERT INTO `ocksena_zone` (`zone_id`, `country_id`, `name`, `code`, `status`) VALUES ('3645', '223', 'Michigan', 'MI', '1');
INSERT INTO `ocksena_zone` (`zone_id`, `country_id`, `name`, `code`, `status`) VALUES ('3646', '223', 'Minnesota', 'MN', '1');
INSERT INTO `ocksena_zone` (`zone_id`, `country_id`, `name`, `code`, `status`) VALUES ('3647', '223', 'Mississippi', 'MS', '1');
INSERT INTO `ocksena_zone` (`zone_id`, `country_id`, `name`, `code`, `status`) VALUES ('3648', '223', 'Missouri', 'MO', '1');
INSERT INTO `ocksena_zone` (`zone_id`, `country_id`, `name`, `code`, `status`) VALUES ('3649', '223', 'Montana', 'MT', '1');
INSERT INTO `ocksena_zone` (`zone_id`, `country_id`, `name`, `code`, `status`) VALUES ('3650', '223', 'Nebraska', 'NE', '1');
INSERT INTO `ocksena_zone` (`zone_id`, `country_id`, `name`, `code`, `status`) VALUES ('3651', '223', 'Nevada', 'NV', '1');
INSERT INTO `ocksena_zone` (`zone_id`, `country_id`, `name`, `code`, `status`) VALUES ('3652', '223', 'New Hampshire', 'NH', '1');
INSERT INTO `ocksena_zone` (`zone_id`, `country_id`, `name`, `code`, `status`) VALUES ('3653', '223', 'New Jersey', 'NJ', '1');
INSERT INTO `ocksena_zone` (`zone_id`, `country_id`, `name`, `code`, `status`) VALUES ('3654', '223', 'New Mexico', 'NM', '1');
INSERT INTO `ocksena_zone` (`zone_id`, `country_id`, `name`, `code`, `status`) VALUES ('3655', '223', 'New York', 'NY', '1');
INSERT INTO `ocksena_zone` (`zone_id`, `country_id`, `name`, `code`, `status`) VALUES ('3656', '223', 'North Carolina', 'NC', '1');
INSERT INTO `ocksena_zone` (`zone_id`, `country_id`, `name`, `code`, `status`) VALUES ('3657', '223', 'North Dakota', 'ND', '1');
INSERT INTO `ocksena_zone` (`zone_id`, `country_id`, `name`, `code`, `status`) VALUES ('3658', '223', 'Northern Mariana Islands', 'MP', '1');
INSERT INTO `ocksena_zone` (`zone_id`, `country_id`, `name`, `code`, `status`) VALUES ('3659', '223', 'Ohio', 'OH', '1');
INSERT INTO `ocksena_zone` (`zone_id`, `country_id`, `name`, `code`, `status`) VALUES ('3660', '223', 'Oklahoma', 'OK', '1');
INSERT INTO `ocksena_zone` (`zone_id`, `country_id`, `name`, `code`, `status`) VALUES ('3661', '223', 'Oregon', 'OR', '1');
INSERT INTO `ocksena_zone` (`zone_id`, `country_id`, `name`, `code`, `status`) VALUES ('3662', '223', 'Palau', 'PW', '1');
INSERT INTO `ocksena_zone` (`zone_id`, `country_id`, `name`, `code`, `status`) VALUES ('3663', '223', 'Pennsylvania', 'PA', '1');
INSERT INTO `ocksena_zone` (`zone_id`, `country_id`, `name`, `code`, `status`) VALUES ('3664', '223', 'Puerto Rico', 'PR', '1');
INSERT INTO `ocksena_zone` (`zone_id`, `country_id`, `name`, `code`, `status`) VALUES ('3665', '223', 'Rhode Island', 'RI', '1');
INSERT INTO `ocksena_zone` (`zone_id`, `country_id`, `name`, `code`, `status`) VALUES ('3666', '223', 'South Carolina', 'SC', '1');
INSERT INTO `ocksena_zone` (`zone_id`, `country_id`, `name`, `code`, `status`) VALUES ('3667', '223', 'South Dakota', 'SD', '1');
INSERT INTO `ocksena_zone` (`zone_id`, `country_id`, `name`, `code`, `status`) VALUES ('3668', '223', 'Tennessee', 'TN', '1');
INSERT INTO `ocksena_zone` (`zone_id`, `country_id`, `name`, `code`, `status`) VALUES ('3669', '223', 'Texas', 'TX', '1');
INSERT INTO `ocksena_zone` (`zone_id`, `country_id`, `name`, `code`, `status`) VALUES ('3670', '223', 'Utah', 'UT', '1');
INSERT INTO `ocksena_zone` (`zone_id`, `country_id`, `name`, `code`, `status`) VALUES ('3671', '223', 'Vermont', 'VT', '1');
INSERT INTO `ocksena_zone` (`zone_id`, `country_id`, `name`, `code`, `status`) VALUES ('3672', '223', 'Virgin Islands', 'VI', '1');
INSERT INTO `ocksena_zone` (`zone_id`, `country_id`, `name`, `code`, `status`) VALUES ('3673', '223', 'Virginia', 'VA', '1');
INSERT INTO `ocksena_zone` (`zone_id`, `country_id`, `name`, `code`, `status`) VALUES ('3674', '223', 'Washington', 'WA', '1');
INSERT INTO `ocksena_zone` (`zone_id`, `country_id`, `name`, `code`, `status`) VALUES ('3675', '223', 'West Virginia', 'WV', '1');
INSERT INTO `ocksena_zone` (`zone_id`, `country_id`, `name`, `code`, `status`) VALUES ('3676', '223', 'Wisconsin', 'WI', '1');
INSERT INTO `ocksena_zone` (`zone_id`, `country_id`, `name`, `code`, `status`) VALUES ('3677', '223', 'Wyoming', 'WY', '1');
INSERT INTO `ocksena_zone` (`zone_id`, `country_id`, `name`, `code`, `status`) VALUES ('3678', '224', 'Baker Island', 'BI', '1');
INSERT INTO `ocksena_zone` (`zone_id`, `country_id`, `name`, `code`, `status`) VALUES ('3679', '224', 'Howland Island', 'HI', '1');
INSERT INTO `ocksena_zone` (`zone_id`, `country_id`, `name`, `code`, `status`) VALUES ('3680', '224', 'Jarvis Island', 'JI', '1');
INSERT INTO `ocksena_zone` (`zone_id`, `country_id`, `name`, `code`, `status`) VALUES ('3681', '224', 'Johnston Atoll', 'JA', '1');
INSERT INTO `ocksena_zone` (`zone_id`, `country_id`, `name`, `code`, `status`) VALUES ('3682', '224', 'Kingman Reef', 'KR', '1');
INSERT INTO `ocksena_zone` (`zone_id`, `country_id`, `name`, `code`, `status`) VALUES ('3683', '224', 'Midway Atoll', 'MA', '1');
INSERT INTO `ocksena_zone` (`zone_id`, `country_id`, `name`, `code`, `status`) VALUES ('3684', '224', 'Navassa Island', 'NI', '1');
INSERT INTO `ocksena_zone` (`zone_id`, `country_id`, `name`, `code`, `status`) VALUES ('3685', '224', 'Palmyra Atoll', 'PA', '1');
INSERT INTO `ocksena_zone` (`zone_id`, `country_id`, `name`, `code`, `status`) VALUES ('3686', '224', 'Wake Island', 'WI', '1');
INSERT INTO `ocksena_zone` (`zone_id`, `country_id`, `name`, `code`, `status`) VALUES ('3687', '225', 'Artigas', 'AR', '1');
INSERT INTO `ocksena_zone` (`zone_id`, `country_id`, `name`, `code`, `status`) VALUES ('3688', '225', 'Canelones', 'CA', '1');
INSERT INTO `ocksena_zone` (`zone_id`, `country_id`, `name`, `code`, `status`) VALUES ('3689', '225', 'Cerro Largo', 'CL', '1');
INSERT INTO `ocksena_zone` (`zone_id`, `country_id`, `name`, `code`, `status`) VALUES ('3690', '225', 'Colonia', 'CO', '1');
INSERT INTO `ocksena_zone` (`zone_id`, `country_id`, `name`, `code`, `status`) VALUES ('3691', '225', 'Durazno', 'DU', '1');
INSERT INTO `ocksena_zone` (`zone_id`, `country_id`, `name`, `code`, `status`) VALUES ('3692', '225', 'Flores', 'FS', '1');
INSERT INTO `ocksena_zone` (`zone_id`, `country_id`, `name`, `code`, `status`) VALUES ('3693', '225', 'Florida', 'FA', '1');
INSERT INTO `ocksena_zone` (`zone_id`, `country_id`, `name`, `code`, `status`) VALUES ('3694', '225', 'Lavalleja', 'LA', '1');
INSERT INTO `ocksena_zone` (`zone_id`, `country_id`, `name`, `code`, `status`) VALUES ('3695', '225', 'Maldonado', 'MA', '1');
INSERT INTO `ocksena_zone` (`zone_id`, `country_id`, `name`, `code`, `status`) VALUES ('3696', '225', 'Montevideo', 'MO', '1');
INSERT INTO `ocksena_zone` (`zone_id`, `country_id`, `name`, `code`, `status`) VALUES ('3697', '225', 'Paysandu', 'PA', '1');
INSERT INTO `ocksena_zone` (`zone_id`, `country_id`, `name`, `code`, `status`) VALUES ('3698', '225', 'Rio Negro', 'RN', '1');
INSERT INTO `ocksena_zone` (`zone_id`, `country_id`, `name`, `code`, `status`) VALUES ('3699', '225', 'Rivera', 'RV', '1');
INSERT INTO `ocksena_zone` (`zone_id`, `country_id`, `name`, `code`, `status`) VALUES ('3700', '225', 'Rocha', 'RO', '1');
INSERT INTO `ocksena_zone` (`zone_id`, `country_id`, `name`, `code`, `status`) VALUES ('3701', '225', 'Salto', 'SL', '1');
INSERT INTO `ocksena_zone` (`zone_id`, `country_id`, `name`, `code`, `status`) VALUES ('3702', '225', 'San Jose', 'SJ', '1');
INSERT INTO `ocksena_zone` (`zone_id`, `country_id`, `name`, `code`, `status`) VALUES ('3703', '225', 'Soriano', 'SO', '1');
INSERT INTO `ocksena_zone` (`zone_id`, `country_id`, `name`, `code`, `status`) VALUES ('3704', '225', 'Tacuarembo', 'TA', '1');
INSERT INTO `ocksena_zone` (`zone_id`, `country_id`, `name`, `code`, `status`) VALUES ('3705', '225', 'Treinta y Tres', 'TT', '1');
INSERT INTO `ocksena_zone` (`zone_id`, `country_id`, `name`, `code`, `status`) VALUES ('3706', '226', 'Andijon', 'AN', '1');
INSERT INTO `ocksena_zone` (`zone_id`, `country_id`, `name`, `code`, `status`) VALUES ('3707', '226', 'Buxoro', 'BU', '1');
INSERT INTO `ocksena_zone` (`zone_id`, `country_id`, `name`, `code`, `status`) VALUES ('3708', '226', 'Farg\'ona', 'FA', '1');
INSERT INTO `ocksena_zone` (`zone_id`, `country_id`, `name`, `code`, `status`) VALUES ('3709', '226', 'Jizzax', 'JI', '1');
INSERT INTO `ocksena_zone` (`zone_id`, `country_id`, `name`, `code`, `status`) VALUES ('3710', '226', 'Namangan', 'NG', '1');
INSERT INTO `ocksena_zone` (`zone_id`, `country_id`, `name`, `code`, `status`) VALUES ('3711', '226', 'Navoiy', 'NW', '1');
INSERT INTO `ocksena_zone` (`zone_id`, `country_id`, `name`, `code`, `status`) VALUES ('3712', '226', 'Qashqadaryo', 'QA', '1');
INSERT INTO `ocksena_zone` (`zone_id`, `country_id`, `name`, `code`, `status`) VALUES ('3713', '226', 'Qoraqalpog\'iston Republikasi', 'QR', '1');
INSERT INTO `ocksena_zone` (`zone_id`, `country_id`, `name`, `code`, `status`) VALUES ('3714', '226', 'Samarqand', 'SA', '1');
INSERT INTO `ocksena_zone` (`zone_id`, `country_id`, `name`, `code`, `status`) VALUES ('3715', '226', 'Sirdaryo', 'SI', '1');
INSERT INTO `ocksena_zone` (`zone_id`, `country_id`, `name`, `code`, `status`) VALUES ('3716', '226', 'Surxondaryo', 'SU', '1');
INSERT INTO `ocksena_zone` (`zone_id`, `country_id`, `name`, `code`, `status`) VALUES ('3717', '226', 'Toshkent City', 'TK', '1');
INSERT INTO `ocksena_zone` (`zone_id`, `country_id`, `name`, `code`, `status`) VALUES ('3718', '226', 'Toshkent Region', 'TO', '1');
INSERT INTO `ocksena_zone` (`zone_id`, `country_id`, `name`, `code`, `status`) VALUES ('3719', '226', 'Xorazm', 'XO', '1');
INSERT INTO `ocksena_zone` (`zone_id`, `country_id`, `name`, `code`, `status`) VALUES ('3720', '227', 'Malampa', 'MA', '1');
INSERT INTO `ocksena_zone` (`zone_id`, `country_id`, `name`, `code`, `status`) VALUES ('3721', '227', 'Penama', 'PE', '1');
INSERT INTO `ocksena_zone` (`zone_id`, `country_id`, `name`, `code`, `status`) VALUES ('3722', '227', 'Sanma', 'SA', '1');
INSERT INTO `ocksena_zone` (`zone_id`, `country_id`, `name`, `code`, `status`) VALUES ('3723', '227', 'Shefa', 'SH', '1');
INSERT INTO `ocksena_zone` (`zone_id`, `country_id`, `name`, `code`, `status`) VALUES ('3724', '227', 'Tafea', 'TA', '1');
INSERT INTO `ocksena_zone` (`zone_id`, `country_id`, `name`, `code`, `status`) VALUES ('3725', '227', 'Torba', 'TO', '1');
INSERT INTO `ocksena_zone` (`zone_id`, `country_id`, `name`, `code`, `status`) VALUES ('3726', '229', 'Amazonas', 'AM', '1');
INSERT INTO `ocksena_zone` (`zone_id`, `country_id`, `name`, `code`, `status`) VALUES ('3727', '229', 'Anzoategui', 'AN', '1');
INSERT INTO `ocksena_zone` (`zone_id`, `country_id`, `name`, `code`, `status`) VALUES ('3728', '229', 'Apure', 'AP', '1');
INSERT INTO `ocksena_zone` (`zone_id`, `country_id`, `name`, `code`, `status`) VALUES ('3729', '229', 'Aragua', 'AR', '1');
INSERT INTO `ocksena_zone` (`zone_id`, `country_id`, `name`, `code`, `status`) VALUES ('3730', '229', 'Barinas', 'BA', '1');
INSERT INTO `ocksena_zone` (`zone_id`, `country_id`, `name`, `code`, `status`) VALUES ('3731', '229', 'Bolivar', 'BO', '1');
INSERT INTO `ocksena_zone` (`zone_id`, `country_id`, `name`, `code`, `status`) VALUES ('3732', '229', 'Carabobo', 'CA', '1');
INSERT INTO `ocksena_zone` (`zone_id`, `country_id`, `name`, `code`, `status`) VALUES ('3733', '229', 'Cojedes', 'CO', '1');
INSERT INTO `ocksena_zone` (`zone_id`, `country_id`, `name`, `code`, `status`) VALUES ('3734', '229', 'Delta Amacuro', 'DA', '1');
INSERT INTO `ocksena_zone` (`zone_id`, `country_id`, `name`, `code`, `status`) VALUES ('3735', '229', 'Dependencias Federales', 'DF', '1');
INSERT INTO `ocksena_zone` (`zone_id`, `country_id`, `name`, `code`, `status`) VALUES ('3736', '229', 'Distrito Federal', 'DI', '1');
INSERT INTO `ocksena_zone` (`zone_id`, `country_id`, `name`, `code`, `status`) VALUES ('3737', '229', 'Falcon', 'FA', '1');
INSERT INTO `ocksena_zone` (`zone_id`, `country_id`, `name`, `code`, `status`) VALUES ('3738', '229', 'Guarico', 'GU', '1');
INSERT INTO `ocksena_zone` (`zone_id`, `country_id`, `name`, `code`, `status`) VALUES ('3739', '229', 'Lara', 'LA', '1');
INSERT INTO `ocksena_zone` (`zone_id`, `country_id`, `name`, `code`, `status`) VALUES ('3740', '229', 'Merida', 'ME', '1');
INSERT INTO `ocksena_zone` (`zone_id`, `country_id`, `name`, `code`, `status`) VALUES ('3741', '229', 'Miranda', 'MI', '1');
INSERT INTO `ocksena_zone` (`zone_id`, `country_id`, `name`, `code`, `status`) VALUES ('3742', '229', 'Monagas', 'MO', '1');
INSERT INTO `ocksena_zone` (`zone_id`, `country_id`, `name`, `code`, `status`) VALUES ('3743', '229', 'Nueva Esparta', 'NE', '1');
INSERT INTO `ocksena_zone` (`zone_id`, `country_id`, `name`, `code`, `status`) VALUES ('3744', '229', 'Portuguesa', 'PO', '1');
INSERT INTO `ocksena_zone` (`zone_id`, `country_id`, `name`, `code`, `status`) VALUES ('3745', '229', 'Sucre', 'SU', '1');
INSERT INTO `ocksena_zone` (`zone_id`, `country_id`, `name`, `code`, `status`) VALUES ('3746', '229', 'Tachira', 'TA', '1');
INSERT INTO `ocksena_zone` (`zone_id`, `country_id`, `name`, `code`, `status`) VALUES ('3747', '229', 'Trujillo', 'TR', '1');
INSERT INTO `ocksena_zone` (`zone_id`, `country_id`, `name`, `code`, `status`) VALUES ('3748', '229', 'Vargas', 'VA', '1');
INSERT INTO `ocksena_zone` (`zone_id`, `country_id`, `name`, `code`, `status`) VALUES ('3749', '229', 'Yaracuy', 'YA', '1');
INSERT INTO `ocksena_zone` (`zone_id`, `country_id`, `name`, `code`, `status`) VALUES ('3750', '229', 'Zulia', 'ZU', '1');
INSERT INTO `ocksena_zone` (`zone_id`, `country_id`, `name`, `code`, `status`) VALUES ('3751', '230', 'An Giang', 'AG', '1');
INSERT INTO `ocksena_zone` (`zone_id`, `country_id`, `name`, `code`, `status`) VALUES ('3752', '230', 'Bac Giang', 'BG', '1');
INSERT INTO `ocksena_zone` (`zone_id`, `country_id`, `name`, `code`, `status`) VALUES ('3753', '230', 'Bac Kan', 'BK', '1');
INSERT INTO `ocksena_zone` (`zone_id`, `country_id`, `name`, `code`, `status`) VALUES ('3754', '230', 'Bac Lieu', 'BL', '1');
INSERT INTO `ocksena_zone` (`zone_id`, `country_id`, `name`, `code`, `status`) VALUES ('3755', '230', 'Bac Ninh', 'BC', '1');
INSERT INTO `ocksena_zone` (`zone_id`, `country_id`, `name`, `code`, `status`) VALUES ('3756', '230', 'Ba Ria-Vung Tau', 'BR', '1');
INSERT INTO `ocksena_zone` (`zone_id`, `country_id`, `name`, `code`, `status`) VALUES ('3757', '230', 'Ben Tre', 'BN', '1');
INSERT INTO `ocksena_zone` (`zone_id`, `country_id`, `name`, `code`, `status`) VALUES ('3758', '230', 'Binh Dinh', 'BH', '1');
INSERT INTO `ocksena_zone` (`zone_id`, `country_id`, `name`, `code`, `status`) VALUES ('3759', '230', 'Binh Duong', 'BU', '1');
INSERT INTO `ocksena_zone` (`zone_id`, `country_id`, `name`, `code`, `status`) VALUES ('3760', '230', 'Binh Phuoc', 'BP', '1');
INSERT INTO `ocksena_zone` (`zone_id`, `country_id`, `name`, `code`, `status`) VALUES ('3761', '230', 'Binh Thuan', 'BT', '1');
INSERT INTO `ocksena_zone` (`zone_id`, `country_id`, `name`, `code`, `status`) VALUES ('3762', '230', 'Ca Mau', 'CM', '1');
INSERT INTO `ocksena_zone` (`zone_id`, `country_id`, `name`, `code`, `status`) VALUES ('3763', '230', 'Can Tho', 'CT', '1');
INSERT INTO `ocksena_zone` (`zone_id`, `country_id`, `name`, `code`, `status`) VALUES ('3764', '230', 'Cao Bang', 'CB', '1');
INSERT INTO `ocksena_zone` (`zone_id`, `country_id`, `name`, `code`, `status`) VALUES ('3765', '230', 'Dak Lak', 'DL', '1');
INSERT INTO `ocksena_zone` (`zone_id`, `country_id`, `name`, `code`, `status`) VALUES ('3766', '230', 'Dak Nong', 'DG', '1');
INSERT INTO `ocksena_zone` (`zone_id`, `country_id`, `name`, `code`, `status`) VALUES ('3767', '230', 'Da Nang', 'DN', '1');
INSERT INTO `ocksena_zone` (`zone_id`, `country_id`, `name`, `code`, `status`) VALUES ('3768', '230', 'Dien Bien', 'DB', '1');
INSERT INTO `ocksena_zone` (`zone_id`, `country_id`, `name`, `code`, `status`) VALUES ('3769', '230', 'Dong Nai', 'DI', '1');
INSERT INTO `ocksena_zone` (`zone_id`, `country_id`, `name`, `code`, `status`) VALUES ('3770', '230', 'Dong Thap', 'DT', '1');
INSERT INTO `ocksena_zone` (`zone_id`, `country_id`, `name`, `code`, `status`) VALUES ('3771', '230', 'Gia Lai', 'GL', '1');
INSERT INTO `ocksena_zone` (`zone_id`, `country_id`, `name`, `code`, `status`) VALUES ('3772', '230', 'Ha Giang', 'HG', '1');
INSERT INTO `ocksena_zone` (`zone_id`, `country_id`, `name`, `code`, `status`) VALUES ('3773', '230', 'Hai Duong', 'HD', '1');
INSERT INTO `ocksena_zone` (`zone_id`, `country_id`, `name`, `code`, `status`) VALUES ('3774', '230', 'Hai Phong', 'HP', '1');
INSERT INTO `ocksena_zone` (`zone_id`, `country_id`, `name`, `code`, `status`) VALUES ('3775', '230', 'Ha Nam', 'HM', '1');
INSERT INTO `ocksena_zone` (`zone_id`, `country_id`, `name`, `code`, `status`) VALUES ('3776', '230', 'Ha Noi', 'HI', '1');
INSERT INTO `ocksena_zone` (`zone_id`, `country_id`, `name`, `code`, `status`) VALUES ('3777', '230', 'Ha Tay', 'HT', '1');
INSERT INTO `ocksena_zone` (`zone_id`, `country_id`, `name`, `code`, `status`) VALUES ('3778', '230', 'Ha Tinh', 'HH', '1');
INSERT INTO `ocksena_zone` (`zone_id`, `country_id`, `name`, `code`, `status`) VALUES ('3779', '230', 'Hoa Binh', 'HB', '1');
INSERT INTO `ocksena_zone` (`zone_id`, `country_id`, `name`, `code`, `status`) VALUES ('3780', '230', 'Ho Chi Minh City', 'HC', '1');
INSERT INTO `ocksena_zone` (`zone_id`, `country_id`, `name`, `code`, `status`) VALUES ('3781', '230', 'Hau Giang', 'HU', '1');
INSERT INTO `ocksena_zone` (`zone_id`, `country_id`, `name`, `code`, `status`) VALUES ('3782', '230', 'Hung Yen', 'HY', '1');
INSERT INTO `ocksena_zone` (`zone_id`, `country_id`, `name`, `code`, `status`) VALUES ('3783', '232', 'Saint Croix', 'C', '1');
INSERT INTO `ocksena_zone` (`zone_id`, `country_id`, `name`, `code`, `status`) VALUES ('3784', '232', 'Saint John', 'J', '1');
INSERT INTO `ocksena_zone` (`zone_id`, `country_id`, `name`, `code`, `status`) VALUES ('3785', '232', 'Saint Thomas', 'T', '1');
INSERT INTO `ocksena_zone` (`zone_id`, `country_id`, `name`, `code`, `status`) VALUES ('3786', '233', 'Alo', 'A', '1');
INSERT INTO `ocksena_zone` (`zone_id`, `country_id`, `name`, `code`, `status`) VALUES ('3787', '233', 'Sigave', 'S', '1');
INSERT INTO `ocksena_zone` (`zone_id`, `country_id`, `name`, `code`, `status`) VALUES ('3788', '233', 'Wallis', 'W', '1');
INSERT INTO `ocksena_zone` (`zone_id`, `country_id`, `name`, `code`, `status`) VALUES ('3789', '235', 'Abyan', 'AB', '1');
INSERT INTO `ocksena_zone` (`zone_id`, `country_id`, `name`, `code`, `status`) VALUES ('3790', '235', 'Adan', 'AD', '1');
INSERT INTO `ocksena_zone` (`zone_id`, `country_id`, `name`, `code`, `status`) VALUES ('3791', '235', 'Amran', 'AM', '1');
INSERT INTO `ocksena_zone` (`zone_id`, `country_id`, `name`, `code`, `status`) VALUES ('3792', '235', 'Al Bayda', 'BA', '1');
INSERT INTO `ocksena_zone` (`zone_id`, `country_id`, `name`, `code`, `status`) VALUES ('3793', '235', 'Ad Dali', 'DA', '1');
INSERT INTO `ocksena_zone` (`zone_id`, `country_id`, `name`, `code`, `status`) VALUES ('3794', '235', 'Dhamar', 'DH', '1');
INSERT INTO `ocksena_zone` (`zone_id`, `country_id`, `name`, `code`, `status`) VALUES ('3795', '235', 'Hadramawt', 'HD', '1');
INSERT INTO `ocksena_zone` (`zone_id`, `country_id`, `name`, `code`, `status`) VALUES ('3796', '235', 'Hajjah', 'HJ', '1');
INSERT INTO `ocksena_zone` (`zone_id`, `country_id`, `name`, `code`, `status`) VALUES ('3797', '235', 'Al Hudaydah', 'HU', '1');
INSERT INTO `ocksena_zone` (`zone_id`, `country_id`, `name`, `code`, `status`) VALUES ('3798', '235', 'Ibb', 'IB', '1');
INSERT INTO `ocksena_zone` (`zone_id`, `country_id`, `name`, `code`, `status`) VALUES ('3799', '235', 'Al Jawf', 'JA', '1');
INSERT INTO `ocksena_zone` (`zone_id`, `country_id`, `name`, `code`, `status`) VALUES ('3800', '235', 'Lahij', 'LA', '1');
INSERT INTO `ocksena_zone` (`zone_id`, `country_id`, `name`, `code`, `status`) VALUES ('3801', '235', 'Ma\'rib', 'MA', '1');
INSERT INTO `ocksena_zone` (`zone_id`, `country_id`, `name`, `code`, `status`) VALUES ('3802', '235', 'Al Mahrah', 'MR', '1');
INSERT INTO `ocksena_zone` (`zone_id`, `country_id`, `name`, `code`, `status`) VALUES ('3803', '235', 'Al Mahwit', 'MW', '1');
INSERT INTO `ocksena_zone` (`zone_id`, `country_id`, `name`, `code`, `status`) VALUES ('3804', '235', 'Sa\'dah', 'SD', '1');
INSERT INTO `ocksena_zone` (`zone_id`, `country_id`, `name`, `code`, `status`) VALUES ('3805', '235', 'San\'a', 'SN', '1');
INSERT INTO `ocksena_zone` (`zone_id`, `country_id`, `name`, `code`, `status`) VALUES ('3806', '235', 'Shabwah', 'SH', '1');
INSERT INTO `ocksena_zone` (`zone_id`, `country_id`, `name`, `code`, `status`) VALUES ('3807', '235', 'Ta\'izz', 'TA', '1');
INSERT INTO `ocksena_zone` (`zone_id`, `country_id`, `name`, `code`, `status`) VALUES ('3812', '237', 'Bas-Congo', 'BC', '1');
INSERT INTO `ocksena_zone` (`zone_id`, `country_id`, `name`, `code`, `status`) VALUES ('3813', '237', 'Bandundu', 'BN', '1');
INSERT INTO `ocksena_zone` (`zone_id`, `country_id`, `name`, `code`, `status`) VALUES ('3814', '237', 'Equateur', 'EQ', '1');
INSERT INTO `ocksena_zone` (`zone_id`, `country_id`, `name`, `code`, `status`) VALUES ('3815', '237', 'Katanga', 'KA', '1');
INSERT INTO `ocksena_zone` (`zone_id`, `country_id`, `name`, `code`, `status`) VALUES ('3816', '237', 'Kasai-Oriental', 'KE', '1');
INSERT INTO `ocksena_zone` (`zone_id`, `country_id`, `name`, `code`, `status`) VALUES ('3817', '237', 'Kinshasa', 'KN', '1');
INSERT INTO `ocksena_zone` (`zone_id`, `country_id`, `name`, `code`, `status`) VALUES ('3818', '237', 'Kasai-Occidental', 'KW', '1');
INSERT INTO `ocksena_zone` (`zone_id`, `country_id`, `name`, `code`, `status`) VALUES ('3819', '237', 'Maniema', 'MA', '1');
INSERT INTO `ocksena_zone` (`zone_id`, `country_id`, `name`, `code`, `status`) VALUES ('3820', '237', 'Nord-Kivu', 'NK', '1');
INSERT INTO `ocksena_zone` (`zone_id`, `country_id`, `name`, `code`, `status`) VALUES ('3821', '237', 'Orientale', 'OR', '1');
INSERT INTO `ocksena_zone` (`zone_id`, `country_id`, `name`, `code`, `status`) VALUES ('3822', '237', 'Sud-Kivu', 'SK', '1');
INSERT INTO `ocksena_zone` (`zone_id`, `country_id`, `name`, `code`, `status`) VALUES ('3823', '238', 'Central', 'CE', '1');
INSERT INTO `ocksena_zone` (`zone_id`, `country_id`, `name`, `code`, `status`) VALUES ('3824', '238', 'Copperbelt', 'CB', '1');
INSERT INTO `ocksena_zone` (`zone_id`, `country_id`, `name`, `code`, `status`) VALUES ('3825', '238', 'Eastern', 'EA', '1');
INSERT INTO `ocksena_zone` (`zone_id`, `country_id`, `name`, `code`, `status`) VALUES ('3826', '238', 'Luapula', 'LP', '1');
INSERT INTO `ocksena_zone` (`zone_id`, `country_id`, `name`, `code`, `status`) VALUES ('3827', '238', 'Lusaka', 'LK', '1');
INSERT INTO `ocksena_zone` (`zone_id`, `country_id`, `name`, `code`, `status`) VALUES ('3828', '238', 'Northern', 'NO', '1');
INSERT INTO `ocksena_zone` (`zone_id`, `country_id`, `name`, `code`, `status`) VALUES ('3829', '238', 'North-Western', 'NW', '1');
INSERT INTO `ocksena_zone` (`zone_id`, `country_id`, `name`, `code`, `status`) VALUES ('3830', '238', 'Southern', 'SO', '1');
INSERT INTO `ocksena_zone` (`zone_id`, `country_id`, `name`, `code`, `status`) VALUES ('3831', '238', 'Western', 'WE', '1');
INSERT INTO `ocksena_zone` (`zone_id`, `country_id`, `name`, `code`, `status`) VALUES ('3832', '239', 'Bulawayo', 'BU', '1');
INSERT INTO `ocksena_zone` (`zone_id`, `country_id`, `name`, `code`, `status`) VALUES ('3833', '239', 'Harare', 'HA', '1');
INSERT INTO `ocksena_zone` (`zone_id`, `country_id`, `name`, `code`, `status`) VALUES ('3834', '239', 'Manicaland', 'ML', '1');
INSERT INTO `ocksena_zone` (`zone_id`, `country_id`, `name`, `code`, `status`) VALUES ('3835', '239', 'Mashonaland Central', 'MC', '1');
INSERT INTO `ocksena_zone` (`zone_id`, `country_id`, `name`, `code`, `status`) VALUES ('3836', '239', 'Mashonaland East', 'ME', '1');
INSERT INTO `ocksena_zone` (`zone_id`, `country_id`, `name`, `code`, `status`) VALUES ('3837', '239', 'Mashonaland West', 'MW', '1');
INSERT INTO `ocksena_zone` (`zone_id`, `country_id`, `name`, `code`, `status`) VALUES ('3838', '239', 'Masvingo', 'MV', '1');
INSERT INTO `ocksena_zone` (`zone_id`, `country_id`, `name`, `code`, `status`) VALUES ('3839', '239', 'Matabeleland North', 'MN', '1');
INSERT INTO `ocksena_zone` (`zone_id`, `country_id`, `name`, `code`, `status`) VALUES ('3840', '239', 'Matabeleland South', 'MS', '1');
INSERT INTO `ocksena_zone` (`zone_id`, `country_id`, `name`, `code`, `status`) VALUES ('3841', '239', 'Midlands', 'MD', '1');
INSERT INTO `ocksena_zone` (`zone_id`, `country_id`, `name`, `code`, `status`) VALUES ('3861', '105', 'Campobasso', 'CB', '1');
INSERT INTO `ocksena_zone` (`zone_id`, `country_id`, `name`, `code`, `status`) VALUES ('3862', '105', 'Carbonia-Iglesias', 'CI', '1');
INSERT INTO `ocksena_zone` (`zone_id`, `country_id`, `name`, `code`, `status`) VALUES ('3863', '105', 'Caserta', 'CE', '1');
INSERT INTO `ocksena_zone` (`zone_id`, `country_id`, `name`, `code`, `status`) VALUES ('3864', '105', 'Catania', 'CT', '1');
INSERT INTO `ocksena_zone` (`zone_id`, `country_id`, `name`, `code`, `status`) VALUES ('3865', '105', 'Catanzaro', 'CZ', '1');
INSERT INTO `ocksena_zone` (`zone_id`, `country_id`, `name`, `code`, `status`) VALUES ('3866', '105', 'Chieti', 'CH', '1');
INSERT INTO `ocksena_zone` (`zone_id`, `country_id`, `name`, `code`, `status`) VALUES ('3867', '105', 'Como', 'CO', '1');
INSERT INTO `ocksena_zone` (`zone_id`, `country_id`, `name`, `code`, `status`) VALUES ('3868', '105', 'Cosenza', 'CS', '1');
INSERT INTO `ocksena_zone` (`zone_id`, `country_id`, `name`, `code`, `status`) VALUES ('3869', '105', 'Cremona', 'CR', '1');
INSERT INTO `ocksena_zone` (`zone_id`, `country_id`, `name`, `code`, `status`) VALUES ('3870', '105', 'Crotone', 'KR', '1');
INSERT INTO `ocksena_zone` (`zone_id`, `country_id`, `name`, `code`, `status`) VALUES ('3871', '105', 'Cuneo', 'CN', '1');
INSERT INTO `ocksena_zone` (`zone_id`, `country_id`, `name`, `code`, `status`) VALUES ('3872', '105', 'Enna', 'EN', '1');
INSERT INTO `ocksena_zone` (`zone_id`, `country_id`, `name`, `code`, `status`) VALUES ('3873', '105', 'Ferrara', 'FE', '1');
INSERT INTO `ocksena_zone` (`zone_id`, `country_id`, `name`, `code`, `status`) VALUES ('3874', '105', 'Firenze', 'FI', '1');
INSERT INTO `ocksena_zone` (`zone_id`, `country_id`, `name`, `code`, `status`) VALUES ('3875', '105', 'Foggia', 'FG', '1');
INSERT INTO `ocksena_zone` (`zone_id`, `country_id`, `name`, `code`, `status`) VALUES ('3876', '105', 'Forli-Cesena', 'FC', '1');
INSERT INTO `ocksena_zone` (`zone_id`, `country_id`, `name`, `code`, `status`) VALUES ('3877', '105', 'Frosinone', 'FR', '1');
INSERT INTO `ocksena_zone` (`zone_id`, `country_id`, `name`, `code`, `status`) VALUES ('3878', '105', 'Genova', 'GE', '1');
INSERT INTO `ocksena_zone` (`zone_id`, `country_id`, `name`, `code`, `status`) VALUES ('3879', '105', 'Gorizia', 'GO', '1');
INSERT INTO `ocksena_zone` (`zone_id`, `country_id`, `name`, `code`, `status`) VALUES ('3880', '105', 'Grosseto', 'GR', '1');
INSERT INTO `ocksena_zone` (`zone_id`, `country_id`, `name`, `code`, `status`) VALUES ('3881', '105', 'Imperia', 'IM', '1');
INSERT INTO `ocksena_zone` (`zone_id`, `country_id`, `name`, `code`, `status`) VALUES ('3882', '105', 'Isernia', 'IS', '1');
INSERT INTO `ocksena_zone` (`zone_id`, `country_id`, `name`, `code`, `status`) VALUES ('3883', '105', 'L&#39;Aquila', 'AQ', '1');
INSERT INTO `ocksena_zone` (`zone_id`, `country_id`, `name`, `code`, `status`) VALUES ('3884', '105', 'La Spezia', 'SP', '1');
INSERT INTO `ocksena_zone` (`zone_id`, `country_id`, `name`, `code`, `status`) VALUES ('3885', '105', 'Latina', 'LT', '1');
INSERT INTO `ocksena_zone` (`zone_id`, `country_id`, `name`, `code`, `status`) VALUES ('3886', '105', 'Lecce', 'LE', '1');
INSERT INTO `ocksena_zone` (`zone_id`, `country_id`, `name`, `code`, `status`) VALUES ('3887', '105', 'Lecco', 'LC', '1');
INSERT INTO `ocksena_zone` (`zone_id`, `country_id`, `name`, `code`, `status`) VALUES ('3888', '105', 'Livorno', 'LI', '1');
INSERT INTO `ocksena_zone` (`zone_id`, `country_id`, `name`, `code`, `status`) VALUES ('3889', '105', 'Lodi', 'LO', '1');
INSERT INTO `ocksena_zone` (`zone_id`, `country_id`, `name`, `code`, `status`) VALUES ('3890', '105', 'Lucca', 'LU', '1');
INSERT INTO `ocksena_zone` (`zone_id`, `country_id`, `name`, `code`, `status`) VALUES ('3891', '105', 'Macerata', 'MC', '1');
INSERT INTO `ocksena_zone` (`zone_id`, `country_id`, `name`, `code`, `status`) VALUES ('3892', '105', 'Mantova', 'MN', '1');
INSERT INTO `ocksena_zone` (`zone_id`, `country_id`, `name`, `code`, `status`) VALUES ('3893', '105', 'Massa-Carrara', 'MS', '1');
INSERT INTO `ocksena_zone` (`zone_id`, `country_id`, `name`, `code`, `status`) VALUES ('3894', '105', 'Matera', 'MT', '1');
INSERT INTO `ocksena_zone` (`zone_id`, `country_id`, `name`, `code`, `status`) VALUES ('3895', '105', 'Medio Campidano', 'VS', '1');
INSERT INTO `ocksena_zone` (`zone_id`, `country_id`, `name`, `code`, `status`) VALUES ('3896', '105', 'Messina', 'ME', '1');
INSERT INTO `ocksena_zone` (`zone_id`, `country_id`, `name`, `code`, `status`) VALUES ('3897', '105', 'Milano', 'MI', '1');
INSERT INTO `ocksena_zone` (`zone_id`, `country_id`, `name`, `code`, `status`) VALUES ('3898', '105', 'Modena', 'MO', '1');
INSERT INTO `ocksena_zone` (`zone_id`, `country_id`, `name`, `code`, `status`) VALUES ('3899', '105', 'Napoli', 'NA', '1');
INSERT INTO `ocksena_zone` (`zone_id`, `country_id`, `name`, `code`, `status`) VALUES ('3900', '105', 'Novara', 'NO', '1');
INSERT INTO `ocksena_zone` (`zone_id`, `country_id`, `name`, `code`, `status`) VALUES ('3901', '105', 'Nuoro', 'NU', '1');
INSERT INTO `ocksena_zone` (`zone_id`, `country_id`, `name`, `code`, `status`) VALUES ('3902', '105', 'Ogliastra', 'OG', '1');
INSERT INTO `ocksena_zone` (`zone_id`, `country_id`, `name`, `code`, `status`) VALUES ('3903', '105', 'Olbia-Tempio', 'OT', '1');
INSERT INTO `ocksena_zone` (`zone_id`, `country_id`, `name`, `code`, `status`) VALUES ('3904', '105', 'Oristano', 'OR', '1');
INSERT INTO `ocksena_zone` (`zone_id`, `country_id`, `name`, `code`, `status`) VALUES ('3905', '105', 'Padova', 'PD', '1');
INSERT INTO `ocksena_zone` (`zone_id`, `country_id`, `name`, `code`, `status`) VALUES ('3906', '105', 'Palermo', 'PA', '1');
INSERT INTO `ocksena_zone` (`zone_id`, `country_id`, `name`, `code`, `status`) VALUES ('3907', '105', 'Parma', 'PR', '1');
INSERT INTO `ocksena_zone` (`zone_id`, `country_id`, `name`, `code`, `status`) VALUES ('3908', '105', 'Pavia', 'PV', '1');
INSERT INTO `ocksena_zone` (`zone_id`, `country_id`, `name`, `code`, `status`) VALUES ('3909', '105', 'Perugia', 'PG', '1');
INSERT INTO `ocksena_zone` (`zone_id`, `country_id`, `name`, `code`, `status`) VALUES ('3910', '105', 'Pesaro e Urbino', 'PU', '1');
INSERT INTO `ocksena_zone` (`zone_id`, `country_id`, `name`, `code`, `status`) VALUES ('3911', '105', 'Pescara', 'PE', '1');
INSERT INTO `ocksena_zone` (`zone_id`, `country_id`, `name`, `code`, `status`) VALUES ('3912', '105', 'Piacenza', 'PC', '1');
INSERT INTO `ocksena_zone` (`zone_id`, `country_id`, `name`, `code`, `status`) VALUES ('3913', '105', 'Pisa', 'PI', '1');
INSERT INTO `ocksena_zone` (`zone_id`, `country_id`, `name`, `code`, `status`) VALUES ('3914', '105', 'Pistoia', 'PT', '1');
INSERT INTO `ocksena_zone` (`zone_id`, `country_id`, `name`, `code`, `status`) VALUES ('3915', '105', 'Pordenone', 'PN', '1');
INSERT INTO `ocksena_zone` (`zone_id`, `country_id`, `name`, `code`, `status`) VALUES ('3916', '105', 'Potenza', 'PZ', '1');
INSERT INTO `ocksena_zone` (`zone_id`, `country_id`, `name`, `code`, `status`) VALUES ('3917', '105', 'Prato', 'PO', '1');
INSERT INTO `ocksena_zone` (`zone_id`, `country_id`, `name`, `code`, `status`) VALUES ('3918', '105', 'Ragusa', 'RG', '1');
INSERT INTO `ocksena_zone` (`zone_id`, `country_id`, `name`, `code`, `status`) VALUES ('3919', '105', 'Ravenna', 'RA', '1');
INSERT INTO `ocksena_zone` (`zone_id`, `country_id`, `name`, `code`, `status`) VALUES ('3920', '105', 'Reggio Calabria', 'RC', '1');
INSERT INTO `ocksena_zone` (`zone_id`, `country_id`, `name`, `code`, `status`) VALUES ('3921', '105', 'Reggio Emilia', 'RE', '1');
INSERT INTO `ocksena_zone` (`zone_id`, `country_id`, `name`, `code`, `status`) VALUES ('3922', '105', 'Rieti', 'RI', '1');
INSERT INTO `ocksena_zone` (`zone_id`, `country_id`, `name`, `code`, `status`) VALUES ('3923', '105', 'Rimini', 'RN', '1');
INSERT INTO `ocksena_zone` (`zone_id`, `country_id`, `name`, `code`, `status`) VALUES ('3924', '105', 'Roma', 'RM', '1');
INSERT INTO `ocksena_zone` (`zone_id`, `country_id`, `name`, `code`, `status`) VALUES ('3925', '105', 'Rovigo', 'RO', '1');
INSERT INTO `ocksena_zone` (`zone_id`, `country_id`, `name`, `code`, `status`) VALUES ('3926', '105', 'Salerno', 'SA', '1');
INSERT INTO `ocksena_zone` (`zone_id`, `country_id`, `name`, `code`, `status`) VALUES ('3927', '105', 'Sassari', 'SS', '1');
INSERT INTO `ocksena_zone` (`zone_id`, `country_id`, `name`, `code`, `status`) VALUES ('3928', '105', 'Savona', 'SV', '1');
INSERT INTO `ocksena_zone` (`zone_id`, `country_id`, `name`, `code`, `status`) VALUES ('3929', '105', 'Siena', 'SI', '1');
INSERT INTO `ocksena_zone` (`zone_id`, `country_id`, `name`, `code`, `status`) VALUES ('3930', '105', 'Siracusa', 'SR', '1');
INSERT INTO `ocksena_zone` (`zone_id`, `country_id`, `name`, `code`, `status`) VALUES ('3931', '105', 'Sondrio', 'SO', '1');
INSERT INTO `ocksena_zone` (`zone_id`, `country_id`, `name`, `code`, `status`) VALUES ('3932', '105', 'Taranto', 'TA', '1');
INSERT INTO `ocksena_zone` (`zone_id`, `country_id`, `name`, `code`, `status`) VALUES ('3933', '105', 'Teramo', 'TE', '1');
INSERT INTO `ocksena_zone` (`zone_id`, `country_id`, `name`, `code`, `status`) VALUES ('3934', '105', 'Terni', 'TR', '1');
INSERT INTO `ocksena_zone` (`zone_id`, `country_id`, `name`, `code`, `status`) VALUES ('3935', '105', 'Torino', 'TO', '1');
INSERT INTO `ocksena_zone` (`zone_id`, `country_id`, `name`, `code`, `status`) VALUES ('3936', '105', 'Trapani', 'TP', '1');
INSERT INTO `ocksena_zone` (`zone_id`, `country_id`, `name`, `code`, `status`) VALUES ('3937', '105', 'Trento', 'TN', '1');
INSERT INTO `ocksena_zone` (`zone_id`, `country_id`, `name`, `code`, `status`) VALUES ('3938', '105', 'Treviso', 'TV', '1');
INSERT INTO `ocksena_zone` (`zone_id`, `country_id`, `name`, `code`, `status`) VALUES ('3939', '105', 'Trieste', 'TS', '1');
INSERT INTO `ocksena_zone` (`zone_id`, `country_id`, `name`, `code`, `status`) VALUES ('3940', '105', 'Udine', 'UD', '1');
INSERT INTO `ocksena_zone` (`zone_id`, `country_id`, `name`, `code`, `status`) VALUES ('3941', '105', 'Varese', 'VA', '1');
INSERT INTO `ocksena_zone` (`zone_id`, `country_id`, `name`, `code`, `status`) VALUES ('3942', '105', 'Venezia', 'VE', '1');
INSERT INTO `ocksena_zone` (`zone_id`, `country_id`, `name`, `code`, `status`) VALUES ('3943', '105', 'Verbano-Cusio-Ossola', 'VB', '1');
INSERT INTO `ocksena_zone` (`zone_id`, `country_id`, `name`, `code`, `status`) VALUES ('3944', '105', 'Vercelli', 'VC', '1');
INSERT INTO `ocksena_zone` (`zone_id`, `country_id`, `name`, `code`, `status`) VALUES ('3945', '105', 'Verona', 'VR', '1');
INSERT INTO `ocksena_zone` (`zone_id`, `country_id`, `name`, `code`, `status`) VALUES ('3946', '105', 'Vibo Valentia', 'VV', '1');
INSERT INTO `ocksena_zone` (`zone_id`, `country_id`, `name`, `code`, `status`) VALUES ('3947', '105', 'Vicenza', 'VI', '1');
INSERT INTO `ocksena_zone` (`zone_id`, `country_id`, `name`, `code`, `status`) VALUES ('3948', '105', 'Viterbo', 'VT', '1');
INSERT INTO `ocksena_zone` (`zone_id`, `country_id`, `name`, `code`, `status`) VALUES ('3949', '222', 'County Antrim', 'ANT', '1');
INSERT INTO `ocksena_zone` (`zone_id`, `country_id`, `name`, `code`, `status`) VALUES ('3950', '222', 'County Armagh', 'ARM', '1');
INSERT INTO `ocksena_zone` (`zone_id`, `country_id`, `name`, `code`, `status`) VALUES ('3951', '222', 'County Down', 'DOW', '1');
INSERT INTO `ocksena_zone` (`zone_id`, `country_id`, `name`, `code`, `status`) VALUES ('3952', '222', 'County Fermanagh', 'FER', '1');
INSERT INTO `ocksena_zone` (`zone_id`, `country_id`, `name`, `code`, `status`) VALUES ('3953', '222', 'County Londonderry', 'LDY', '1');
INSERT INTO `ocksena_zone` (`zone_id`, `country_id`, `name`, `code`, `status`) VALUES ('3954', '222', 'County Tyrone', 'TYR', '1');
INSERT INTO `ocksena_zone` (`zone_id`, `country_id`, `name`, `code`, `status`) VALUES ('3955', '222', 'Cumbria', 'CMA', '1');
INSERT INTO `ocksena_zone` (`zone_id`, `country_id`, `name`, `code`, `status`) VALUES ('3956', '190', 'Pomurska', '1', '1');
INSERT INTO `ocksena_zone` (`zone_id`, `country_id`, `name`, `code`, `status`) VALUES ('3957', '190', 'Podravska', '2', '1');
INSERT INTO `ocksena_zone` (`zone_id`, `country_id`, `name`, `code`, `status`) VALUES ('3958', '190', 'Koroška', '3', '1');
INSERT INTO `ocksena_zone` (`zone_id`, `country_id`, `name`, `code`, `status`) VALUES ('3959', '190', 'Savinjska', '4', '1');
INSERT INTO `ocksena_zone` (`zone_id`, `country_id`, `name`, `code`, `status`) VALUES ('3960', '190', 'Zasavska', '5', '1');
INSERT INTO `ocksena_zone` (`zone_id`, `country_id`, `name`, `code`, `status`) VALUES ('3961', '190', 'Spodnjeposavska', '6', '1');
INSERT INTO `ocksena_zone` (`zone_id`, `country_id`, `name`, `code`, `status`) VALUES ('3962', '190', 'Jugovzhodna Slovenija', '7', '1');
INSERT INTO `ocksena_zone` (`zone_id`, `country_id`, `name`, `code`, `status`) VALUES ('3963', '190', 'Osrednjeslovenska', '8', '1');
INSERT INTO `ocksena_zone` (`zone_id`, `country_id`, `name`, `code`, `status`) VALUES ('3964', '190', 'Gorenjska', '9', '1');
INSERT INTO `ocksena_zone` (`zone_id`, `country_id`, `name`, `code`, `status`) VALUES ('3965', '190', 'Notranjsko-kraška', '10', '1');
INSERT INTO `ocksena_zone` (`zone_id`, `country_id`, `name`, `code`, `status`) VALUES ('3966', '190', 'Goriška', '11', '1');
INSERT INTO `ocksena_zone` (`zone_id`, `country_id`, `name`, `code`, `status`) VALUES ('3967', '190', 'Obalno-kraška', '12', '1');
INSERT INTO `ocksena_zone` (`zone_id`, `country_id`, `name`, `code`, `status`) VALUES ('3968', '33', 'Ruse', '', '1');
INSERT INTO `ocksena_zone` (`zone_id`, `country_id`, `name`, `code`, `status`) VALUES ('3969', '101', 'Alborz', 'ALB', '1');
INSERT INTO `ocksena_zone` (`zone_id`, `country_id`, `name`, `code`, `status`) VALUES ('3970', '21', 'Brussels-Capital Region', 'BRU', '1');
INSERT INTO `ocksena_zone` (`zone_id`, `country_id`, `name`, `code`, `status`) VALUES ('3971', '138', 'Aguascalientes', 'AG', '1');
INSERT INTO `ocksena_zone` (`zone_id`, `country_id`, `name`, `code`, `status`) VALUES ('3972', '222', 'Isle of Man', 'IOM', '1');
INSERT INTO `ocksena_zone` (`zone_id`, `country_id`, `name`, `code`, `status`) VALUES ('3973', '242', 'Andrijevica', '01', '1');
INSERT INTO `ocksena_zone` (`zone_id`, `country_id`, `name`, `code`, `status`) VALUES ('3974', '242', 'Bar', '02', '1');
INSERT INTO `ocksena_zone` (`zone_id`, `country_id`, `name`, `code`, `status`) VALUES ('3975', '242', 'Berane', '03', '1');
INSERT INTO `ocksena_zone` (`zone_id`, `country_id`, `name`, `code`, `status`) VALUES ('3976', '242', 'Bijelo Polje', '04', '1');
INSERT INTO `ocksena_zone` (`zone_id`, `country_id`, `name`, `code`, `status`) VALUES ('3977', '242', 'Budva', '05', '1');
INSERT INTO `ocksena_zone` (`zone_id`, `country_id`, `name`, `code`, `status`) VALUES ('3978', '242', 'Cetinje', '06', '1');
INSERT INTO `ocksena_zone` (`zone_id`, `country_id`, `name`, `code`, `status`) VALUES ('3979', '242', 'Danilovgrad', '07', '1');
INSERT INTO `ocksena_zone` (`zone_id`, `country_id`, `name`, `code`, `status`) VALUES ('3980', '242', 'Herceg-Novi', '08', '1');
INSERT INTO `ocksena_zone` (`zone_id`, `country_id`, `name`, `code`, `status`) VALUES ('3981', '242', 'Kolašin', '09', '1');
INSERT INTO `ocksena_zone` (`zone_id`, `country_id`, `name`, `code`, `status`) VALUES ('3982', '242', 'Kotor', '10', '1');
INSERT INTO `ocksena_zone` (`zone_id`, `country_id`, `name`, `code`, `status`) VALUES ('3983', '242', 'Mojkovac', '11', '1');
INSERT INTO `ocksena_zone` (`zone_id`, `country_id`, `name`, `code`, `status`) VALUES ('3984', '242', 'Nikšić', '12', '1');
INSERT INTO `ocksena_zone` (`zone_id`, `country_id`, `name`, `code`, `status`) VALUES ('3985', '242', 'Plav', '13', '1');
INSERT INTO `ocksena_zone` (`zone_id`, `country_id`, `name`, `code`, `status`) VALUES ('3986', '242', 'Pljevlja', '14', '1');
INSERT INTO `ocksena_zone` (`zone_id`, `country_id`, `name`, `code`, `status`) VALUES ('3987', '242', 'Plužine', '15', '1');
INSERT INTO `ocksena_zone` (`zone_id`, `country_id`, `name`, `code`, `status`) VALUES ('3988', '242', 'Podgorica', '16', '1');
INSERT INTO `ocksena_zone` (`zone_id`, `country_id`, `name`, `code`, `status`) VALUES ('3989', '242', 'Rožaje', '17', '1');
INSERT INTO `ocksena_zone` (`zone_id`, `country_id`, `name`, `code`, `status`) VALUES ('3990', '242', 'Šavnik', '18', '1');
INSERT INTO `ocksena_zone` (`zone_id`, `country_id`, `name`, `code`, `status`) VALUES ('3991', '242', 'Tivat', '19', '1');
INSERT INTO `ocksena_zone` (`zone_id`, `country_id`, `name`, `code`, `status`) VALUES ('3992', '242', 'Ulcinj', '20', '1');
INSERT INTO `ocksena_zone` (`zone_id`, `country_id`, `name`, `code`, `status`) VALUES ('3993', '242', 'Žabljak', '21', '1');
INSERT INTO `ocksena_zone` (`zone_id`, `country_id`, `name`, `code`, `status`) VALUES ('3994', '243', 'Belgrade', '00', '1');
INSERT INTO `ocksena_zone` (`zone_id`, `country_id`, `name`, `code`, `status`) VALUES ('3995', '243', 'North Bačka', '01', '1');
INSERT INTO `ocksena_zone` (`zone_id`, `country_id`, `name`, `code`, `status`) VALUES ('3996', '243', 'Central Banat', '02', '1');
INSERT INTO `ocksena_zone` (`zone_id`, `country_id`, `name`, `code`, `status`) VALUES ('3997', '243', 'North Banat', '03', '1');
INSERT INTO `ocksena_zone` (`zone_id`, `country_id`, `name`, `code`, `status`) VALUES ('3998', '243', 'South Banat', '04', '1');
INSERT INTO `ocksena_zone` (`zone_id`, `country_id`, `name`, `code`, `status`) VALUES ('3999', '243', 'West Bačka', '05', '1');
INSERT INTO `ocksena_zone` (`zone_id`, `country_id`, `name`, `code`, `status`) VALUES ('4000', '243', 'South Bačka', '06', '1');
INSERT INTO `ocksena_zone` (`zone_id`, `country_id`, `name`, `code`, `status`) VALUES ('4001', '243', 'Srem', '07', '1');
INSERT INTO `ocksena_zone` (`zone_id`, `country_id`, `name`, `code`, `status`) VALUES ('4002', '243', 'Mačva', '08', '1');
INSERT INTO `ocksena_zone` (`zone_id`, `country_id`, `name`, `code`, `status`) VALUES ('4003', '243', 'Kolubara', '09', '1');
INSERT INTO `ocksena_zone` (`zone_id`, `country_id`, `name`, `code`, `status`) VALUES ('4004', '243', 'Podunavlje', '10', '1');
INSERT INTO `ocksena_zone` (`zone_id`, `country_id`, `name`, `code`, `status`) VALUES ('4005', '243', 'Braničevo', '11', '1');
INSERT INTO `ocksena_zone` (`zone_id`, `country_id`, `name`, `code`, `status`) VALUES ('4006', '243', 'Šumadija', '12', '1');
INSERT INTO `ocksena_zone` (`zone_id`, `country_id`, `name`, `code`, `status`) VALUES ('4007', '243', 'Pomoravlje', '13', '1');
INSERT INTO `ocksena_zone` (`zone_id`, `country_id`, `name`, `code`, `status`) VALUES ('4008', '243', 'Bor', '14', '1');
INSERT INTO `ocksena_zone` (`zone_id`, `country_id`, `name`, `code`, `status`) VALUES ('4009', '243', 'Zaječar', '15', '1');
INSERT INTO `ocksena_zone` (`zone_id`, `country_id`, `name`, `code`, `status`) VALUES ('4010', '243', 'Zlatibor', '16', '1');
INSERT INTO `ocksena_zone` (`zone_id`, `country_id`, `name`, `code`, `status`) VALUES ('4011', '243', 'Moravica', '17', '1');
INSERT INTO `ocksena_zone` (`zone_id`, `country_id`, `name`, `code`, `status`) VALUES ('4012', '243', 'Raška', '18', '1');
INSERT INTO `ocksena_zone` (`zone_id`, `country_id`, `name`, `code`, `status`) VALUES ('4013', '243', 'Rasina', '19', '1');
INSERT INTO `ocksena_zone` (`zone_id`, `country_id`, `name`, `code`, `status`) VALUES ('4014', '243', 'Nišava', '20', '1');
INSERT INTO `ocksena_zone` (`zone_id`, `country_id`, `name`, `code`, `status`) VALUES ('4015', '243', 'Toplica', '21', '1');
INSERT INTO `ocksena_zone` (`zone_id`, `country_id`, `name`, `code`, `status`) VALUES ('4016', '243', 'Pirot', '22', '1');
INSERT INTO `ocksena_zone` (`zone_id`, `country_id`, `name`, `code`, `status`) VALUES ('4017', '243', 'Jablanica', '23', '1');
INSERT INTO `ocksena_zone` (`zone_id`, `country_id`, `name`, `code`, `status`) VALUES ('4018', '243', 'Pčinja', '24', '1');
INSERT INTO `ocksena_zone` (`zone_id`, `country_id`, `name`, `code`, `status`) VALUES ('4019', '243', 'Kosovo', 'KM', '1');
INSERT INTO `ocksena_zone` (`zone_id`, `country_id`, `name`, `code`, `status`) VALUES ('4020', '245', 'Bonaire', 'BO', '1');
INSERT INTO `ocksena_zone` (`zone_id`, `country_id`, `name`, `code`, `status`) VALUES ('4021', '245', 'Saba', 'SA', '1');
INSERT INTO `ocksena_zone` (`zone_id`, `country_id`, `name`, `code`, `status`) VALUES ('4022', '245', 'Sint Eustatius', 'SE', '1');
INSERT INTO `ocksena_zone` (`zone_id`, `country_id`, `name`, `code`, `status`) VALUES ('4023', '248', 'Central Equatoria', 'EC', '1');
INSERT INTO `ocksena_zone` (`zone_id`, `country_id`, `name`, `code`, `status`) VALUES ('4024', '248', 'Eastern Equatoria', 'EE', '1');
INSERT INTO `ocksena_zone` (`zone_id`, `country_id`, `name`, `code`, `status`) VALUES ('4025', '248', 'Jonglei', 'JG', '1');
INSERT INTO `ocksena_zone` (`zone_id`, `country_id`, `name`, `code`, `status`) VALUES ('4026', '248', 'Lakes', 'LK', '1');
INSERT INTO `ocksena_zone` (`zone_id`, `country_id`, `name`, `code`, `status`) VALUES ('4027', '248', 'Northern Bahr el-Ghazal', 'BN', '1');
INSERT INTO `ocksena_zone` (`zone_id`, `country_id`, `name`, `code`, `status`) VALUES ('4028', '248', 'Unity', 'UY', '1');
INSERT INTO `ocksena_zone` (`zone_id`, `country_id`, `name`, `code`, `status`) VALUES ('4029', '248', 'Upper Nile', 'NU', '1');
INSERT INTO `ocksena_zone` (`zone_id`, `country_id`, `name`, `code`, `status`) VALUES ('4030', '248', 'Warrap', 'WR', '1');
INSERT INTO `ocksena_zone` (`zone_id`, `country_id`, `name`, `code`, `status`) VALUES ('4031', '248', 'Western Bahr el-Ghazal', 'BW', '1');
INSERT INTO `ocksena_zone` (`zone_id`, `country_id`, `name`, `code`, `status`) VALUES ('4032', '248', 'Western Equatoria', 'EW', '1');


TRUNCATE TABLE `ocksena_zone_to_geo_zone`;

INSERT INTO `ocksena_zone_to_geo_zone` (`zone_to_geo_zone_id`, `country_id`, `zone_id`, `geo_zone_id`, `date_added`, `date_modified`) VALUES ('57', '222', '0', '3', '2010-02-26 22:33:24', '0000-00-00 00:00:00');
INSERT INTO `ocksena_zone_to_geo_zone` (`zone_to_geo_zone_id`, `country_id`, `zone_id`, `geo_zone_id`, `date_added`, `date_modified`) VALUES ('65', '222', '0', '4', '2010-12-15 15:18:13', '0000-00-00 00:00:00');


